run_id,source,size,model_seed,finding,method,calibration_intercept,calibration_joint_intercept,calibration_slope,diagnostic_status,AUROC,average_precision
chexpert_nall_seed1_densenet121_matched,chexpert,all,1,Cardiomegaly,raw,-2.012537981665763,-1.9876513405988472,0.9497637763660755,fitted,0.9039657533541325,0.6532492285628608
chexpert_nall_seed1_densenet121_matched,chexpert,all,1,Cardiomegaly,source_logistic,-2.031496380547031,-2.137280464984763,1.2467953988166303,fitted,0.9039657533541325,0.6532492285628608
chexpert_nall_seed1_densenet121_matched,chexpert,all,1,Cardiomegaly,local_constant,,,,constant_score,0.5,0.109
chexpert_nall_seed1_densenet121_matched,chexpert,all,1,Cardiomegaly,local_intercept,0.2681573648426875,0.17925532951570872,0.9501447005288843,fitted,0.9039657533541325,0.6532492285628608
chexpert_nall_seed1_densenet121_matched,chexpert,all,1,Cardiomegaly,local_logistic,0.24160662290880747,0.3623806219616714,1.0672441121259941,fitted,0.9039657533541325,0.6532492285628608
chexpert_nall_seed1_densenet121_matched,chexpert,all,1,Pleural_Effusion,raw,-3.9764295819806876,-4.588466902054851,1.2254696029372043,fitted,0.980726363902461,0.7082487859701102
chexpert_nall_seed1_densenet121_matched,chexpert,all,1,Pleural_Effusion,source_logistic,-3.491019979964117,-4.563698986997651,1.5322195691162932,fitted,0.980726363902461,0.7082487859701102
chexpert_nall_seed1_densenet121_matched,chexpert,all,1,Pleural_Effusion,local_constant,,,,constant_score,0.5,0.0345
chexpert_nall_seed1_densenet121_matched,chexpert,all,1,Pleural_Effusion,local_intercept,0.01232695205432049,0.30095961630556556,1.2289421924945756,fitted,0.980726363902461,0.7082487859701102
chexpert_nall_seed1_densenet121_matched,chexpert,all,1,Pleural_Effusion,local_logistic,0.03317719032549721,0.12600247503505577,1.0785068832256357,fitted,0.980726363902461,0.7082487859701102
chexpert_nall_seed1_densenet121_matched,chexpert,all,1,Atelectasis,raw,-5.7727254252512665,-6.573862140046668,1.258443876482982,fitted,0.8776354163845022,0.21772419911146945
chexpert_nall_seed1_densenet121_matched,chexpert,all,1,Atelectasis,source_logistic,-5.673681803940916,-8.345386632574613,1.9808035055390607,fitted,0.8776354163845022,0.21772419911146945
chexpert_nall_seed1_densenet121_matched,chexpert,all,1,Atelectasis,local_constant,,,,constant_score,0.5,0.0285
chexpert_nall_seed1_densenet121_matched,chexpert,all,1,Atelectasis,local_intercept,-0.03393943248547692,0.649325668128123,1.2590884894388905,fitted,0.8776354163845022,0.21772419911146945
chexpert_nall_seed1_densenet121_matched,chexpert,all,1,Atelectasis,local_logistic,-0.039014015280771565,0.19797895904911997,1.093214547648113,fitted,0.8776354163845022,0.21772419911146945
chexpert_nall_seed1_densenet121_matched,chexpert,all,1,Consolidation,raw,-3.5425966344239908,-3.0905656005375404,0.7277176870395916,fitted,0.9182667461737228,0.45348057418776244
chexpert_nall_seed1_densenet121_matched,chexpert,all,1,Consolidation,source_logistic,-2.9806635374655817,-2.934345440183968,0.9469438717082048,fitted,0.9182667461737228,0.45348057418776244
chexpert_nall_seed1_densenet121_matched,chexpert,all,1,Consolidation,local_constant,,,,constant_score,0.5,0.0325
chexpert_nall_seed1_densenet121_matched,chexpert,all,1,Consolidation,local_intercept,0.13494197876419517,-0.4158779475692356,0.7274486979411092,fitted,0.9182667461737228,0.45348057418776244
chexpert_nall_seed1_densenet121_matched,chexpert,all,1,Consolidation,local_logistic,0.05837977466239753,0.1789569888174941,1.0538073336194418,fitted,0.9182667461737228,0.45348057418776244
nih_nall_seed1_densenet121_matched,nih,all,1,Cardiomegaly,raw,2.624484732132862,1.4594025621545732,0.7062660978512026,fitted,0.8739947898969306,0.5387935224278725
nih_nall_seed1_densenet121_matched,nih,all,1,Cardiomegaly,source_logistic,2.1266459099678525,2.1793032261772813,1.0146119546730656,fitted,0.8739947898969306,0.5387935224278725
nih_nall_seed1_densenet121_matched,nih,all,1,Cardiomegaly,local_constant,,,,constant_score,0.5,0.109
nih_nall_seed1_densenet121_matched,nih,all,1,Cardiomegaly,local_intercept,0.21759852914681196,-0.24071454574018225,0.7061506521145161,fitted,0.8739947898969306,0.5387935224278725
nih_nall_seed1_densenet121_matched,nih,all,1,Cardiomegaly,local_logistic,0.19162111458041844,0.059796478025656095,0.9193126107579761,fitted,0.8739947898969306,0.5387935224278725
nih_nall_seed1_densenet121_matched,nih,all,1,Pleural_Effusion,raw,-0.37312744572711926,0.016812502516286715,1.272339165103238,fitted,0.9517145880710604,0.6950484981094736
nih_nall_seed1_densenet121_matched,nih,all,1,Pleural_Effusion,source_logistic,-0.5631055136126488,0.552619757914743,1.7445600426463437,fitted,0.9517145880710604,0.6950484981094736
nih_nall_seed1_densenet121_matched,nih,all,1,Pleural_Effusion,local_constant,,,,constant_score,0.5,0.0345
nih_nall_seed1_densenet121_matched,nih,all,1,Pleural_Effusion,local_intercept,-0.06240149103838114,0.4131572786773107,1.2724733980795928,fitted,0.9517145880710604,0.6950484981094736
nih_nall_seed1_densenet121_matched,nih,all,1,Pleural_Effusion,local_logistic,-0.03841540143578385,-0.10566039356299253,0.9571765935602574,fitted,0.9517145880710604,0.6950484981094736
nih_nall_seed1_densenet121_matched,nih,all,1,Atelectasis,raw,-0.49924553780421066,-1.0125441624961826,0.7639825619528657,fitted,0.8365928975810601,0.14974977052153365
nih_nall_seed1_densenet121_matched,nih,all,1,Atelectasis,source_logistic,-0.757497219643627,-0.300806087540989,1.210500663407252,fitted,0.8365928975810601,0.14974977052153365
nih_nall_seed1_densenet121_matched,nih,all,1,Atelectasis,local_constant,,,,constant_score,0.5,0.0285
nih_nall_seed1_densenet121_matched,nih,all,1,Atelectasis,local_intercept,0.05558341452012755,-0.5903384780759396,0.7637513680243407,fitted,0.8365928975810601,0.14974977052153365
nih_nall_seed1_densenet121_matched,nih,all,1,Atelectasis,local_logistic,0.05421521723069226,-0.44436461679021394,0.8205703707144427,fitted,0.8365928975810601,0.14974977052153365
nih_nall_seed1_densenet121_matched,nih,all,1,Consolidation,raw,0.7447919577618645,0.9206619328601938,1.0542111170250685,fitted,0.8630172927847347,0.3460369684708527
nih_nall_seed1_densenet121_matched,nih,all,1,Consolidation,source_logistic,0.38652413560580573,2.269541562127618,1.602379887430916,fitted,0.8630172927847347,0.3460369684708527
nih_nall_seed1_densenet121_matched,nih,all,1,Consolidation,local_constant,,,,constant_score,0.5,0.0325
nih_nall_seed1_densenet121_matched,nih,all,1,Consolidation,local_intercept,-0.03562997876568351,0.09771194791535215,1.0540965314267632,fitted,0.8630172927847347,0.3460369684708527
nih_nall_seed1_densenet121_matched,nih,all,1,Consolidation,local_logistic,-0.02536942410579376,0.3277270886841492,1.140363195924821,fitted,0.8630172927847347,0.3460369684708527
chexpert_nall_seed2_densenet121_matched,chexpert,all,2,Cardiomegaly,raw,-2.319392307224824,-2.1757228626531995,0.8619934724741881,fitted,0.9149754424983783,0.6502520529730278
chexpert_nall_seed2_densenet121_matched,chexpert,all,2,Cardiomegaly,source_logistic,-2.1745088559233205,-2.2679844646255725,1.1217194192720605,fitted,0.9149754424983783,0.6502520529730278
chexpert_nall_seed2_densenet121_matched,chexpert,all,2,Cardiomegaly,local_constant,,,,constant_score,0.5,0.109
chexpert_nall_seed2_densenet121_matched,chexpert,all,2,Cardiomegaly,local_intercept,0.18559473284421354,-0.016249354865877044,0.86208680617121,fitted,0.9149754424983783,0.6502520529730278
chexpert_nall_seed2_densenet121_matched,chexpert,all,2,Cardiomegaly,local_logistic,0.16901924579524139,0.2314185452907343,1.0406279486218937,fitted,0.9149754424983783,0.6502520529730278
chexpert_nall_seed2_densenet121_matched,chexpert,all,2,Pleural_Effusion,raw,-3.9783168572427745,-4.40126434814333,1.1533801996213437,fitted,0.9811841878128776,0.6995173938473105
chexpert_nall_seed2_densenet121_matched,chexpert,all,2,Pleural_Effusion,source_logistic,-3.5397254360331196,-4.576233187680864,1.4974586825447533,fitted,0.9811841878128776,0.6995173938473105
chexpert_nall_seed2_densenet121_matched,chexpert,all,2,Pleural_Effusion,local_constant,,,,constant_score,0.5,0.0345
chexpert_nall_seed2_densenet121_matched,chexpert,all,2,Pleural_Effusion,local_intercept,-0.09073624473471507,0.08072134160307631,1.1549845676842503,fitted,0.9811841878128776,0.6995173938473105
chexpert_nall_seed2_densenet121_matched,chexpert,all,2,Pleural_Effusion,local_logistic,-0.09342064964197551,-0.019952329315129032,1.0692546435086236,fitted,0.9811841878128776,0.6995173938473105
chexpert_nall_seed2_densenet121_matched,chexpert,all,2,Atelectasis,raw,-6.4758918025910575,-6.49392307968463,1.0050609496299046,fitted,0.8405567444086283,0.09792524691245405
chexpert_nall_seed2_densenet121_matched,chexpert,all,2,Atelectasis,source_logistic,-6.190333447652865,-8.295683996581769,1.6754480200670536,fitted,0.8405567444086283,0.09792524691245405
chexpert_nall_seed2_densenet121_matched,chexpert,all,2,Atelectasis,local_constant,,,,constant_score,0.5,0.0285
chexpert_nall_seed2_densenet121_matched,chexpert,all,2,Atelectasis,local_intercept,-0.013731617318272028,0.0047487825121738745,1.0066367250533845,fitted,0.8405567444086283,0.09792524691245405
chexpert_nall_seed2_densenet121_matched,chexpert,all,2,Atelectasis,local_logistic,-0.014663801834488063,-0.09845558586329638,0.9703314595099222,fitted,0.8405567444086283,0.09792524691245405
chexpert_nall_seed2_densenet121_matched,chexpert,all,2,Consolidation,raw,-3.4600248230672985,-3.0396199843441787,0.7328021611159639,fitted,0.9100417412045319,0.49392640156956524
chexpert_nall_seed2_densenet121_matched,chexpert,all,2,Consolidation,source_logistic,-2.8908939203191197,-2.916047399525729,1.033175843382307,fitted,0.9100417412045319,0.49392640156956524
chexpert_nall_seed2_densenet121_matched,chexpert,all,2,Consolidation,local_constant,,,,constant_score,0.5,0.0325
chexpert_nall_seed2_densenet121_matched,chexpert,all,2,Consolidation,local_intercept,0.24037139064103336,-0.32831950258943476,0.7328822900124936,fitted,0.9100417412045319,0.49392640156956524
chexpert_nall_seed2_densenet121_matched,chexpert,all,2,Consolidation,local_logistic,0.13103429829255842,0.3735973727898114,1.1032851866948077,fitted,0.9100417412045319,0.49392640156956524
nih_nall_seed2_densenet121_matched,nih,all,2,Cardiomegaly,raw,2.995250769622016,1.564842994864435,0.6622060684191805,fitted,0.8880304059967667,0.5659174739615606
nih_nall_seed2_densenet121_matched,nih,all,2,Cardiomegaly,source_logistic,2.2604919045798484,2.260694393002871,1.0000210646943957,fitted,0.8880304059967667,0.5659174739615606
nih_nall_seed2_densenet121_matched,nih,all,2,Cardiomegaly,local_constant,,,,constant_score,0.5,0.109
nih_nall_seed2_densenet121_matched,nih,all,2,Cardiomegaly,local_intercept,0.2813032003072728,-0.23258468663398174,0.6622185854665187,fitted,0.8880304059967667,0.5659174739615606
nih_nall_seed2_densenet121_matched,nih,all,2,Cardiomegaly,local_logistic,0.2109261555177542,0.21062397569637245,0.9998222307749033,fitted,0.8880304059967667,0.5659174739615606
nih_nall_seed2_densenet121_matched,nih,all,2,Pleural_Effusion,raw,-0.2549322917013867,0.12460355295193239,1.2487810509609696,fitted,0.9588146113375213,0.6730441313810859
nih_nall_seed2_densenet121_matched,nih,all,2,Pleural_Effusion,source_logistic,-0.45910762174006725,0.676106792231467,1.7195124870740617,fitted,0.9588146113375213,0.6730441313810859
nih_nall_seed2_densenet121_matched,nih,all,2,Pleural_Effusion,local_constant,,,,constant_score,0.5,0.0345
nih_nall_seed2_densenet121_matched,nih,all,2,Pleural_Effusion,local_intercept,-0.042274731780070005,0.39178534775991475,1.2496348491915092,fitted,0.9588146113375213,0.6730441313810859
nih_nall_seed2_densenet121_matched,nih,all,2,Pleural_Effusion,local_logistic,-0.026594753738454276,0.09062433843151743,1.071535486444102,fitted,0.9588146113375213,0.6730441313810859
nih_nall_seed2_densenet121_matched,nih,all,2,Atelectasis,raw,-0.4077669876101047,-0.7569308228180891,0.8401730179760586,fitted,0.8620238191980207,0.17547637219403023
nih_nall_seed2_densenet121_matched,nih,all,2,Atelectasis,source_logistic,-0.6939601204134958,0.004731605707293085,1.322397779310854,fitted,0.8620238191980207,0.17547637219403023
nih_nall_seed2_densenet121_matched,nih,all,2,Atelectasis,local_constant,,,,constant_score,0.5,0.0285
nih_nall_seed2_densenet121_matched,nih,all,2,Atelectasis,local_intercept,0.010552279604006374,-0.4021975259378341,0.8407382642239768,fitted,0.8620238191980207,0.17547637219403023
nih_nall_seed2_densenet121_matched,nih,all,2,Atelectasis,local_logistic,0.011573016454413474,-0.37567019461629325,0.8511137745310297,fitted,0.8620238191980207,0.17547637219403023
nih_nall_seed2_densenet121_matched,nih,all,2,Consolidation,raw,0.6329308745029816,0.8923034599795523,1.0830706060391695,fitted,0.8778612601868416,0.38063397601436794
nih_nall_seed2_densenet121_matched,nih,all,2,Consolidation,source_logistic,0.34562970532527987,2.1425409738158794,1.5884754174051694,fitted,0.8778612601868416,0.38063397601436794
nih_nall_seed2_densenet121_matched,nih,all,2,Consolidation,local_constant,,,,constant_score,0.5,0.0325
nih_nall_seed2_densenet121_matched,nih,all,2,Consolidation,local_intercept,-0.006381621128715353,0.19992259217118685,1.083089538782804,fitted,0.8778612601868416,0.38063397601436794
nih_nall_seed2_densenet121_matched,nih,all,2,Consolidation,local_logistic,0.008974274723506604,0.6618669757030217,1.2527078122002122,fitted,0.8778612601868416,0.38063397601436794
chexpert_nall_seed3_densenet121_matched,chexpert,all,3,Cardiomegaly,raw,-2.182001761729013,-2.035123809511232,0.7842262896849398,fitted,0.89873376991114,0.6090465097849731
chexpert_nall_seed3_densenet121_matched,chexpert,all,3,Cardiomegaly,source_logistic,-2.088657996297883,-2.1186298107744355,1.0619229352887263,fitted,0.89873376991114,0.6090465097849731
chexpert_nall_seed3_densenet121_matched,chexpert,all,3,Cardiomegaly,local_constant,,,,constant_score,0.5,0.109
chexpert_nall_seed3_densenet121_matched,chexpert,all,3,Cardiomegaly,local_intercept,0.21266272151845605,-0.1580636105021536,0.7841228513691019,fitted,0.89873376991114,0.6090465097849731
chexpert_nall_seed3_densenet121_matched,chexpert,all,3,Cardiomegaly,local_logistic,0.18851383265578991,0.1100733784340726,0.95528849042366,fitted,0.89873376991114,0.6090465097849731
chexpert_nall_seed3_densenet121_matched,chexpert,all,3,Pleural_Effusion,raw,-4.263728694210814,-4.661226227672929,1.1310366699093575,fitted,0.9801034231718941,0.6753766572616455
chexpert_nall_seed3_densenet121_matched,chexpert,all,3,Pleural_Effusion,source_logistic,-3.6708592448382737,-4.608639087218065,1.4204145587042563,fitted,0.9801034231718941,0.6753766572616455
chexpert_nall_seed3_densenet121_matched,chexpert,all,3,Pleural_Effusion,local_constant,,,,constant_score,0.5,0.0345
chexpert_nall_seed3_densenet121_matched,chexpert,all,3,Pleural_Effusion,local_intercept,0.004234245403256486,0.16698035024475896,1.132507192638804,fitted,0.9801034231718941,0.6753766572616455
chexpert_nall_seed3_densenet121_matched,chexpert,all,3,Pleural_Effusion,local_logistic,0.006448517850933974,0.11196907480695803,1.0899566533370684,fitted,0.9801034231718941,0.6753766572616455
chexpert_nall_seed3_densenet121_matched,chexpert,all,3,Atelectasis,raw,-6.12320881341724,-6.289045529451723,1.0485332126431228,fitted,0.8555498370217876,0.1584923827645498
chexpert_nall_seed3_densenet121_matched,chexpert,all,3,Atelectasis,source_logistic,-5.926477087048456,-8.127526641405328,1.7449028575107526,fitted,0.8555498370217876,0.1584923827645498
chexpert_nall_seed3_densenet121_matched,chexpert,all,3,Atelectasis,local_constant,,,,constant_score,0.5,0.0285
chexpert_nall_seed3_densenet121_matched,chexpert,all,3,Atelectasis,local_intercept,-0.032708624724367634,0.09804419407589736,1.0487334959116252,fitted,0.8555498370217876,0.1584923827645498
chexpert_nall_seed3_densenet121_matched,chexpert,all,3,Atelectasis,local_logistic,-0.035020952798713575,-0.28635738854772397,0.903390863742319,fitted,0.8555498370217876,0.1584923827645498
chexpert_nall_seed3_densenet121_matched,chexpert,all,3,Consolidation,raw,-3.530818837971525,-3.032659538421752,0.7087728823009293,fitted,0.9241025641025642,0.49917263477125473
chexpert_nall_seed3_densenet121_matched,chexpert,all,3,Consolidation,source_logistic,-2.8386599548155655,-2.804155642682121,0.9543329162200862,fitted,0.9241025641025642,0.49917263477125473
chexpert_nall_seed3_densenet121_matched,chexpert,all,3,Consolidation,local_constant,,,,constant_score,0.5,0.0325
chexpert_nall_seed3_densenet121_matched,chexpert,all,3,Consolidation,local_intercept,0.11734196724935488,-0.4475623385949788,0.7088263783518479,fitted,0.9241025641025642,0.49917263477125473
chexpert_nall_seed3_densenet121_matched,chexpert,all,3,Consolidation,local_logistic,0.05726380220507846,0.3193339823132595,1.1161086557256745,fitted,0.9241025641025642,0.49917263477125473
nih_nall_seed3_densenet121_matched,nih,all,3,Cardiomegaly,raw,2.4790157805215642,1.589923238396123,0.7613427565326809,fitted,0.8944825420360588,0.5954023412529417
nih_nall_seed3_densenet121_matched,nih,all,3,Cardiomegaly,source_logistic,2.0550218713600272,2.272611329843615,1.0635390631493056,fitted,0.8944825420360588,0.5954023412529417
nih_nall_seed3_densenet121_matched,nih,all,3,Cardiomegaly,local_constant,,,,constant_score,0.5,0.109
nih_nall_seed3_densenet121_matched,nih,all,3,Cardiomegaly,local_intercept,0.3186374731065586,-0.05466547827924331,0.7611763567196856,fitted,0.8944825420360588,0.5954023412529417
nih_nall_seed3_densenet121_matched,nih,all,3,Cardiomegaly,local_logistic,0.24707360547807194,0.2324479534423632,0.9908523510790042,fitted,0.8944825420360588,0.5954023412529417
nih_nall_seed3_densenet121_matched,nih,all,3,Pleural_Effusion,raw,-0.415024808586223,-0.09688098939883315,1.214603287453426,fitted,0.9463370334511667,0.6227306404579798
nih_nall_seed3_densenet121_matched,nih,all,3,Pleural_Effusion,source_logistic,-0.5838060329459369,0.4415502361108703,1.6614173324986343,fitted,0.9463370334511667,0.6227306404579798
nih_nall_seed3_densenet121_matched,nih,all,3,Pleural_Effusion,local_constant,,,,constant_score,0.5,0.0345
nih_nall_seed3_densenet121_matched,nih,all,3,Pleural_Effusion,local_intercept,-0.05008340569386408,0.3473067082942703,1.2144390746696434,fitted,0.9463370334511667,0.6227306404579798
nih_nall_seed3_densenet121_matched,nih,all,3,Pleural_Effusion,local_logistic,-0.012516753942580805,0.01168289530125118,1.0136781815205922,fitted,0.9463370334511667,0.6227306404579798
nih_nall_seed3_densenet121_matched,nih,all,3,Atelectasis,raw,-0.40775148173849307,-0.7752397133584024,0.8305602784242826,fitted,0.8720011557457721,0.15755078768874506
nih_nall_seed3_densenet121_matched,nih,all,3,Atelectasis,source_logistic,-0.7178658958449974,-0.035954990648601116,1.3211756021605443,fitted,0.8720011557457721,0.15755078768874506
nih_nall_seed3_densenet121_matched,nih,all,3,Atelectasis,local_constant,,,,constant_score,0.5,0.0285
nih_nall_seed3_densenet121_matched,nih,all,3,Atelectasis,local_intercept,-0.02260300672379458,-0.45316386181917184,0.8304384490263413,fitted,0.8720011557457721,0.15755078768874506
nih_nall_seed3_densenet121_matched,nih,all,3,Atelectasis,local_logistic,-0.018055924464200738,-0.16363959744772832,0.9446923800067025,fitted,0.8720011557457721,0.15755078768874506
nih_nall_seed3_densenet121_matched,nih,all,3,Consolidation,raw,0.6816522567825778,0.9047204984386801,1.0703881400630926,fitted,0.8734923474458358,0.28992312876435905
nih_nall_seed3_densenet121_matched,nih,all,3,Consolidation,source_logistic,0.44332417749335046,2.127508951595542,1.5349720738701724,fitted,0.8734923474458358,0.28992312876435905
nih_nall_seed3_densenet121_matched,nih,all,3,Consolidation,local_constant,,,,constant_score,0.5,0.0325
nih_nall_seed3_densenet121_matched,nih,all,3,Consolidation,local_intercept,-0.016529052466700903,0.15743144938617176,1.070178861290959,fitted,0.8734923474458358,0.28992312876435905
nih_nall_seed3_densenet121_matched,nih,all,3,Consolidation,local_logistic,-0.010171345030781934,0.4420842967218664,1.1782688731495157,fitted,0.8734923474458358,0.28992312876435905
