source,head,threshold,models,sensitivity,specificity,fn,fp,flagged
chexpert,Original,Source threshold,3,0.9033816425120772,0.9504574486449164,6.666666666666667,95.66666666666669,158.00000000000003
chexpert,Original,Local empirical,3,0.8985507246376813,0.949766960124288,7.0,97.0,159.0
chexpert,Original,Local order statistic,3,0.9951690821256038,0.6286897980321077,0.3333333333333333,717.0,785.6666666666666
chexpert,Local,Local empirical,9,0.8421900161030595,0.9761206053282697,10.88888888888889,46.111111111111114,104.22222222222223
chexpert,Local,Local order statistic,9,0.9468599033816426,0.9116750100696243,3.6666666666666665,170.55555555555554,235.88888888888889
nih,Original,Source threshold,3,0.9178743961352658,0.8268600034524426,5.666666666666667,334.3333333333333,397.66666666666663
nih,Original,Local empirical,3,0.8454106280193235,0.9344035905403072,10.666666666666666,126.66666666666669,185.00000000000003
nih,Original,Local order statistic,3,0.9420289855072465,0.7604004833419644,4.0,462.6666666666667,527.6666666666667
nih,Local,Local empirical,9,0.8148148148148149,0.9667990102997871,12.777777777777779,64.11111111111111,120.33333333333333
nih,Local,Local order statistic,9,0.9339774557165862,0.8955636112549629,4.555555555555555,201.66666666666666,266.1111111111111
