source,model_seed,method,tp,fn,tn,fp,sensitivity,specificity,sensitivity_lower,sensitivity_upper,specificity_lower,specificity_upper,interval
chexpert,1,source,62,7,1840,91,0.8985507246376812,0.9528741584671155,0.8020815176485877,0.9582291218230616,0.9424529449385967,0.9618902937932076,95% exact binomial; conditional on fixed classifier and calibration
chexpert,1,empirical,61,8,1842,89,0.8840579710144928,0.953909891248058,0.784267477451807,0.9485934402224253,0.9435858971391042,0.9628250872577135,95% exact binomial; conditional on fixed classifier and calibration
chexpert,1,guarded,69,0,1143,788,1.0,0.5919212843086483,0.9479419421369203,1.0,0.5696153699000294,0.6139475608165486,95% exact binomial; conditional on fixed classifier and calibration
chexpert,2,source,63,6,1838,93,0.9130434782608696,0.9518384256861729,0.8202792666994534,0.967417085140714,0.9413212332004506,0.9609542410990488,95% exact binomial; conditional on fixed classifier and calibration
chexpert,2,empirical,66,3,1803,128,0.9565217391304348,0.9337131020196789,0.8781528506343763,0.990942392641185,0.9216844862858278,0.9444028618171981,95% exact binomial; conditional on fixed classifier and calibration
chexpert,2,guarded,68,1,1347,584,0.9855072463768116,0.6975660279647851,0.9218764642598366,0.9996331425552591,0.6765318489016607,0.7179985422447691,95% exact binomial; conditional on fixed classifier and calibration
chexpert,3,source,62,7,1828,103,0.8985507246376812,0.9466597617814604,0.8020815176485877,0.9582291218230616,0.9356800335333251,0.9562563688735284,95% exact binomial; conditional on fixed classifier and calibration
chexpert,3,empirical,59,10,1857,74,0.855072463768116,0.9616778871051269,0.7495800532837034,0.9282508601079362,0.9521269797418119,0.9697913771831115,95% exact binomial; conditional on fixed classifier and calibration
chexpert,3,guarded,69,0,1152,779,1.0,0.5965820818228897,0.9479419421369203,1.0,0.5743089239299541,0.6185614148376986,95% exact binomial; conditional on fixed classifier and calibration
nih,1,source,63,6,1560,371,0.9130434782608696,0.8078715691351631,0.8202792666994534,0.967417085140714,0.7895782656373138,0.8252247615705742,95% exact binomial; conditional on fixed classifier and calibration
nih,1,empirical,55,14,1847,84,0.7971014492753623,0.9564992232004143,0.6830698308145766,0.8843963788471576,0.9464239700617123,0.9651562892848417,95% exact binomial; conditional on fixed classifier and calibration
nih,1,guarded,64,5,1450,481,0.927536231884058,0.7509062661833247,0.838938259726387,0.9760533790312954,0.7309852344674613,0.7700624217810077,95% exact binomial; conditional on fixed classifier and calibration
nih,2,source,64,5,1624,307,0.927536231884058,0.8410150181253236,0.838938259726387,0.9760533790312954,0.8239311546552984,0.8570560463108047,95% exact binomial; conditional on fixed classifier and calibration
nih,2,empirical,62,7,1805,126,0.8985507246376812,0.9347488348006214,0.8020815176485877,0.9582291218230616,0.922799215200375,0.9453561137037512,95% exact binomial; conditional on fixed classifier and calibration
nih,2,guarded,68,1,1428,503,0.9855072463768116,0.739513205592957,0.9218764642598366,0.9996331425552591,0.7193240413562794,0.7589724086688806,95% exact binomial; conditional on fixed classifier and calibration
nih,3,source,63,6,1606,325,0.9130434782608696,0.831693423096841,0.8202792666994534,0.967417085140714,0.8142465816998219,0.848126400199811,95% exact binomial; conditional on fixed classifier and calibration
nih,3,empirical,58,11,1761,170,0.8405797101449275,0.9119627136198861,0.7326319041235968,0.9176377521745552,0.8984315203670616,0.9242267271342517,95% exact binomial; conditional on fixed classifier and calibration
nih,3,guarded,63,6,1527,404,0.9130434782608696,0.7907819782496116,0.8202792666994534,0.967417085140714,0.7719459990766101,0.8087305565305982,95% exact binomial; conditional on fixed classifier and calibration
