run_id,source,size,seed,architecture,schedule,AUROC,average_precision,Brier,ECE
chexpert_n10000_seed1_densenet121_convergence,chexpert,10000,1,densenet121,convergence,0.8957657920461162,0.40162100250674054,0.23477537045486951,0.3158911409378051
chexpert_n10000_seed1_densenet121_matched,chexpert,10000,1,densenet121,matched,0.791182592742714,0.21669699538553117,0.3775391433582622,0.39796897272765636
chexpert_n10000_seed1_resnet34_convergence,chexpert,10000,1,resnet34,convergence,0.8864982203278121,0.39538636746460665,0.21966636471284254,0.3094633021354675
chexpert_n10000_seed2_densenet121_convergence,chexpert,10000,2,densenet121,convergence,0.8614357654402179,0.36871256421116394,0.3338203337047495,0.41348589909076694
chexpert_n10000_seed2_densenet121_matched,chexpert,10000,2,densenet121,matched,0.8347850683949521,0.31083914841338084,0.3311317006477576,0.34340250968188046
chexpert_n10000_seed2_resnet34_convergence,chexpert,10000,2,resnet34,convergence,0.8424951560539258,0.3430241817868005,0.3550819922342048,0.4442675459384918
chexpert_n10000_seed3_densenet121_convergence,chexpert,10000,3,densenet121,convergence,0.8503092450411409,0.34112562795150353,0.33803916833134245,0.43475038945674893
chexpert_n10000_seed3_densenet121_matched,chexpert,10000,3,densenet121,matched,0.8119214040163166,0.21902284740388644,0.3920783027741763,0.41137813276052476
chexpert_n10000_seed3_resnet34_convergence,chexpert,10000,3,resnet34,convergence,0.8474510800362582,0.38380478867482903,0.2558003923234197,0.3233158119916916
chexpert_n1000_seed1_densenet121_convergence,chexpert,1000,1,densenet121,convergence,0.8151513545837693,0.20395947304850987,0.4770855897797892,0.5151387518048286
chexpert_n1000_seed1_densenet121_matched,chexpert,1000,1,densenet121,matched,0.7774109498024188,0.16133914886248782,0.517506958933024,0.5443128387704492
chexpert_n1000_seed1_resnet34_convergence,chexpert,1000,1,resnet34,convergence,0.7523118234322042,0.21897562030546863,0.275151783443609,0.31943753291666505
chexpert_n1000_seed2_densenet121_convergence,chexpert,1000,2,densenet121,convergence,0.7725707215567174,0.17977902620077252,0.3957154711092978,0.42615395471453665
chexpert_n1000_seed2_densenet121_matched,chexpert,1000,2,densenet121,matched,0.7527857722526572,0.16665509154497374,0.3822428111098151,0.396393284752965
chexpert_n1000_seed2_resnet34_convergence,chexpert,1000,2,resnet34,convergence,0.742004673226423,0.16902134277005773,0.31529138487856695,0.33715386609733106
chexpert_n1000_seed3_densenet121_convergence,chexpert,1000,3,densenet121,convergence,0.7846143846732769,0.2010694146264418,0.3970450039230922,0.42569359999150036
chexpert_n1000_seed3_densenet121_matched,chexpert,1000,3,densenet121,matched,0.7239258816883821,0.12594455789870107,0.49378663839552545,0.5167348871231079
chexpert_n1000_seed3_resnet34_convergence,chexpert,1000,3,resnet34,convergence,0.743562222631682,0.19365677083678243,0.3539018973978681,0.3967412341982126
chexpert_n50000_seed1_densenet121_convergence,chexpert,50000,1,densenet121,convergence,0.9134327218507831,0.5201853155103174,0.229885705828076,0.33210454058647154
chexpert_n50000_seed2_densenet121_convergence,chexpert,50000,2,densenet121,convergence,0.9085186138636351,0.49930639491262063,0.25919074774452483,0.3508342522978783
chexpert_n50000_seed3_densenet121_convergence,chexpert,50000,3,densenet121,convergence,0.9018868517325429,0.46888706341775044,0.24273590214383364,0.33257563650608063
chexpert_n5000_seed1_densenet121_convergence,chexpert,5000,1,densenet121,convergence,0.8302414099390306,0.257940183685681,0.3139003627347396,0.38982994151115413
chexpert_n5000_seed2_densenet121_convergence,chexpert,5000,2,densenet121,convergence,0.8247075105204964,0.3654612232430705,0.267257274961371,0.29947972811013457
chexpert_n5000_seed3_densenet121_convergence,chexpert,5000,3,densenet121,convergence,0.8252331225903068,0.261916017417887,0.3441461513536711,0.40738462656736374
chexpert_nall_seed1_densenet121_convergence,chexpert,all,1,densenet121,convergence,0.916744885391859,0.5254216192747582,0.2186948399018574,0.30674818429350853
chexpert_nall_seed1_densenet121_matched,chexpert,all,1,densenet121,matched,0.9201485699537046,0.5081756969580508,0.21225897101137442,0.30322465758025646
chexpert_nall_seed1_resnet34_convergence,chexpert,all,1,resnet34,convergence,0.92560460280696,0.5362938596518423,0.23071429055765497,0.3245857801437378
chexpert_nall_seed2_densenet121_convergence,chexpert,all,2,densenet121,convergence,0.9162852138823793,0.533599537868894,0.22026682495711214,0.30937685137987136
chexpert_nall_seed2_densenet121_matched,chexpert,all,2,densenet121,matched,0.911689528981104,0.4854052738255894,0.2392638892882772,0.31461873587965966
chexpert_nall_seed2_resnet34_convergence,chexpert,all,2,resnet34,convergence,0.9229971275221542,0.5489318412504397,0.21764296573330072,0.30040482413768765
chexpert_nall_seed3_densenet121_convergence,chexpert,all,3,densenet121,convergence,0.924053100408909,0.5305817699594372,0.22402028245186614,0.30667366540431973
chexpert_nall_seed3_densenet121_matched,chexpert,all,3,densenet121,matched,0.9146223985518465,0.4855220461456058,0.21899692745663837,0.30085328707098963
chexpert_nall_seed3_resnet34_convergence,chexpert,all,3,resnet34,convergence,0.9200660772051095,0.5266910221997316,0.23464316363025045,0.33348469400405883
nih_n10000_seed1_densenet121_convergence,nih,10000,1,densenet121,convergence,0.8067823347795293,0.25772213646971437,0.047123513028586604,0.04579589620232582
nih_n10000_seed1_densenet121_matched,nih,10000,1,densenet121,matched,0.7601008938253618,0.2691691549501687,0.049120932434619596,0.048296272836625576
nih_n10000_seed1_resnet34_convergence,nih,10000,1,resnet34,convergence,0.8015357793231944,0.26039660664382197,0.05174051006243542,0.06057262909412384
nih_n10000_seed2_densenet121_convergence,nih,10000,2,densenet121,convergence,0.8263238836202619,0.2776655181349571,0.04785704915165284,0.048927112542092796
nih_n10000_seed2_densenet121_matched,nih,10000,2,densenet121,matched,0.7379749157087152,0.26777370184813565,0.048491268626173464,0.0488498007953167
nih_n10000_seed2_resnet34_convergence,nih,10000,2,resnet34,convergence,0.8116520003185657,0.26978779239658357,0.04902234557515299,0.04148902680724859
nih_n10000_seed3_densenet121_convergence,nih,10000,3,densenet121,convergence,0.8363936143542654,0.30467745191272055,0.045586200568023545,0.046098952293395994
nih_n10000_seed3_densenet121_matched,nih,10000,3,densenet121,matched,0.7499622747949144,0.24898266050082565,0.05255995737769849,0.05214036140590906
nih_n10000_seed3_resnet34_convergence,nih,10000,3,resnet34,convergence,0.8159761582255196,0.22529852769122985,0.05139362507822133,0.06113445729017258
nih_n1000_seed1_densenet121_convergence,nih,1000,1,densenet121,convergence,0.7288373672182781,0.1968053635072844,0.05026519919688776,0.04977876032143831
nih_n1000_seed1_densenet121_matched,nih,1000,1,densenet121,matched,0.7006315927247725,0.20255456502391903,0.05226982938424331,0.052513845212757586
nih_n1000_seed1_resnet34_convergence,nih,1000,1,resnet34,convergence,0.6997236626058191,0.13082564022437776,0.060984991634982354,0.06151142264902592
nih_n1000_seed2_densenet121_convergence,nih,1000,2,densenet121,convergence,0.7067208839217723,0.1426052083864727,0.05515491076976534,0.05518587505072355
nih_n1000_seed2_densenet121_matched,nih,1000,2,densenet121,matched,0.6823021603288424,0.13442800649873932,0.0569473199899901,0.05865245604515076
nih_n1000_seed2_resnet34_convergence,nih,1000,2,resnet34,convergence,0.6930229294690757,0.1400494734785332,0.051511372620627854,0.05154806654155254
nih_n1000_seed3_densenet121_convergence,nih,1000,3,densenet121,convergence,0.7203041077949888,0.17856514112703498,0.05558477137632024,0.05643246392905712
nih_n1000_seed3_densenet121_matched,nih,1000,3,densenet121,matched,0.7139935549346332,0.18184431396138695,0.0563484522659361,0.05788779779523611
nih_n1000_seed3_resnet34_convergence,nih,1000,3,resnet34,convergence,0.6861175588867178,0.11934430905390458,0.06686913482566244,0.06934169725328684
nih_n50000_seed1_densenet121_convergence,nih,50000,1,densenet121,convergence,0.9059646363598468,0.4720284273761738,0.037424602521814974,0.032669381894171234
nih_n50000_seed2_densenet121_convergence,nih,50000,2,densenet121,convergence,0.9101035223266654,0.47814483381007666,0.03919540643061373,0.034791805937886236
nih_n50000_seed3_densenet121_convergence,nih,50000,3,densenet121,convergence,0.8970881266399469,0.4500479560184081,0.041768476389023826,0.04631613118946552
nih_n5000_seed1_densenet121_convergence,nih,5000,1,densenet121,convergence,0.7478923834078637,0.18028827681253315,0.04924255917259539,0.036546855106949806
nih_n5000_seed2_densenet121_convergence,nih,5000,2,densenet121,convergence,0.7898056037245293,0.24420727564701622,0.04789607389788689,0.036406387589871886
nih_n5000_seed3_densenet121_convergence,nih,5000,3,densenet121,convergence,0.7648933747908554,0.2184862883007418,0.049037391581615034,0.04726768942177296
nih_nall_seed1_densenet121_convergence,nih,all,1,densenet121,convergence,0.8993289649070544,0.46357815941743175,0.03948750956328964,0.03757267813384533
nih_nall_seed1_densenet121_matched,nih,all,1,densenet121,matched,0.8813298920834465,0.4324071898824331,0.04030785619314544,0.03312267589569092
nih_nall_seed1_resnet34_convergence,nih,all,1,resnet34,convergence,0.8971522669032099,0.42937352609851054,0.039638256600350336,0.03884478895366192
nih_nall_seed2_densenet121_convergence,nih,all,2,densenet121,convergence,0.9101949467509456,0.4576196013352196,0.03866979658852227,0.03329103527963161
nih_nall_seed2_densenet121_matched,nih,all,2,densenet121,matched,0.8966825241797876,0.44876798838776116,0.03992880180541399,0.03168152175843716
nih_nall_seed2_resnet34_convergence,nih,all,2,resnet34,convergence,0.9059595935000977,0.4491255830059992,0.03746683940625461,0.03363445672392845
nih_nall_seed3_densenet121_convergence,nih,all,3,densenet121,convergence,0.9206307179285792,0.4795749878730712,0.03776895461963965,0.03337330478429794
nih_nall_seed3_densenet121_matched,nih,all,3,densenet121,matched,0.8965782696697083,0.4164017245410064,0.03963171596176612,0.031957537822425365
nih_nall_seed3_resnet34_convergence,nih,all,3,resnet34,convergence,0.9014557580420683,0.4525768094608263,0.04154247046115219,0.04392838737368584
