run_id,source,size,seed,architecture,schedule,finding,images,positive_labels,AUROC,average_precision,Brier,ECE
chexpert_n1000_seed1_densenet121_convergence,chexpert,1000,1,densenet121,convergence,Cardiomegaly,2000,218,0.8244550499902181,0.4184165464491305,0.24510368361414855,0.2740898324251175
chexpert_n1000_seed1_densenet121_convergence,chexpert,1000,1,densenet121,convergence,Pleural_Effusion,2000,69,0.8246909688604687,0.1179247606125034,0.5581958360611632,0.6105082629024983
chexpert_n1000_seed1_densenet121_convergence,chexpert,1000,1,densenet121,convergence,Atelectasis,2000,57,0.7587064676616914,0.06997991980482086,0.8683359599813484,0.8990604305267333
chexpert_n1000_seed1_densenet121_convergence,chexpert,1000,1,densenet121,convergence,Consolidation,2000,65,0.8527529318226992,0.20951666532758473,0.23670687946249666,0.2768964813649654
nih_n1000_seed1_densenet121_convergence,nih,1000,1,densenet121,convergence,Cardiomegaly,2000,218,0.7449237533335392,0.3282402164254902,0.10161718908291494,0.10069067221879958
nih_n1000_seed1_densenet121_convergence,nih,1000,1,densenet121,convergence,Pleural_Effusion,2000,69,0.8672498292541974,0.3039896460923728,0.03279518422140559,0.030302749425172807
nih_n1000_seed1_densenet121_convergence,nih,1000,1,densenet121,convergence,Atelectasis,2000,57,0.6467616545223067,0.051142174760251666,0.03461877194877392,0.03620467635989189
nih_n1000_seed1_densenet121_convergence,nih,1000,1,densenet121,convergence,Consolidation,2000,65,0.6564142317630689,0.10384941675102287,0.03202965153445659,0.03191694328188896
chexpert_nall_seed1_densenet121_convergence,chexpert,all,1,densenet121,convergence,Cardiomegaly,2000,218,0.9129740318578239,0.6865875023060378,0.11626914601959289,0.20393978881835936
chexpert_nall_seed1_densenet121_convergence,chexpert,all,1,densenet121,convergence,Pleural_Effusion,2000,69,0.9753975937976118,0.7650626971562928,0.07594985656591578,0.15453815972805024
chexpert_nall_seed1_densenet121_convergence,chexpert,all,1,densenet121,convergence,Atelectasis,2000,57,0.8608500148982854,0.1627948169552025,0.6275614091455937,0.7629461669921875
chexpert_nall_seed1_densenet121_convergence,chexpert,all,1,densenet121,convergence,Consolidation,2000,65,0.917757901013715,0.48724146068149937,0.054998947876327295,0.10556862163543701
nih_nall_seed1_densenet121_convergence,nih,all,1,densenet121,convergence,Cardiomegaly,2000,218,0.9083765792481389,0.5893229990032838,0.08225394756517841,0.07694304710626602
nih_nall_seed1_densenet121_convergence,nih,all,1,densenet121,convergence,Pleural_Effusion,2000,69,0.9526602571319209,0.6560350050199805,0.018904109181926258,0.023404678463935853
nih_nall_seed1_densenet121_convergence,nih,all,1,densenet121,convergence,Atelectasis,2000,57,0.8226833166291951,0.1698707396255899,0.0293474924223799,0.03391114854812622
nih_nall_seed1_densenet121_convergence,nih,all,1,densenet121,convergence,Consolidation,2000,65,0.9135957066189624,0.4390838940208728,0.027444489083674,0.01603183841705322
chexpert_n1000_seed2_densenet121_convergence,chexpert,1000,2,densenet121,convergence,Cardiomegaly,2000,218,0.7466214129058166,0.26650377277295545,0.20327150684579187,0.22545931124687194
chexpert_n1000_seed2_densenet121_convergence,chexpert,1000,2,densenet121,convergence,Pleural_Effusion,2000,69,0.8749465246662014,0.18560520976912548,0.3283659133193954,0.3895052197277546
chexpert_n1000_seed2_densenet121_convergence,chexpert,1000,2,densenet121,convergence,Atelectasis,2000,57,0.6758268548365252,0.04686973472386284,0.9471962422393262,0.9564613037109375
chexpert_n1000_seed2_densenet121_convergence,chexpert,1000,2,densenet121,convergence,Consolidation,2000,65,0.7928880938183264,0.2201373875371463,0.10402822203267761,0.13318998417258263
nih_n1000_seed2_densenet121_convergence,nih,1000,2,densenet121,convergence,Cardiomegaly,2000,218,0.6749709119739701,0.23408281345901305,0.10672029983939256,0.10690877974033355
nih_n1000_seed2_densenet121_convergence,nih,1000,2,densenet121,convergence,Pleural_Effusion,2000,69,0.8058413827783157,0.19317131781334862,0.04889328396372214,0.046826565951108935
nih_n1000_seed2_densenet121_convergence,nih,1000,2,densenet121,convergence,Atelectasis,2000,57,0.7046798674504067,0.07010349920172752,0.03213640286627467,0.03377316501736641
nih_n1000_seed2_densenet121_convergence,nih,1000,2,densenet121,convergence,Consolidation,2000,65,0.6413913734843968,0.07306320307180156,0.032869656409672,0.033234989494085314
chexpert_nall_seed2_densenet121_convergence,chexpert,all,2,densenet121,convergence,Cardiomegaly,2000,218,0.9186101586713207,0.6920972623903922,0.16287578998540994,0.2691445999145508
chexpert_nall_seed2_densenet121_convergence,chexpert,all,2,densenet121,convergence,Pleural_Effusion,2000,69,0.9839161206553637,0.8004861514344529,0.06854824023497678,0.14205246663093568
chexpert_nall_seed2_densenet121_convergence,chexpert,all,2,densenet121,convergence,Atelectasis,2000,57,0.8616445901165677,0.16869248990130287,0.5993572500552982,0.7339888000488282
chexpert_nall_seed2_densenet121_convergence,chexpert,all,2,densenet121,convergence,Consolidation,2000,65,0.9009699860862651,0.47312224774942807,0.05028601955276372,0.09232153892517089
nih_nall_seed2_densenet121_convergence,nih,all,2,densenet121,convergence,Cardiomegaly,2000,218,0.9203876172530606,0.6351151780263073,0.08112794263342683,0.07796737849712372
nih_nall_seed2_densenet121_convergence,nih,all,2,densenet121,convergence,Pleural_Effusion,2000,69,0.9707818281434115,0.7140674868984165,0.018042424841893116,0.023841525852680207
nih_nall_seed2_densenet121_convergence,nih,all,2,densenet121,convergence,Atelectasis,2000,57,0.8644662350678549,0.15739172448981806,0.026326009717185683,0.015760239362716675
nih_nall_seed2_densenet121_convergence,nih,all,2,densenet121,convergence,Consolidation,2000,65,0.8851441065394554,0.3239040159263366,0.029182809161583462,0.01559499740600586
chexpert_n1000_seed3_densenet121_convergence,chexpert,1000,3,densenet121,convergence,Cardiomegaly,2000,218,0.7875364243865772,0.3567406931189959,0.3547936659525595,0.39820469430088995
chexpert_n1000_seed3_densenet121_convergence,chexpert,1000,3,densenet121,convergence,Pleural_Effusion,2000,69,0.8728938223793334,0.20861031149402726,0.22066201849121142,0.24835393291711808
chexpert_n1000_seed3_densenet121_convergence,chexpert,1000,3,densenet121,convergence,Atelectasis,2000,57,0.7072938393332792,0.06815789130769287,0.8912395176701539,0.9172683143615723
chexpert_n1000_seed3_densenet121_convergence,chexpert,1000,3,densenet121,convergence,Consolidation,2000,65,0.7707334525939178,0.17076876258505105,0.1214848135784441,0.1389474583864212
nih_n1000_seed3_densenet121_convergence,nih,1000,3,densenet121,convergence,Cardiomegaly,2000,218,0.637612104737487,0.17836489211396195,0.10892869843171847,0.10881917530298232
nih_n1000_seed3_densenet121_convergence,nih,1000,3,densenet121,convergence,Pleural_Effusion,2000,69,0.8455332147494352,0.3330846486280918,0.03455510980220073,0.03217517349123955
nih_n1000_seed3_densenet121_convergence,nih,1000,3,densenet121,convergence,Atelectasis,2000,57,0.6648292114743884,0.0718912737140264,0.047022483608937946,0.05310203820466995
nih_n1000_seed3_densenet121_convergence,nih,1000,3,densenet121,convergence,Consolidation,2000,65,0.7332419002186444,0.13091975005205977,0.03183279366242381,0.03163346871733665
chexpert_nall_seed3_densenet121_convergence,chexpert,all,3,densenet121,convergence,Cardiomegaly,2000,218,0.9284383076432006,0.7103034743210357,0.07857725562341511,0.1395004425048828
chexpert_nall_seed3_densenet121_convergence,chexpert,all,3,densenet121,convergence,Pleural_Effusion,2000,69,0.9758141385029909,0.6995161599168049,0.0930896966455698,0.18952420473098755
chexpert_nall_seed3_densenet121_convergence,chexpert,all,3,densenet121,convergence,Atelectasis,2000,57,0.8714232828597485,0.24572158422781595,0.6726184113323689,0.7947774658203125
chexpert_nall_seed3_densenet121_convergence,chexpert,all,3,densenet121,convergence,Consolidation,2000,65,0.920536672629696,0.4667858613720922,0.05179576620611078,0.1028925485610962
nih_nall_seed3_densenet121_convergence,nih,all,3,densenet121,convergence,Cardiomegaly,2000,218,0.9151273180325168,0.6313097935652344,0.07877216852663392,0.07254263681173324
nih_nall_seed3_densenet121_convergence,nih,all,3,densenet121,convergence,Pleural_Effusion,2000,69,0.9677909621056897,0.7065492191806348,0.018012497324666307,0.024426056444644927
nih_nall_seed3_densenet121_convergence,nih,all,3,densenet121,convergence,Atelectasis,2000,57,0.8707912343906601,0.18592076076366368,0.026132406844913133,0.021523786783218382
nih_nall_seed3_densenet121_convergence,nih,all,3,densenet121,convergence,Consolidation,2000,65,0.9288133571854502,0.3945201779827518,0.02815874578234525,0.015000739097595216
chexpert_n10000_seed1_densenet121_convergence,chexpert,10000,1,densenet121,convergence,Cardiomegaly,2000,218,0.9105105592108651,0.5628105396552461,0.13540496393782087,0.23531219482421875
chexpert_n10000_seed1_densenet121_convergence,chexpert,10000,1,densenet121,convergence,Pleural_Effusion,2000,69,0.9468248786016106,0.561432760826071,0.05603824118101511,0.11411831569671631
chexpert_n10000_seed1_densenet121_convergence,chexpert,10000,1,densenet121,convergence,Atelectasis,2000,57,0.838019521268431,0.13309710297292646,0.690674193173647,0.8125281982421875
chexpert_n10000_seed1_densenet121_convergence,chexpert,10000,1,densenet121,convergence,Consolidation,2000,65,0.887708209103558,0.34914360657271865,0.05698408352699516,0.10160585498809814
chexpert_n5000_seed1_densenet121_convergence,chexpert,5000,1,densenet121,convergence,Cardiomegaly,2000,218,0.8245232652725009,0.40302231828741986,0.29528451118889826,0.39679458713531496
chexpert_n5000_seed1_densenet121_convergence,chexpert,5000,1,densenet121,convergence,Pleural_Effusion,2000,69,0.9104841675485407,0.376371391286505,0.12506396478651732,0.20404214477539062
chexpert_n5000_seed1_densenet121_convergence,chexpert,5000,1,densenet121,convergence,Atelectasis,2000,57,0.7578802900199546,0.07784096059159173,0.7720376147329807,0.8595504150390625
chexpert_n5000_seed1_densenet121_convergence,chexpert,5000,1,densenet121,convergence,Consolidation,2000,65,0.8280779169151262,0.17452606457720748,0.06321536023056205,0.09893261909484863
chexpert_n50000_seed1_densenet121_convergence,chexpert,50000,1,densenet121,convergence,Cardiomegaly,2000,218,0.9105118462916628,0.6316383486420383,0.18194072809186765,0.3016671142578125
chexpert_n50000_seed1_densenet121_convergence,chexpert,50000,1,densenet121,convergence,Pleural_Effusion,2000,69,0.9758178911579943,0.7210038164892596,0.08014702005787148,0.17366911602020263
chexpert_n50000_seed1_densenet121_convergence,chexpert,50000,1,densenet121,convergence,Atelectasis,2000,57,0.8661727659343934,0.3371684631735746,0.6054753805994988,0.750443115234375
chexpert_n50000_seed1_densenet121_convergence,chexpert,50000,1,densenet121,convergence,Consolidation,2000,65,0.9012283840190818,0.3909306337363974,0.051979694563066,0.1026388168334961
nih_n10000_seed1_densenet121_convergence,nih,10000,1,densenet121,convergence,Cardiomegaly,2000,218,0.7507117556811747,0.2774000397358267,0.09513980628178756,0.07050224494934082
nih_n10000_seed1_densenet121_convergence,nih,10000,1,densenet121,convergence,Pleural_Effusion,2000,69,0.9266205840632247,0.5297723655097338,0.02458417340856809,0.03753629887104035
nih_n10000_seed1_densenet121_convergence,nih,10000,1,densenet121,convergence,Atelectasis,2000,57,0.7888190625818277,0.10191715775278694,0.03839574687469712,0.06808810567855834
nih_n10000_seed1_densenet121_convergence,nih,10000,1,densenet121,convergence,Consolidation,2000,65,0.7609779367918902,0.12179898288051008,0.030374325549293642,0.00705693531036377
nih_n5000_seed1_densenet121_convergence,nih,5000,1,densenet121,convergence,Cardiomegaly,2000,218,0.7136103646042484,0.23261871145703134,0.09714612812315175,0.0717681550681591
nih_n5000_seed1_densenet121_convergence,nih,5000,1,densenet121,convergence,Pleural_Effusion,2000,69,0.866469277013487,0.3327162362223706,0.028298041483958508,0.013610820323228835
nih_n5000_seed1_densenet121_convergence,nih,5000,1,densenet121,convergence,Atelectasis,2000,57,0.7642865527173569,0.08602044656395993,0.04015010684559702,0.042529343247413635
nih_n5000_seed1_densenet121_convergence,nih,5000,1,densenet121,convergence,Consolidation,2000,65,0.6472033392963625,0.06979771300677068,0.03137596023767427,0.01827910178899765
nih_n50000_seed1_densenet121_convergence,nih,50000,1,densenet121,convergence,Cardiomegaly,2000,218,0.8961660437195607,0.6108691094277665,0.07857690376389544,0.0723121235370636
nih_n50000_seed1_densenet121_convergence,nih,50000,1,densenet121,convergence,Pleural_Effusion,2000,69,0.9584881303522242,0.7466659511326836,0.016219052594900092,0.0227816826403141
nih_n50000_seed1_densenet121_convergence,nih,50000,1,densenet121,convergence,Atelectasis,2000,57,0.8936488158120469,0.20092872526774017,0.024966386837067034,0.0163183958530426
nih_n50000_seed1_densenet121_convergence,nih,50000,1,densenet121,convergence,Consolidation,2000,65,0.8755555555555555,0.3296499236765047,0.02993606689139733,0.019265325546264648
chexpert_n10000_seed2_densenet121_convergence,chexpert,10000,2,densenet121,convergence,Cardiomegaly,2000,218,0.839996550623462,0.4279518585865402,0.17779993069842748,0.2607041091918945
chexpert_n10000_seed2_densenet121_convergence,chexpert,10000,2,densenet121,convergence,Pleural_Effusion,2000,69,0.9635091827467933,0.6770149934701601,0.17476554388464502,0.291421875
chexpert_n10000_seed2_densenet121_convergence,chexpert,10000,2,densenet121,convergence,Atelectasis,2000,57,0.78823216043196,0.1321583908195835,0.8697803169488907,0.918011474609375
chexpert_n10000_seed2_densenet121_convergence,chexpert,10000,2,densenet121,convergence,Consolidation,2000,65,0.8540051679586563,0.23772501396837187,0.11293554328703476,0.1838061375617981
chexpert_n5000_seed2_densenet121_convergence,chexpert,5000,2,densenet121,convergence,Cardiomegaly,2000,218,0.7402452146335938,0.34358519144622834,0.13095169754231029,0.13818797492980958
chexpert_n5000_seed2_densenet121_convergence,chexpert,5000,2,densenet121,convergence,Pleural_Effusion,2000,69,0.9396910814401189,0.6002317531420748,0.06326809846627611,0.1143230336010456
chexpert_n5000_seed2_densenet121_convergence,chexpert,5000,2,densenet121,convergence,Atelectasis,2000,57,0.7568464393098031,0.1920227494786542,0.8332566927671432,0.897225341796875
chexpert_n5000_seed2_densenet121_convergence,chexpert,5000,2,densenet121,convergence,Consolidation,2000,65,0.8620473066984695,0.32600519890532487,0.04155261106975457,0.048182562112808226
chexpert_n50000_seed2_densenet121_convergence,chexpert,50000,2,densenet121,convergence,Cardiomegaly,2000,218,0.9144631843408604,0.6427647164325536,0.20084149640949908,0.32270452117919923
chexpert_n50000_seed2_densenet121_convergence,chexpert,50000,2,densenet121,convergence,Pleural_Effusion,2000,69,0.9805424838072937,0.7658935756672965,0.10216363159763932,0.1954261989593506
chexpert_n50000_seed2_densenet121_convergence,chexpert,50000,2,densenet121,convergence,Atelectasis,2000,57,0.8473693239790159,0.12472129969878862,0.6736414446532726,0.7898992919921874
chexpert_n50000_seed2_densenet121_convergence,chexpert,50000,2,densenet121,convergence,Consolidation,2000,65,0.8916994633273703,0.4638459878518437,0.06011641831768827,0.09530699706077575
nih_n10000_seed2_densenet121_convergence,nih,10000,2,densenet121,convergence,Cardiomegaly,2000,218,0.8489044368249261,0.45946247172131277,0.09341496540253692,0.08763377866148948
nih_n10000_seed2_densenet121_convergence,nih,10000,2,densenet121,convergence,Pleural_Effusion,2000,69,0.8980178476271963,0.42440228288723125,0.03616705997837925,0.06319179782271385
nih_n10000_seed2_densenet121_convergence,nih,10000,2,densenet121,convergence,Atelectasis,2000,57,0.8059701492537312,0.10782527484774071,0.03119475906074791,0.02514839446544647
nih_n10000_seed2_densenet121_convergence,nih,10000,2,densenet121,convergence,Consolidation,2000,65,0.7524031007751939,0.11897204308354371,0.030651412164947302,0.01973447921872139
nih_n5000_seed2_densenet121_convergence,nih,5000,2,densenet121,convergence,Cardiomegaly,2000,218,0.7588280871920016,0.3808054731100749,0.1004913231644885,0.09692219233512879
nih_n5000_seed2_densenet121_convergence,nih,5000,2,densenet121,convergence,Pleural_Effusion,2000,69,0.8400280698594256,0.35228118423970506,0.030477737223811942,0.024404603123664857
nih_n5000_seed2_densenet121_convergence,nih,5000,2,densenet121,convergence,Atelectasis,2000,57,0.822055782792029,0.09288070977838675,0.0307141598419474,0.01890164378285408
nih_n5000_seed2_densenet121_convergence,nih,5000,2,densenet121,convergence,Consolidation,2000,65,0.7383104750546611,0.15086173545989812,0.029901075361299698,0.005397111117839813
nih_n50000_seed2_densenet121_convergence,nih,50000,2,densenet121,convergence,Cardiomegaly,2000,218,0.9274845807720425,0.6469912323807723,0.08369413731342908,0.08337142181396484
nih_n50000_seed2_densenet121_convergence,nih,50000,2,densenet121,convergence,Pleural_Effusion,2000,69,0.960503306089058,0.6802610510797327,0.017707347665309847,0.015128772795200349
nih_n50000_seed2_densenet121_convergence,nih,50000,2,densenet121,convergence,Atelectasis,2000,57,0.8478704481223647,0.16955264797076117,0.027366542618471955,0.0228832061290741
nih_n50000_seed2_densenet121_convergence,nih,50000,2,densenet121,convergence,Consolidation,2000,65,0.9045557543231962,0.41577440380904057,0.028013598125244017,0.017783823013305663
chexpert_n10000_seed3_densenet121_convergence,chexpert,10000,3,densenet121,convergence,Cardiomegaly,2000,218,0.8445360845972467,0.48098552068372064,0.33959881369408684,0.4733272476196289
chexpert_n10000_seed3_densenet121_convergence,chexpert,10000,3,densenet121,convergence,Pleural_Effusion,2000,69,0.943473757683561,0.5126126102536287,0.10836694410510109,0.2082705626487732
chexpert_n10000_seed3_densenet121_convergence,chexpert,10000,3,densenet121,convergence,Atelectasis,2000,57,0.7584626775379003,0.12236886609992174,0.8239725667238236,0.891690185546875
chexpert_n10000_seed3_densenet121_convergence,chexpert,10000,3,densenet121,convergence,Consolidation,2000,65,0.8547644603458557,0.24853551476874308,0.08021834880235838,0.16571356201171875
chexpert_n5000_seed3_densenet121_convergence,chexpert,5000,3,densenet121,convergence,Cardiomegaly,2000,218,0.8526820189664227,0.43302664990274775,0.3807447188277256,0.48163514518737793
chexpert_n5000_seed3_densenet121_convergence,chexpert,5000,3,densenet121,convergence,Pleural_Effusion,2000,69,0.9181696049955343,0.39395918759013443,0.1297638345177583,0.18403436529636383
chexpert_n5000_seed3_densenet121_convergence,chexpert,5000,3,densenet121,convergence,Atelectasis,2000,57,0.7299934086373938,0.0618382994381905,0.7929810333400965,0.8670064697265625
chexpert_n5000_seed3_densenet121_convergence,chexpert,5000,3,densenet121,convergence,Consolidation,2000,65,0.8000874577618764,0.15883993274047525,0.07309501872910405,0.0968625260591507
chexpert_n50000_seed3_densenet121_convergence,chexpert,50000,3,densenet121,convergence,Cardiomegaly,2000,218,0.876055406254183,0.605553453275598,0.13635420918872115,0.21756180572509765
chexpert_n50000_seed3_densenet121_convergence,chexpert,50000,3,densenet121,convergence,Pleural_Effusion,2000,69,0.9748909853721509,0.6806790689486935,0.08960786797440096,0.18772485876083375
chexpert_n50000_seed3_densenet121_convergence,chexpert,50000,3,densenet121,convergence,Atelectasis,2000,57,0.848209045516519,0.1320783818168814,0.6872974465116859,0.8035292358398437
chexpert_n50000_seed3_densenet121_convergence,chexpert,50000,3,densenet121,convergence,Consolidation,2000,65,0.9083919697873187,0.4572373496298288,0.057684084900526615,0.12148664569854736
nih_n10000_seed3_densenet121_convergence,nih,10000,3,densenet121,convergence,Cardiomegaly,2000,218,0.8102340942555011,0.3751249939453972,0.09091738974127657,0.06992734408378601
nih_n10000_seed3_densenet121_convergence,nih,10000,3,densenet121,convergence,Pleural_Effusion,2000,69,0.9326886272037467,0.5507172068578221,0.025211573205223884,0.04189160966873169
nih_n10000_seed3_densenet121_convergence,nih,10000,3,densenet121,convergence,Atelectasis,2000,57,0.7666747930041264,0.07932052210012563,0.0365649064567574,0.05902703237533569
nih_n10000_seed3_densenet121_convergence,nih,10000,3,densenet121,convergence,Consolidation,2000,65,0.8359769429536872,0.21354708474753728,0.02965093286883632,0.01354982304573059
nih_n5000_seed3_densenet121_convergence,nih,5000,3,densenet121,convergence,Cardiomegaly,2000,218,0.7381588566603857,0.2612607608764864,0.09436064656165803,0.06446627539396287
nih_n5000_seed3_densenet121_convergence,nih,5000,3,densenet121,convergence,Pleural_Effusion,2000,69,0.8858892666561593,0.4123570411444626,0.04174809292357287,0.08576093912124634
nih_n5000_seed3_densenet121_convergence,nih,5000,3,densenet121,convergence,Atelectasis,2000,57,0.756236964000325,0.09252286750227735,0.029322030753047727,0.02356551432609558
nih_n5000_seed3_densenet121_convergence,nih,5000,3,densenet121,convergence,Consolidation,2000,65,0.6792884118465514,0.10780448367974077,0.030718796088181507,0.015278028845787049
nih_n50000_seed3_densenet121_convergence,nih,50000,3,densenet121,convergence,Cardiomegaly,2000,218,0.9177117762744675,0.6027723464196275,0.09042708456162783,0.09019507223367691
nih_n50000_seed3_densenet121_convergence,nih,50000,3,densenet121,convergence,Pleural_Effusion,2000,69,0.9654680686585759,0.7479660210456441,0.019385679198161598,0.044462010383605956
nih_n50000_seed3_densenet121_convergence,nih,50000,3,densenet121,convergence,Atelectasis,2000,57,0.842890809112333,0.17066988385821216,0.027801595823266325,0.03362167263031006
nih_n50000_seed3_densenet121_convergence,nih,50000,3,densenet121,convergence,Consolidation,2000,65,0.8622818525144107,0.2787835727501485,0.029459545973039552,0.016985769510269165
chexpert_n1000_seed1_densenet121_matched,chexpert,1000,1,densenet121,matched,Cardiomegaly,2000,218,0.8267022930631494,0.3659838203644932,0.33599028376748297,0.36492157620191573
chexpert_n1000_seed1_densenet121_matched,chexpert,1000,1,densenet121,matched,Pleural_Effusion,2000,69,0.831059224401264,0.10912460814756346,0.5372199884271599,0.578226618796587
chexpert_n1000_seed1_densenet121_matched,chexpert,1000,1,densenet121,matched,Atelectasis,2000,57,0.6510911865355619,0.04066535858175629,0.9499672212080331,0.9575942459106446
chexpert_n1000_seed1_densenet121_matched,chexpert,1000,1,densenet121,matched,Consolidation,2000,65,0.8007910952096999,0.1295828083561384,0.24685034232942013,0.2765089141726494
nih_n1000_seed1_densenet121_matched,nih,1000,1,densenet121,matched,Cardiomegaly,2000,218,0.7482933308621382,0.34442623769330316,0.10606757809227668,0.10708449748158455
nih_n1000_seed1_densenet121_matched,nih,1000,1,densenet121,matched,Pleural_Effusion,2000,69,0.8591966316168689,0.3096590560846514,0.03640823424450293,0.03390248453617096
nih_n1000_seed1_densenet121_matched,nih,1000,1,densenet121,matched,Atelectasis,2000,57,0.5515977282372168,0.04476615288675662,0.03432925603248691,0.036712368190288544
nih_n1000_seed1_densenet121_matched,nih,1000,1,densenet121,matched,Consolidation,2000,65,0.6434386801828662,0.11136681343096494,0.0322742491677067,0.0323560306429863
chexpert_n10000_seed1_densenet121_matched,chexpert,10000,1,densenet121,matched,Cardiomegaly,2000,218,0.7947968471668778,0.30207037106340917,0.3057255903659153,0.3301840755343437
chexpert_n10000_seed1_densenet121_matched,chexpert,10000,1,densenet121,matched,Pleural_Effusion,2000,69,0.9407380721860716,0.32764594515975815,0.16833384765171405,0.19630242061614991
chexpert_n10000_seed1_densenet121_matched,chexpert,10000,1,densenet121,matched,Atelectasis,2000,57,0.6027394786503055,0.036635023504549065,0.919423125664385,0.9339641984701157
chexpert_n10000_seed1_densenet121_matched,chexpert,10000,1,densenet121,matched,Consolidation,2000,65,0.8264559729676008,0.2004366418144083,0.11667400975103465,0.13142519629001617
nih_n10000_seed1_densenet121_matched,nih,10000,1,densenet121,matched,Cardiomegaly,2000,218,0.727894387298057,0.3009280893172789,0.10260587920132543,0.10092551389336586
nih_n10000_seed1_densenet121_matched,nih,10000,1,densenet121,matched,Pleural_Effusion,2000,69,0.8978602361170529,0.5589039176204549,0.02255859943382985,0.020919953554868698
nih_n10000_seed1_densenet121_matched,nih,10000,1,densenet121,matched,Atelectasis,2000,57,0.6907928596581521,0.06843021326731434,0.04002075223419565,0.04052308940887451
nih_n10000_seed1_densenet121_matched,nih,10000,1,densenet121,matched,Consolidation,2000,65,0.7238560922281853,0.14841439959562666,0.03129849886912746,0.030816534489393234
chexpert_nall_seed1_densenet121_matched,chexpert,all,1,densenet121,matched,Cardiomegaly,2000,218,0.9039657533541325,0.6532492285628608,0.10607127472264255,0.17758392143249513
chexpert_nall_seed1_densenet121_matched,chexpert,all,1,densenet121,matched,Pleural_Effusion,2000,69,0.980726363902461,0.7082487859701102,0.09768045475840699,0.18114171189069747
chexpert_nall_seed1_densenet121_matched,chexpert,all,1,densenet121,matched,Atelectasis,2000,57,0.8776354163845022,0.21772419911146945,0.5658805046230555,0.713880126953125
chexpert_nall_seed1_densenet121_matched,chexpert,all,1,densenet121,matched,Consolidation,2000,65,0.9182667461737228,0.45348057418776244,0.07940364994139258,0.14029287004470825
nih_nall_seed1_densenet121_matched,nih,all,1,densenet121,matched,Cardiomegaly,2000,218,0.8739947898969306,0.5387935224278725,0.0883173523001952,0.08685185661911965
nih_nall_seed1_densenet121_matched,nih,all,1,densenet121,matched,Pleural_Effusion,2000,69,0.9517145880710604,0.6950484981094736,0.017670178886259817,0.01626975566148758
nih_nall_seed1_densenet121_matched,nih,all,1,densenet121,matched,Atelectasis,2000,57,0.8365928975810601,0.14974977052153365,0.02829256435404588,0.014145540505647659
nih_nall_seed1_densenet121_matched,nih,all,1,densenet121,matched,Consolidation,2000,65,0.8630172927847347,0.3460369684708527,0.026951329232080865,0.015223550796508788
chexpert_n1000_seed2_densenet121_matched,chexpert,1000,2,densenet121,matched,Cardiomegaly,2000,218,0.7789876337276949,0.30148118919428707,0.19456966657257305,0.19993886503577232
chexpert_n1000_seed2_densenet121_matched,chexpert,1000,2,densenet121,matched,Pleural_Effusion,2000,69,0.8655123499876162,0.1649535326344938,0.25502261726446457,0.2839909552931786
chexpert_n1000_seed2_densenet121_matched,chexpert,1000,2,densenet121,matched,Atelectasis,2000,57,0.6082292710675298,0.03641178795177152,0.9612841234049992,0.9647556686401367
chexpert_n1000_seed2_densenet121_matched,chexpert,1000,2,densenet121,matched,Consolidation,2000,65,0.7584138342277877,0.16377385639934255,0.11809483719722359,0.13688765004277229
nih_n1000_seed2_densenet121_matched,nih,1000,2,densenet121,matched,Cardiomegaly,2000,218,0.6332012788434808,0.20545332444488,0.10762194931922944,0.10688616934418678
nih_n1000_seed2_densenet121_matched,nih,1000,2,densenet121,matched,Pleural_Effusion,2000,69,0.8064192916488415,0.2070330155702163,0.05130378498308411,0.054313424050807954
nih_n1000_seed2_densenet121_matched,nih,1000,2,densenet121,matched,Atelectasis,2000,57,0.6836687704851422,0.06243230582940221,0.03535416814626733,0.039695478588342666
nih_n1000_seed2_densenet121_matched,nih,1000,2,densenet121,matched,Consolidation,2000,65,0.605919300337905,0.06279338015045878,0.03350937751137952,0.03371475219726563
chexpert_n10000_seed2_densenet121_matched,chexpert,10000,2,densenet121,matched,Cardiomegaly,2000,218,0.8351854426013448,0.4029617302965374,0.1880246213580927,0.19334333953261376
chexpert_n10000_seed2_densenet121_matched,chexpert,10000,2,densenet121,matched,Pleural_Effusion,2000,69,0.9487800118583898,0.5129852236139373,0.08246587094806279,0.09255642968416214
chexpert_n10000_seed2_densenet121_matched,chexpert,10000,2,densenet121,matched,Atelectasis,2000,57,0.6707343500284422,0.04499630202413497,0.9210175874843207,0.9359455156326294
chexpert_n10000_seed2_densenet121_matched,chexpert,10000,2,densenet121,matched,Consolidation,2000,65,0.8844404690916319,0.28241333771891375,0.1330187228005541,0.1517647538781166
nih_n10000_seed2_densenet121_matched,nih,10000,2,densenet121,matched,Cardiomegaly,2000,218,0.8183928994326548,0.47674536785935484,0.09655515170513428,0.0981649948656559
nih_n10000_seed2_densenet121_matched,nih,10000,2,densenet121,matched,Pleural_Effusion,2000,69,0.8063029593437356,0.3577275878903106,0.02949629994900018,0.028819988399744034
nih_n10000_seed2_densenet121_matched,nih,10000,2,densenet121,matched,Atelectasis,2000,57,0.6604139014546144,0.09852377903686557,0.03578346710699192,0.03622653776407242
nih_n10000_seed2_densenet121_matched,nih,10000,2,densenet121,matched,Consolidation,2000,65,0.6667899026038561,0.13809807260601153,0.032130155743567486,0.03218768215179443
chexpert_nall_seed2_densenet121_matched,chexpert,all,2,densenet121,matched,Cardiomegaly,2000,218,0.9149754424983783,0.6502520529730278,0.11579675491363924,0.1797070837020874
chexpert_nall_seed2_densenet121_matched,chexpert,all,2,densenet121,matched,Pleural_Effusion,2000,69,0.9811841878128776,0.6995173938473105,0.089080279880473,0.15898942148685455
chexpert_nall_seed2_densenet121_matched,chexpert,all,2,densenet121,matched,Atelectasis,2000,57,0.8405567444086283,0.09792524691245405,0.6753297989172861,0.7838271484375
chexpert_nall_seed2_densenet121_matched,chexpert,all,2,densenet121,matched,Consolidation,2000,65,0.9100417412045319,0.49392640156956524,0.07684872344171045,0.13595128989219665
nih_nall_seed2_densenet121_matched,nih,all,2,densenet121,matched,Cardiomegaly,2000,218,0.8880304059967667,0.5659174739615606,0.08839467141772184,0.08780540299415589
nih_nall_seed2_densenet121_matched,nih,all,2,densenet121,matched,Pleural_Effusion,2000,69,0.9588146113375213,0.6730441313810859,0.018575738403048107,0.014001622527837753
nih_nall_seed2_densenet121_matched,nih,all,2,densenet121,matched,Atelectasis,2000,57,0.8620238191980207,0.17547637219403023,0.026874276391328715,0.011742423623800277
nih_nall_seed2_densenet121_matched,nih,all,2,densenet121,matched,Consolidation,2000,65,0.8778612601868416,0.38063397601436794,0.025870521009557303,0.013176637887954711
chexpert_n1000_seed3_densenet121_matched,chexpert,1000,3,densenet121,matched,Cardiomegaly,2000,218,0.7549037778395578,0.22495158477225255,0.5302928377347448,0.5674689066708087
chexpert_n1000_seed3_densenet121_matched,chexpert,1000,3,densenet121,matched,Pleural_Effusion,2000,69,0.8388835100833839,0.12897172717835506,0.36558684653445117,0.3907484923303127
chexpert_n1000_seed3_densenet121_matched,chexpert,1000,3,densenet121,matched,Atelectasis,2000,57,0.5499544022175873,0.0320500104909713,0.9341302601361604,0.944866720199585
chexpert_n1000_seed3_densenet121_matched,chexpert,1000,3,densenet121,matched,Consolidation,2000,65,0.7519618366129994,0.11780490915322539,0.14513660917674542,0.16385542929172517
nih_n1000_seed3_densenet121_matched,nih,1000,3,densenet121,matched,Cardiomegaly,2000,218,0.6438518724451446,0.21709021824934344,0.10898771848903939,0.10898904755711555
nih_n1000_seed3_densenet121_matched,nih,1000,3,densenet121,matched,Pleural_Effusion,2000,69,0.8329017780079406,0.2954951493087856,0.0400813109345642,0.04196229735016823
nih_n1000_seed3_densenet121_matched,nih,1000,3,densenet121,matched,Atelectasis,2000,57,0.6557818891025814,0.05690879845878265,0.04397326960392772,0.04821710053086281
nih_n1000_seed3_densenet121_matched,nih,1000,3,densenet121,matched,Consolidation,2000,65,0.7234386801828663,0.15788308982863608,0.03235151003621309,0.03238274574279785
chexpert_n10000_seed3_densenet121_matched,chexpert,10000,3,densenet121,matched,Cardiomegaly,2000,218,0.8244074280007001,0.3731928524081143,0.24135802229177977,0.2603301283121109
chexpert_n10000_seed3_densenet121_matched,chexpert,10000,3,densenet121,matched,Pleural_Effusion,2000,69,0.9357883202365674,0.3005388524138812,0.19131644815569432,0.22010535034537315
chexpert_n10000_seed3_densenet121_matched,chexpert,10000,3,densenet121,matched,Atelectasis,2000,57,0.6415427400204061,0.04143953180992262,0.9379973985627584,0.9483870124816894
chexpert_n10000_seed3_densenet121_matched,chexpert,10000,3,densenet121,matched,Consolidation,2000,65,0.845947127807593,0.16092015298362777,0.1976413420864727,0.21669003990292549
nih_n10000_seed3_densenet121_matched,nih,10000,3,densenet121,matched,Cardiomegaly,2000,218,0.7125961449355944,0.33166471037024314,0.10469092199929012,0.10526825082302094
nih_n10000_seed3_densenet121_matched,nih,10000,3,densenet121,matched,Pleural_Effusion,2000,69,0.9013877318202628,0.49347689534347333,0.02667110705330615,0.024927275449037552
nih_n10000_seed3_densenet121_matched,nih,10000,3,densenet121,matched,Atelectasis,2000,57,0.6916732128829536,0.061702009433190055,0.04664552009137013,0.04634925246238709
nih_n10000_seed3_densenet121_matched,nih,10000,3,densenet121,matched,Consolidation,2000,65,0.6941920095408468,0.10908702685639607,0.032232280366827556,0.03201666688919067
chexpert_nall_seed3_densenet121_matched,chexpert,all,3,densenet121,matched,Cardiomegaly,2000,218,0.89873376991114,0.6090465097849731,0.11424695284327026,0.17688619232177735
chexpert_nall_seed3_densenet121_matched,chexpert,all,3,densenet121,matched,Pleural_Effusion,2000,69,0.9801034231718941,0.6753766572616455,0.10496787308895034,0.18772532439231873
chexpert_nall_seed3_densenet121_matched,chexpert,all,3,densenet121,matched,Atelectasis,2000,57,0.8555498370217876,0.1584923827645498,0.5865208581575425,0.7168695602416992
chexpert_nall_seed3_densenet121_matched,chexpert,all,3,densenet121,matched,Consolidation,2000,65,0.9241025641025642,0.49917263477125473,0.07025202573679033,0.12193207132816315
nih_nall_seed3_densenet121_matched,nih,all,3,densenet121,matched,Cardiomegaly,2000,218,0.8944825420360588,0.5954023412529417,0.08408614277138635,0.08274214774370194
nih_nall_seed3_densenet121_matched,nih,all,3,densenet121,matched,Pleural_Effusion,2000,69,0.9463370334511667,0.6227306404579798,0.019378633468807593,0.01706995913386345
nih_nall_seed3_densenet121_matched,nih,all,3,densenet121,matched,Atelectasis,2000,57,0.8720011557457721,0.15755078768874506,0.027425027907040843,0.012595501631498337
nih_nall_seed3_densenet121_matched,nih,all,3,densenet121,matched,Consolidation,2000,65,0.8734923474458358,0.28992312876435905,0.027637059699829707,0.015422542780637741
chexpert_n1000_seed1_resnet34_convergence,chexpert,1000,1,resnet34,convergence,Cardiomegaly,2000,218,0.7936757997920076,0.4200002766710773,0.14324106890483118,0.15745922315120697
chexpert_n1000_seed1_resnet34_convergence,chexpert,1000,1,resnet34,convergence,Pleural_Effusion,2000,69,0.8250624817058069,0.3020665632316963,0.222222716369053,0.2748239090144634
chexpert_n1000_seed1_resnet34_convergence,chexpert,1000,1,resnet34,convergence,Atelectasis,2000,57,0.6298769311338046,0.042835025100791006,0.5700078508972953,0.6433437030315399
chexpert_n1000_seed1_resnet34_convergence,chexpert,1000,1,resnet34,convergence,Consolidation,2000,65,0.7606320810971974,0.11100061621830991,0.1651354976032566,0.20212329646945
nih_n1000_seed1_resnet34_convergence,nih,1000,1,resnet34,convergence,Cardiomegaly,2000,218,0.6661389635395751,0.19983454503067188,0.1073868559495368,0.10294172006845474
nih_n1000_seed1_resnet34_convergence,nih,1000,1,resnet34,convergence,Pleural_Effusion,2000,69,0.7904554972643145,0.17305135062401886,0.06547027614084962,0.0698969070315361
nih_n1000_seed1_resnet34_convergence,nih,1000,1,resnet34,convergence,Atelectasis,2000,57,0.7146436601023919,0.10124692608106949,0.038283011078951774,0.040513033360242846
nih_n1000_seed1_resnet34_convergence,nih,1000,1,resnet34,convergence,Consolidation,2000,65,0.6276565295169947,0.04916973916175085,0.03279982337059122,0.03269403013586998
chexpert_n10000_seed1_resnet34_convergence,chexpert,10000,1,resnet34,convergence,Cardiomegaly,2000,218,0.8885735540934319,0.5574165955596637,0.09495502385834698,0.15024715423583984
chexpert_n10000_seed1_resnet34_convergence,chexpert,10000,1,resnet34,convergence,Pleural_Effusion,2000,69,0.9557862187497654,0.5859619185644174,0.13044650108079076,0.2634036293029785
chexpert_n10000_seed1_resnet34_convergence,chexpert,10000,1,resnet34,convergence,Atelectasis,2000,57,0.8194824425964551,0.1709304513226619,0.608934914380312,0.7590032958984375
chexpert_n10000_seed1_resnet34_convergence,chexpert,10000,1,resnet34,convergence,Consolidation,2000,65,0.8821506658715961,0.26723650441168345,0.04432901953192049,0.06519912910461426
nih_n10000_seed1_resnet34_convergence,nih,10000,1,resnet34,convergence,Cardiomegaly,2000,218,0.7353671784099918,0.29818119760153805,0.09192707541960408,0.05904622650146484
nih_n10000_seed1_resnet34_convergence,nih,10000,1,resnet34,convergence,Pleural_Effusion,2000,69,0.9185861497009133,0.5634472885426864,0.025316771117057216,0.04896658992767334
nih_n10000_seed1_resnet34_convergence,nih,10000,1,resnet34,convergence,Atelectasis,2000,57,0.7575326633619561,0.06593981111653177,0.05940396988145312,0.12719304275512694
nih_n10000_seed1_resnet34_convergence,nih,10000,1,resnet34,convergence,Consolidation,2000,65,0.7946571258199165,0.11401812931453162,0.03031422383162726,0.007084657192230224
chexpert_nall_seed1_resnet34_convergence,chexpert,all,1,resnet34,convergence,Cardiomegaly,2000,218,0.9396217526951472,0.7179736207939722,0.12479648499167524,0.2252421875
chexpert_nall_seed1_resnet34_convergence,chexpert,all,1,resnet34,convergence,Pleural_Effusion,2000,69,0.9836684454251383,0.7653980926116999,0.09078764470255601,0.18825236463546752
chexpert_nall_seed1_resnet34_convergence,chexpert,all,1,resnet34,convergence,Atelectasis,2000,57,0.8595814033281867,0.24700540589663922,0.6466015288680792,0.7743275146484375
chexpert_nall_seed1_resnet34_convergence,chexpert,all,1,resnet34,convergence,Consolidation,2000,65,0.9195468097793679,0.41479831930505784,0.06067150366830947,0.11052105379104614
nih_nall_seed1_resnet34_convergence,nih,all,1,resnet34,convergence,Cardiomegaly,2000,218,0.8815782699574748,0.5445436686417201,0.08209194086415093,0.07361123329401016
nih_nall_seed1_resnet34_convergence,nih,all,1,resnet34,convergence,Pleural_Effusion,2000,69,0.9471476069319043,0.6555434725683315,0.019756484625092413,0.03415100073814392
nih_nall_seed1_resnet34_convergence,nih,all,1,resnet34,convergence,Atelectasis,2000,57,0.8436041209560186,0.13093571073632282,0.030030529925973725,0.034615696430206296
nih_nall_seed1_resnet34_convergence,nih,all,1,resnet34,convergence,Consolidation,2000,65,0.9162790697674419,0.3864712524476677,0.02667407098618426,0.013001225352287293
chexpert_n1000_seed2_resnet34_convergence,chexpert,1000,2,resnet34,convergence,Cardiomegaly,2000,218,0.568278349241652,0.13324868236961432,0.13756018743583207,0.13743143945932387
chexpert_n1000_seed2_resnet34_convergence,chexpert,1000,2,resnet34,convergence,Pleural_Effusion,2000,69,0.8870713529822349,0.24514038677402633,0.2945358632878717,0.34143406215310096
chexpert_n1000_seed2_resnet34_convergence,chexpert,1000,2,resnet34,convergence,Atelectasis,2000,57,0.7514604834267862,0.07541939175283678,0.7885206233789156,0.8287646226584912
chexpert_n1000_seed2_resnet34_convergence,chexpert,1000,2,resnet34,convergence,Consolidation,2000,65,0.761208507255019,0.22227691018375348,0.04054886541164845,0.0409853401184082
nih_n1000_seed2_resnet34_convergence,nih,1000,2,resnet34,convergence,Cardiomegaly,2000,218,0.6393470896529,0.22188962845005572,0.10643560564533706,0.10615171539783477
nih_n1000_seed2_resnet34_convergence,nih,1000,2,resnet34,convergence,Pleural_Effusion,2000,69,0.8339750373389173,0.20790384443380247,0.036655145749673594,0.0364287688434124
nih_n1000_seed2_resnet34_convergence,nih,1000,2,resnet34,convergence,Atelectasis,2000,57,0.6420890104829753,0.06752593496315656,0.030109192280466723,0.030951332718133925
nih_n1000_seed2_resnet34_convergence,nih,1000,2,resnet34,convergence,Consolidation,2000,65,0.6566805804015106,0.06287848606711799,0.03284554680703405,0.03266044920682907
chexpert_n10000_seed2_resnet34_convergence,chexpert,10000,2,resnet34,convergence,Cardiomegaly,2000,218,0.8326537546721032,0.4398610848608986,0.28768196250521577,0.41071224975585935
chexpert_n10000_seed2_resnet34_convergence,chexpert,10000,2,resnet34,convergence,Pleural_Effusion,2000,69,0.938081192443654,0.5377386317062398,0.17458596016601405,0.2846448755264282
chexpert_n10000_seed2_resnet34_convergence,chexpert,10000,2,resnet34,convergence,Atelectasis,2000,57,0.7337676409242355,0.0864827592988564,0.8620804122686386,0.913614990234375
chexpert_n10000_seed2_resnet34_convergence,chexpert,10000,2,resnet34,convergence,Consolidation,2000,65,0.8654780361757106,0.3080142512812071,0.09597963399695073,0.1680980682373047
nih_n10000_seed2_resnet34_convergence,nih,10000,2,resnet34,convergence,Cardiomegaly,2000,218,0.7367392065404297,0.28847084026934044,0.0982544474047972,0.06697422778606414
nih_n10000_seed2_resnet34_convergence,nih,10000,2,resnet34,convergence,Pleural_Effusion,2000,69,0.8807368713364705,0.43471519780263007,0.042643061839175544,0.07171174612641334
nih_n10000_seed2_resnet34_convergence,nih,10000,2,resnet34,convergence,Atelectasis,2000,57,0.8284123845382886,0.15282649136816276,0.026052366837419128,0.011003425866365433
nih_n10000_seed2_resnet34_convergence,nih,10000,2,resnet34,convergence,Consolidation,2000,65,0.8007195388590738,0.20313864014620112,0.029139506219220068,0.016266707450151442
chexpert_nall_seed2_resnet34_convergence,chexpert,all,2,resnet34,convergence,Cardiomegaly,2000,218,0.941108331016588,0.7331217185633447,0.1021841569057433,0.18637255096435548
chexpert_nall_seed2_resnet34_convergence,chexpert,all,2,resnet34,convergence,Pleural_Effusion,2000,69,0.9738552525912083,0.7959403542925507,0.06512691248682677,0.1457368812561035
chexpert_nall_seed2_resnet34_convergence,chexpert,all,2,resnet34,convergence,Atelectasis,2000,57,0.8708273514460365,0.2649982825005691,0.6474903663862497,0.7765879211425781
chexpert_nall_seed2_resnet34_convergence,chexpert,all,2,resnet34,convergence,Consolidation,2000,65,0.9061975750347844,0.4016670096452942,0.05577042715438302,0.09292194318771363
nih_nall_seed2_resnet34_convergence,nih,all,2,resnet34,convergence,Cardiomegaly,2000,218,0.9008008216723813,0.5645253398675245,0.07477440124486975,0.058415220618247984
nih_nall_seed2_resnet34_convergence,nih,all,2,resnet34,convergence,Pleural_Effusion,2000,69,0.9552233204992532,0.6782462599468134,0.019111574350874235,0.032203296065330504
nih_nall_seed2_resnet34_convergence,nih,all,2,resnet34,convergence,Atelectasis,2000,57,0.8609448221686486,0.16417050948263953,0.027927508407439773,0.02710325300693512
nih_nall_seed2_resnet34_convergence,nih,all,2,resnet34,convergence,Consolidation,2000,65,0.9068694096601074,0.3895602227270193,0.028053873621834667,0.016816057205200196
chexpert_n1000_seed3_resnet34_convergence,chexpert,1000,3,resnet34,convergence,Cardiomegaly,2000,218,0.8205281664761788,0.3866513358908815,0.1708928254702835,0.17605250111222268
chexpert_n1000_seed3_resnet34_convergence,chexpert,1000,3,resnet34,convergence,Pleural_Effusion,2000,69,0.816832909283318,0.205606226359408,0.3121144231409144,0.3681789711713791
chexpert_n1000_seed3_resnet34_convergence,chexpert,1000,3,resnet34,convergence,Atelectasis,2000,57,0.5780128396131864,0.03466695454875956,0.7401984853869543,0.7990629895925522
chexpert_n1000_seed3_resnet34_convergence,chexpert,1000,3,resnet34,convergence,Consolidation,2000,65,0.7588749751540449,0.14770256654808064,0.19240185559332018,0.24367047491669655
nih_n1000_seed3_resnet34_convergence,nih,1000,3,resnet34,convergence,Cardiomegaly,2000,218,0.6255843346821941,0.16613302064971347,0.10795156334143391,0.1071480370759964
nih_n1000_seed3_resnet34_convergence,nih,1000,3,resnet34,convergence,Pleural_Effusion,2000,69,0.7569705566688432,0.16607783623377054,0.0677135153970182,0.07564478233456612
nih_n1000_seed3_resnet34_convergence,nih,1000,3,resnet34,convergence,Atelectasis,2000,57,0.6954474451697953,0.06721999600539781,0.05904836853750733,0.06141965326666832
nih_n1000_seed3_resnet34_convergence,nih,1000,3,resnet34,convergence,Consolidation,2000,65,0.6664678990260385,0.0779463833267365,0.03276309202669033,0.03315431633591652
chexpert_n10000_seed3_resnet34_convergence,chexpert,10000,3,resnet34,convergence,Cardiomegaly,2000,218,0.847605772299962,0.49837771963818284,0.15505537914147136,0.24382946014404297
chexpert_n10000_seed3_resnet34_convergence,chexpert,10000,3,resnet34,convergence,Pleural_Effusion,2000,69,0.9575236980163466,0.6382799022300006,0.07910897391770641,0.14810197019577026
chexpert_n10000_seed3_resnet34_convergence,chexpert,10000,3,resnet34,convergence,Atelectasis,2000,57,0.7457720472049914,0.16550114969047158,0.749719690144062,0.84708203125
chexpert_n10000_seed3_resnet34_convergence,chexpert,10000,3,resnet34,convergence,Consolidation,2000,65,0.8389028026237328,0.2330603831406609,0.03931752609043906,0.05424978637695312
nih_n10000_seed3_resnet34_convergence,nih,10000,3,resnet34,convergence,Cardiomegaly,2000,218,0.7582965228225167,0.2834096567872907,0.0928170381210257,0.05705867385864258
nih_n10000_seed3_resnet34_convergence,nih,10000,3,resnet34,convergence,Pleural_Effusion,2000,69,0.9197644833719856,0.4146922116977325,0.04298050869295366,0.09570849132537841
nih_n10000_seed3_resnet34_convergence,nih,10000,3,resnet34,convergence,Atelectasis,2000,57,0.7645754891603687,0.07099550231306354,0.040043800626097435,0.0856945447921753
nih_n10000_seed3_resnet34_convergence,nih,10000,3,resnet34,convergence,Consolidation,2000,65,0.8212681375472073,0.13209673996683266,0.029733152872808546,0.006076119184494019
chexpert_nall_seed3_resnet34_convergence,chexpert,all,3,resnet34,convergence,Cardiomegaly,2000,218,0.9397453124517344,0.7326956701372261,0.11682317839132156,0.2210655288696289
chexpert_nall_seed3_resnet34_convergence,chexpert,all,3,resnet34,convergence,Pleural_Effusion,2000,69,0.973138495485556,0.7121576345790858,0.09203344751803161,0.18855922508239747
chexpert_nall_seed3_resnet34_convergence,chexpert,all,3,resnet34,convergence,Atelectasis,2000,57,0.8668319021950139,0.21518800130091256,0.6567524828761816,0.7835718994140625
chexpert_nall_seed3_resnet34_convergence,chexpert,all,3,resnet34,convergence,Consolidation,2000,65,0.9005485986881336,0.4467227827817018,0.07296354573546705,0.1407421226501465
nih_nall_seed3_resnet34_convergence,nih,all,3,resnet34,convergence,Cardiomegaly,2000,218,0.9015164385959493,0.5797780764347258,0.08758715122756262,0.08547239911556244
nih_nall_seed3_resnet34_convergence,nih,all,3,resnet34,convergence,Pleural_Effusion,2000,69,0.9728983255653375,0.6612733315625291,0.019097130983616296,0.03506703114509582
nih_nall_seed3_resnet34_convergence,nih,all,3,resnet34,convergence,Atelectasis,2000,57,0.8201460934889978,0.13628067239237118,0.031070431329929874,0.040463277101516724
nih_nall_seed3_resnet34_convergence,nih,all,3,resnet34,convergence,Consolidation,2000,65,0.9112621745179885,0.4329751574536791,0.02841516830349997,0.014710842132568359
