source,training_size,finding,left,right,metric,difference,ci95_lower,ci95_upper,valid_replicates
chexpert,1000,Pleural_Effusion,source_threshold,target_empirical_90,sensitivity,0.09178743961352658,0.05000000000000001,0.1372549019607843,2000
chexpert,1000,Pleural_Effusion,source_threshold,target_empirical_90,specificity,-0.16364577938891764,-0.1729673744174003,-0.15459588285866022,2000
chexpert,1000,Pleural_Effusion,target_empirical_90,target_order_statistic_95,sensitivity,0.057971014492753624,0.022222222222222223,0.10477443609022549,2000
chexpert,1000,Pleural_Effusion,target_empirical_90,target_order_statistic_95,specificity,-0.42033488693250476,-0.43452805106783265,-0.40603401451831406,2000
chexpert,1000,Cardiomegaly,raw,target_logistic,Brier,-0.2677710411044029,-0.2847562464921237,-0.2508076511148024,2000
chexpert,1000,Cardiomegaly,source_logistic,target_logistic,Brier,-0.17757840415162415,-0.19011343859428725,-0.16506323653701022,2000
chexpert,1000,Cardiomegaly,target_constant_prevalence,target_logistic,Brier,-0.01159644507946922,-0.015460583170045184,-0.008050682457523602,2000
chexpert,1000,Pleural_Effusion,raw,target_logistic,Brier,-0.35509899861944066,-0.37237822065988035,-0.33799910934208793,2000
chexpert,1000,Pleural_Effusion,source_logistic,target_logistic,Brier,-0.24546668864339502,-0.2587556615303462,-0.2328500424592086,2000
chexpert,1000,Pleural_Effusion,target_constant_prevalence,target_logistic,Brier,-0.0025218478774154712,-0.004137273758512825,-0.0009064102550830147,2000
chexpert,1000,Atelectasis,raw,target_logistic,Brier,-0.9209071151387521,-0.9347661861737664,-0.9068028584658997,2000
chexpert,1000,Atelectasis,source_logistic,target_logistic,Brier,-0.841234464852171,-0.8540984793064681,-0.8281353449567714,2000
chexpert,1000,Atelectasis,target_constant_prevalence,target_logistic,Brier,-0.0001345802223545558,-0.00021755093102358486,-5.586955530291727e-05,2000
chexpert,1000,Consolidation,raw,target_logistic,Brier,-0.1403169472107111,-0.15195166216181955,-0.128174721952137,2000
chexpert,1000,Consolidation,source_logistic,target_logistic,Brier,-0.09987412201769875,-0.10807501767519445,-0.09190956429364251,2000
chexpert,1000,Consolidation,target_constant_prevalence,target_logistic,Brier,-0.001735684309581417,-0.0029085021883486265,-0.0006478379838618355,2000
chexpert,10000,Pleural_Effusion,source_threshold,target_empirical_90,sensitivity,0.06280193236714976,0.026455026455026454,0.10798122065727699,2000
chexpert,10000,Pleural_Effusion,source_threshold,target_empirical_90,specificity,-0.03901260141550147,-0.04430788463104462,-0.0339562291937031,2000
chexpert,10000,Pleural_Effusion,target_empirical_90,target_order_statistic_95,sensitivity,0.08695652173913043,0.04687271564327485,0.13333333333333333,2000
chexpert,10000,Pleural_Effusion,target_empirical_90,target_order_statistic_95,specificity,-0.4797168997065424,-0.4948348725772267,-0.4651193750243812,2000
chexpert,10000,Cardiomegaly,raw,target_logistic,Brier,-0.1631689840162471,-0.178890893443083,-0.1479931290632148,2000
chexpert,10000,Cardiomegaly,source_logistic,target_logistic,Brier,-0.12361505549943275,-0.13500736193339322,-0.11239941010382877,2000
chexpert,10000,Cardiomegaly,target_constant_prevalence,target_logistic,Brier,-0.015575906010984492,-0.02056364354021916,-0.010890058668583624,2000
chexpert,10000,Pleural_Effusion,raw,target_logistic,Brier,-0.12369288123700228,-0.13537366697879893,-0.11213031087619861,2000
chexpert,10000,Pleural_Effusion,source_logistic,target_logistic,Brier,-0.10060391780790527,-0.10903811811115174,-0.092168029110093,2000
chexpert,10000,Pleural_Effusion,target_constant_prevalence,target_logistic,Brier,-0.00968682565184521,-0.013945863420174804,-0.005374902110137835,2000
chexpert,10000,Atelectasis,raw,target_logistic,Brier,-0.8986635773921193,-0.9124755205740466,-0.8844500714528745,2000
chexpert,10000,Atelectasis,source_logistic,target_logistic,Brier,-0.8230879401999096,-0.8358939629463041,-0.8104843594179084,2000
chexpert,10000,Atelectasis,target_constant_prevalence,target_logistic,Brier,-0.00020554015496448137,-0.00039077342410649306,-3.352567468963518e-05,2000
chexpert,10000,Consolidation,raw,target_logistic,Brier,-0.12119683643804376,-0.13354218683330707,-0.10876309409013699,2000
chexpert,10000,Consolidation,source_logistic,target_logistic,Brier,-0.0863495961526131,-0.09525099771088621,-0.07760236659141392,2000
chexpert,10000,Consolidation,target_constant_prevalence,target_logistic,Brier,-0.0035314782253566177,-0.005294877455316794,-0.0019304563901795116,2000
chexpert,all,Pleural_Effusion,source_threshold,target_empirical_90,sensitivity,-0.004830917874396136,-0.0273972602739726,0.017861164736164715,2000
chexpert,all,Pleural_Effusion,source_threshold,target_empirical_90,specificity,-0.000690488520628345,-0.0031252858729743857,0.002061882254111216,2000
chexpert,all,Pleural_Effusion,target_empirical_90,target_order_statistic_95,sensitivity,0.0966183574879227,0.049176309868209575,0.1506938498858447,2000
chexpert,all,Pleural_Effusion,target_empirical_90,target_order_statistic_95,specificity,-0.32107716209218023,-0.3378370639690268,-0.3037370693959866,2000
chexpert,all,Cardiomegaly,raw,target_logistic,Brier,-0.05158740772745163,-0.060176697350753754,-0.04304538433373282,2000
chexpert,all,Cardiomegaly,source_logistic,target_logistic,Brier,-0.06307535027129384,-0.07146960273406153,-0.054618609192258284,2000
chexpert,all,Cardiomegaly,target_constant_prevalence,target_logistic,Brier,-0.03699208023426761,-0.044671173897052475,-0.02995460276060908,2000
chexpert,all,Pleural_Effusion,raw,target_logistic,Brier,-0.08086821952209289,-0.08962227883255866,-0.07234516712441974,2000
chexpert,all,Pleural_Effusion,source_logistic,target_logistic,Brier,-0.08218384288280345,-0.09016637784203271,-0.07433733688438114,2000
chexpert,all,Pleural_Effusion,target_constant_prevalence,target_logistic,Brier,-0.01699135027948276,-0.022563808083789445,-0.011545882312780299,2000
chexpert,all,Atelectasis,raw,target_logistic,Brier,-0.583441670322655,-0.5995172664445194,-0.5681676654402773,2000
chexpert,all,Atelectasis,source_logistic,target_logistic,Brier,-0.6875363514244373,-0.7008443098710749,-0.6743014675079707,2000
chexpert,all,Atelectasis,target_constant_prevalence,target_logistic,Brier,-0.0018859497566936394,-0.003360143600311421,-0.0004894382448409748,2000
chexpert,all,Consolidation,raw,target_logistic,Brier,-0.05332637594358983,-0.061842556937126494,-0.04506209990310435,2000
chexpert,all,Consolidation,source_logistic,target_logistic,Brier,-0.0471671766125016,-0.05448004321411423,-0.03987925547548337,2000
chexpert,all,Consolidation,target_constant_prevalence,target_logistic,Brier,-0.009270909570292028,-0.01326291851361565,-0.005485599334961604,2000
nih,1000,Pleural_Effusion,source_threshold,target_empirical_90,sensitivity,-0.01932367149758454,-0.038762919896640824,-0.004218090717299585,2000
nih,1000,Pleural_Effusion,source_threshold,target_empirical_90,specificity,0.17883652684274123,0.16942173607138641,0.18883759616624926,2000
nih,1000,Pleural_Effusion,target_empirical_90,target_order_statistic_95,sensitivity,0.057971014492753624,0.025252525252525252,0.09678099904723012,2000
nih,1000,Pleural_Effusion,target_empirical_90,target_order_statistic_95,specificity,-0.39720352149145527,-0.41104246467809474,-0.3832983323077405,2000
nih,1000,Cardiomegaly,raw,target_logistic,Brier,-0.016310286048322884,-0.02019939026084563,-0.012549607603439967,2000
nih,1000,Cardiomegaly,source_logistic,target_logistic,Brier,-0.00951618234334438,-0.012369416495019858,-0.006745394029645451,2000
nih,1000,Cardiomegaly,target_constant_prevalence,target_logistic,Brier,-0.006194204081474378,-0.008370300345008092,-0.004092210958348368,2000
nih,1000,Pleural_Effusion,raw,target_logistic,Brier,-0.013003453454881362,-0.016010637189386327,-0.009857690133881512,2000
nih,1000,Pleural_Effusion,source_logistic,target_logistic,Brier,-0.008507990445233843,-0.010039258860450177,-0.007019861560739379,2000
nih,1000,Pleural_Effusion,target_constant_prevalence,target_logistic,Brier,-0.0037716767341642774,-0.006697362692155522,-0.0009204805088249401,2000
nih,1000,Atelectasis,raw,target_logistic,Brier,-0.01039585919041573,-0.012781330864882319,-0.008015084106544688,2000
nih,1000,Atelectasis,source_logistic,target_logistic,Brier,-0.006520021628781907,-0.007896694155517475,-0.005129593267081168,2000
nih,1000,Atelectasis,target_constant_prevalence,target_logistic,Brier,-0.00019829459618840974,-0.00038244014392024747,-3.0210198709778846e-05,2000
nih,1000,Consolidation,raw,target_logistic,Brier,-0.0013689027348719322,-0.002063829551875553,-0.0007418886889744027,2000
nih,1000,Consolidation,source_logistic,target_logistic,Brier,0.00035267759509695703,-7.066792867480039e-06,0.0007372082072395039,2000
nih,1000,Consolidation,target_constant_prevalence,target_logistic,Brier,-0.00010319049643882609,-0.00018167854151143747,-3.3306934526829297e-05,2000
nih,10000,Pleural_Effusion,source_threshold,target_empirical_90,sensitivity,-0.04830917874396135,-0.08176100628930817,-0.020512820512820513,2000
nih,10000,Pleural_Effusion,source_threshold,target_empirical_90,specificity,0.22475401346452614,0.21449180791932704,0.23561343581331315,2000
nih,10000,Pleural_Effusion,target_empirical_90,target_order_statistic_95,sensitivity,0.10144927536231885,0.05479077775282581,0.15493564837299656,2000
nih,10000,Pleural_Effusion,target_empirical_90,target_order_statistic_95,specificity,-0.4552045572242361,-0.46875053916494136,-0.44287889740155084,2000
nih,10000,Cardiomegaly,raw,target_logistic,Brier,-0.017487335427463682,-0.02172156343476035,-0.013595675058726577,2000
nih,10000,Cardiomegaly,source_logistic,target_logistic,Brier,-0.011440267380111543,-0.014774487079770493,-0.008318648552798891,2000
nih,10000,Cardiomegaly,target_constant_prevalence,target_logistic,Brier,-0.013646351125547079,-0.017459065220702126,-0.010032402462571732,2000
nih,10000,Pleural_Effusion,raw,target_logistic,Brier,-0.0023411103373408948,-0.003897757454909764,-0.0008428760119483089,2000
nih,10000,Pleural_Effusion,source_logistic,target_logistic,Brier,-0.004268275673060143,-0.005119034130658195,-0.0033831667314032604,2000
nih,10000,Pleural_Effusion,target_constant_prevalence,target_logistic,Brier,-0.009465108191962163,-0.013350273200778686,-0.005825465110288259,2000
nih,10000,Atelectasis,raw,target_logistic,Brier,-0.013273133858543803,-0.016419703720960917,-0.010470465047234012,2000
nih,10000,Atelectasis,source_logistic,target_logistic,Brier,-0.0046996297289553755,-0.005811459364480762,-0.003534691149819191,2000
nih,10000,Atelectasis,target_constant_prevalence,target_logistic,Brier,-0.00014455404769123312,-0.0008300034278916355,0.0005086340807590872,2000
nih,10000,Consolidation,raw,target_logistic,Brier,-0.0011025738798902294,-0.00182705035387764,-0.00043981901430243075,2000
nih,10000,Consolidation,source_logistic,target_logistic,Brier,0.00024487251559829386,-5.4676638815186956e-05,0.0005606307629075115,2000
nih,10000,Consolidation,target_constant_prevalence,target_logistic,Brier,-0.0006615955533827282,-0.0009596589274068482,-0.0003911392526629021,2000
nih,all,Pleural_Effusion,source_threshold,target_empirical_90,sensitivity,-0.07246376811594203,-0.11737779618889808,-0.03070049405122001,2000
nih,all,Pleural_Effusion,source_threshold,target_empirical_90,specificity,0.10754358708786466,0.09775474956822107,0.11731290224212367,2000
nih,all,Pleural_Effusion,target_empirical_90,target_order_statistic_95,sensitivity,0.0966183574879227,0.049999999999999996,0.15032879005260638,2000
nih,all,Pleural_Effusion,target_empirical_90,target_order_statistic_95,specificity,-0.17400310719834286,-0.18651690391099315,-0.161305385345299,2000
nih,all,Cardiomegaly,raw,target_logistic,Brier,-0.020160087517245684,-0.02549335161491814,-0.0151394862297457,2000
nih,all,Cardiomegaly,source_logistic,target_logistic,Brier,-0.022247303881142946,-0.028030804037922387,-0.016818800670008564,2000
nih,all,Cardiomegaly,target_constant_prevalence,target_logistic,Brier,-0.030670365354144562,-0.037962648396114615,-0.02402631993085434,2000
nih,all,Pleural_Effusion,raw,target_logistic,Brier,-0.0004190891844183613,-0.0007287263009635145,-0.00010500335042638451,2000
nih,all,Pleural_Effusion,source_logistic,target_logistic,Brier,-0.001735445077107035,-0.0025927503117529034,-0.0008647588048016561,2000
nih,all,Pleural_Effusion,target_constant_prevalence,target_logistic,Brier,-0.015243572265046523,-0.020603384123106683,-0.010013201266353853,2000
nih,all,Atelectasis,raw,target_logistic,Brier,-0.0014300428034944997,-0.002368534734631904,-0.0005018658903271939,2000
nih,all,Atelectasis,source_logistic,target_logistic,Brier,-0.0005884655016605852,-0.0012335485709106038,4.964433760715904e-05,2000
nih,all,Atelectasis,target_constant_prevalence,target_logistic,Brier,-0.0015874199193560174,-0.003517329154558218,0.00020340641335460727,2000
nih,all,Consolidation,raw,target_logistic,Brier,-0.0009174108871324429,-0.001689346284945103,-0.00017931190699936527,2000
nih,all,Consolidation,source_logistic,target_logistic,Brier,-0.001820075437994055,-0.003137807723533643,-0.0005808913469603633,2000
nih,all,Consolidation,target_constant_prevalence,target_logistic,Brier,-0.005543774239976482,-0.008225999989850557,-0.003035535814702973,2000
