run_id,source,training_size,model_seed,finding,assessment_images,assessment_positive,method,fit_n,fit_positive,fit_negative,fit_status,map_intercept,map_slope,negative_map_slope,calibration_images,calibration_positive,sampling_seed
chexpert_n1000_seed1_densenet121_matched,chexpert,1000,1,Cardiomegaly,2000,218,source_logistic,2968,2240,728,fitted,-0.20484107732772827,0.1730007380247116,False,,,
chexpert_n1000_seed1_densenet121_matched,chexpert,1000,1,Cardiomegaly,2000,218,target_logistic,1000,91,909,fitted,-2.960949659347534,0.18829286098480225,False,1000.0,91.0,0.0
chexpert_n1000_seed1_densenet121_matched,chexpert,1000,1,Pleural_Effusion,2000,69,source_logistic,9462,7080,2382,fitted,-0.3634815216064453,0.19420433044433594,False,,,
chexpert_n1000_seed1_densenet121_matched,chexpert,1000,1,Pleural_Effusion,2000,69,target_logistic,1000,42,958,fitted,-4.955901145935059,0.1926766037940979,False,1000.0,42.0,0.0
chexpert_n1000_seed1_densenet121_matched,chexpert,1000,1,Atelectasis,2000,57,source_logistic,2862,2748,114,fitted,1.255980372428894,0.13820698857307434,False,,,
chexpert_n1000_seed1_densenet121_matched,chexpert,1000,1,Atelectasis,2000,57,target_logistic,1000,29,971,fitted,-5.870840549468994,0.17201846837997437,False,1000.0,29.0,0.0
chexpert_n1000_seed1_densenet121_matched,chexpert,1000,1,Consolidation,2000,65,source_logistic,3067,1233,1834,fitted,-0.27251794934272766,0.20631630718708038,False,,,
chexpert_n1000_seed1_densenet121_matched,chexpert,1000,1,Consolidation,2000,65,target_logistic,1000,31,969,fitted,-3.4883742332458496,0.11852496862411499,False,1000.0,31.0,0.0
nih_n1000_seed1_densenet121_matched,nih,1000,1,Cardiomegaly,2000,218,source_logistic,11342,279,11063,fitted,-0.9505081176757812,0.22438675165176392,False,,,
nih_n1000_seed1_densenet121_matched,nih,1000,1,Cardiomegaly,2000,218,target_logistic,1000,91,909,fitted,2.140406847000122,0.3925829827785492,False,1000.0,91.0,0.0
nih_n1000_seed1_densenet121_matched,nih,1000,1,Pleural_Effusion,2000,69,source_logistic,11342,1368,9974,fitted,-0.475325345993042,0.17009641230106354,False,,,
nih_n1000_seed1_densenet121_matched,nih,1000,1,Pleural_Effusion,2000,69,target_logistic,1000,42,958,fitted,-0.9844377636909485,0.26665592193603516,False,1000.0,42.0,0.0
nih_n1000_seed1_densenet121_matched,nih,1000,1,Atelectasis,2000,57,source_logistic,11342,1207,10135,fitted,-1.0057947635650635,0.10173735022544861,False,,,
nih_n1000_seed1_densenet121_matched,nih,1000,1,Atelectasis,2000,57,target_logistic,1000,29,971,fitted,-2.392699956893921,0.0932207852602005,False,1000.0,29.0,0.0
nih_n1000_seed1_densenet121_matched,nih,1000,1,Consolidation,2000,65,source_logistic,11342,517,10825,fitted,-1.283692717552185,0.14670203626155853,False,,,
nih_n1000_seed1_densenet121_matched,nih,1000,1,Consolidation,2000,65,target_logistic,1000,31,969,fitted,-3.0416152477264404,0.02848646230995655,False,1000.0,31.0,0.0
chexpert_n10000_seed1_densenet121_matched,chexpert,10000,1,Cardiomegaly,2000,218,source_logistic,2968,2240,728,fitted,0.07862504571676254,0.19417701661586761,False,,,
chexpert_n10000_seed1_densenet121_matched,chexpert,10000,1,Cardiomegaly,2000,218,target_logistic,1000,91,909,fitted,-2.796520948410034,0.15753813087940216,False,1000.0,91.0,0.0
chexpert_n10000_seed1_densenet121_matched,chexpert,10000,1,Pleural_Effusion,2000,69,source_logistic,9462,7080,2382,fitted,0.006400956306606531,0.20632480084896088,False,,,
chexpert_n10000_seed1_densenet121_matched,chexpert,10000,1,Pleural_Effusion,2000,69,target_logistic,1000,42,958,fitted,-3.7616522312164307,0.21625487506389618,False,1000.0,42.0,0.0
chexpert_n10000_seed1_densenet121_matched,chexpert,10000,1,Atelectasis,2000,57,source_logistic,2862,2748,114,fitted,1.414110779762268,0.13107523322105408,False,,,
chexpert_n10000_seed1_densenet121_matched,chexpert,10000,1,Atelectasis,2000,57,target_logistic,1000,29,971,fitted,-4.503082275390625,0.08424744009971619,False,1000.0,29.0,0.0
chexpert_n10000_seed1_densenet121_matched,chexpert,10000,1,Consolidation,2000,65,source_logistic,3067,1233,1834,fitted,-0.25607505440711975,0.2078646570444107,False,,,
chexpert_n10000_seed1_densenet121_matched,chexpert,10000,1,Consolidation,2000,65,target_logistic,1000,31,969,fitted,-2.9289352893829346,0.14327026903629303,False,1000.0,31.0,0.0
nih_n10000_seed1_densenet121_matched,nih,10000,1,Cardiomegaly,2000,218,source_logistic,11342,279,11063,fitted,-0.6515917778015137,0.27160462737083435,False,,,
nih_n10000_seed1_densenet121_matched,nih,10000,1,Cardiomegaly,2000,218,target_logistic,1000,91,909,fitted,-0.6291272640228271,0.16200178861618042,False,1000.0,91.0,0.0
nih_n10000_seed1_densenet121_matched,nih,10000,1,Pleural_Effusion,2000,69,source_logistic,11342,1368,9974,fitted,-0.5185768008232117,0.17413990199565887,False,,,
nih_n10000_seed1_densenet121_matched,nih,10000,1,Pleural_Effusion,2000,69,target_logistic,1000,42,958,fitted,-0.34885716438293457,0.3266603350639343,False,1000.0,42.0,0.0
nih_n10000_seed1_densenet121_matched,nih,10000,1,Atelectasis,2000,57,source_logistic,11342,1207,10135,fitted,-1.0338209867477417,0.12378381937742233,False,,,
nih_n10000_seed1_densenet121_matched,nih,10000,1,Atelectasis,2000,57,target_logistic,1000,29,971,fitted,-1.8632137775421143,0.17776772379875183,False,1000.0,29.0,0.0
nih_n10000_seed1_densenet121_matched,nih,10000,1,Consolidation,2000,65,source_logistic,11342,517,10825,fitted,-1.3060461282730103,0.15963824093341827,False,,,
nih_n10000_seed1_densenet121_matched,nih,10000,1,Consolidation,2000,65,target_logistic,1000,31,969,fitted,-1.9630670547485352,0.13015542924404144,False,1000.0,31.0,0.0
chexpert_nall_seed1_densenet121_matched,chexpert,all,1,Cardiomegaly,2000,218,source_logistic,2968,2240,728,fitted,0.12039212882518768,0.7616329193115234,False,,,
chexpert_nall_seed1_densenet121_matched,chexpert,all,1,Cardiomegaly,2000,218,target_logistic,1000,91,909,fitted,-2.2016940116882324,0.889880359172821,False,1000.0,91.0,0.0
chexpert_nall_seed1_densenet121_matched,chexpert,all,1,Pleural_Effusion,2000,69,source_logistic,9462,7080,2382,fitted,-0.019116397947072983,0.8003472089767456,False,,,
chexpert_nall_seed1_densenet121_matched,chexpert,all,1,Pleural_Effusion,2000,69,target_logistic,1000,42,958,fitted,-4.379995346069336,1.139318823814392,False,1000.0,42.0,0.0
chexpert_nall_seed1_densenet121_matched,chexpert,all,1,Atelectasis,2000,57,source_logistic,2862,2748,114,fitted,0.9122391939163208,0.6300196051597595,False,,,
chexpert_nall_seed1_densenet121_matched,chexpert,all,1,Atelectasis,2000,57,target_logistic,1000,29,971,fitted,-6.196982383728027,1.1519428491592407,False,1000.0,29.0,0.0
chexpert_nall_seed1_densenet121_matched,chexpert,all,1,Consolidation,2000,65,source_logistic,3067,1233,1834,fitted,-0.16585397720336914,0.7682070136070251,False,,,
chexpert_nall_seed1_densenet121_matched,chexpert,all,1,Consolidation,2000,65,target_logistic,1000,31,969,fitted,-3.102216958999634,0.6904446482658386,False,1000.0,31.0,0.0
nih_nall_seed1_densenet121_matched,nih,all,1,Cardiomegaly,2000,218,source_logistic,11342,279,11063,fitted,-0.7102875709533691,0.6959226131439209,False,,,
nih_nall_seed1_densenet121_matched,nih,all,1,Cardiomegaly,2000,218,target_logistic,1000,91,909,fitted,1.5222285985946655,0.7683071494102478,False,1000.0,91.0,0.0
nih_nall_seed1_densenet121_matched,nih,all,1,Pleural_Effusion,2000,69,source_logistic,11342,1368,9974,fitted,-0.3067585229873657,0.7293676137924194,False,,,
nih_nall_seed1_densenet121_matched,nih,all,1,Pleural_Effusion,2000,69,target_logistic,1000,42,958,fitted,0.1263653188943863,1.3284844160079956,False,1000.0,42.0,0.0
nih_nall_seed1_densenet121_matched,nih,all,1,Atelectasis,2000,57,source_logistic,11342,1207,10135,fitted,-0.5879734754562378,0.6312611699104309,False,,,
nih_nall_seed1_densenet121_matched,nih,all,1,Atelectasis,2000,57,target_logistic,1000,29,971,fitted,-0.695421576499939,0.9305997490882874,False,1000.0,29.0,0.0
nih_nall_seed1_densenet121_matched,nih,all,1,Consolidation,2000,65,source_logistic,11342,517,10825,fitted,-0.8421048521995544,0.6578056812286377,False,,,
nih_nall_seed1_densenet121_matched,nih,all,1,Consolidation,2000,65,target_logistic,1000,31,969,fitted,0.5202299356460571,0.9246018528938293,False,1000.0,31.0,0.0
chexpert_n1000_seed2_densenet121_matched,chexpert,1000,2,Cardiomegaly,2000,218,source_logistic,2968,2240,728,fitted,0.19100236892700195,0.1436915397644043,False,,,
chexpert_n1000_seed2_densenet121_matched,chexpert,1000,2,Cardiomegaly,2000,218,target_logistic,1000,91,909,fitted,-2.0513226985931396,0.19310517609119415,False,1000.0,91.0,0.0
chexpert_n1000_seed2_densenet121_matched,chexpert,1000,2,Pleural_Effusion,2000,69,source_logistic,9462,7080,2382,fitted,-0.22114020586013794,0.1979091912508011,False,,,
chexpert_n1000_seed2_densenet121_matched,chexpert,1000,2,Pleural_Effusion,2000,69,target_logistic,1000,42,958,fitted,-3.6008732318878174,0.16031518578529358,False,1000.0,42.0,0.0
chexpert_n1000_seed2_densenet121_matched,chexpert,1000,2,Atelectasis,2000,57,source_logistic,2862,2748,114,fitted,1.6203265190124512,0.10487574338912964,False,,,
chexpert_n1000_seed2_densenet121_matched,chexpert,1000,2,Atelectasis,2000,57,target_logistic,1000,29,971,fitted,-4.578348636627197,0.07576324790716171,False,1000.0,29.0,0.0
chexpert_n1000_seed2_densenet121_matched,chexpert,1000,2,Consolidation,2000,65,source_logistic,3067,1233,1834,fitted,-0.14638091623783112,0.18671740591526031,False,,,
chexpert_n1000_seed2_densenet121_matched,chexpert,1000,2,Consolidation,2000,65,target_logistic,1000,31,969,fitted,-2.8562490940093994,0.1550392210483551,False,1000.0,31.0,0.0
nih_n1000_seed2_densenet121_matched,nih,1000,2,Cardiomegaly,2000,218,source_logistic,11342,279,11063,fitted,-0.7975881099700928,0.2419440895318985,False,,,
nih_n1000_seed2_densenet121_matched,nih,1000,2,Cardiomegaly,2000,218,target_logistic,1000,91,909,fitted,-0.877376914024353,0.12356657534837723,False,1000.0,91.0,0.0
nih_n1000_seed2_densenet121_matched,nih,1000,2,Pleural_Effusion,2000,69,source_logistic,11342,1368,9974,fitted,-0.37082746624946594,0.17663803696632385,False,,,
nih_n1000_seed2_densenet121_matched,nih,1000,2,Pleural_Effusion,2000,69,target_logistic,1000,42,958,fitted,-1.501303791999817,0.24702036380767822,False,1000.0,42.0,0.0
nih_n1000_seed2_densenet121_matched,nih,1000,2,Atelectasis,2000,57,source_logistic,11342,1207,10135,fitted,-1.0559662580490112,0.10633238404989243,False,,,
nih_n1000_seed2_densenet121_matched,nih,1000,2,Atelectasis,2000,57,target_logistic,1000,29,971,fitted,-2.331503391265869,0.10180840641260147,False,1000.0,29.0,0.0
nih_n1000_seed2_densenet121_matched,nih,1000,2,Consolidation,2000,65,source_logistic,11342,517,10825,fitted,-1.3873448371887207,0.1306622475385666,False,,,
nih_n1000_seed2_densenet121_matched,nih,1000,2,Consolidation,2000,65,target_logistic,1000,31,969,fitted,-2.3643319606781006,0.08520711213350296,False,1000.0,31.0,0.0
chexpert_n10000_seed2_densenet121_matched,chexpert,10000,2,Cardiomegaly,2000,218,source_logistic,2968,2240,728,fitted,0.1475842148065567,0.17955856025218964,False,,,
chexpert_n10000_seed2_densenet121_matched,chexpert,10000,2,Cardiomegaly,2000,218,target_logistic,1000,91,909,fitted,-2.1604034900665283,0.15265212953090668,False,1000.0,91.0,0.0
chexpert_n10000_seed2_densenet121_matched,chexpert,10000,2,Pleural_Effusion,2000,69,source_logistic,9462,7080,2382,fitted,0.09469527006149292,0.2042166143655777,False,,,
chexpert_n10000_seed2_densenet121_matched,chexpert,10000,2,Pleural_Effusion,2000,69,target_logistic,1000,42,958,fitted,-3.12561297416687,0.24225562810897827,False,1000.0,42.0,0.0
chexpert_n10000_seed2_densenet121_matched,chexpert,10000,2,Atelectasis,2000,57,source_logistic,2862,2748,114,fitted,2.0667104721069336,0.07909628748893738,False,,,
chexpert_n10000_seed2_densenet121_matched,chexpert,10000,2,Atelectasis,2000,57,target_logistic,1000,29,971,fitted,-4.926485061645508,0.11637274920940399,False,1000.0,29.0,0.0
chexpert_n10000_seed2_densenet121_matched,chexpert,10000,2,Consolidation,2000,65,source_logistic,3067,1233,1834,fitted,0.015074814669787884,0.1990254819393158,False,,,
chexpert_n10000_seed2_densenet121_matched,chexpert,10000,2,Consolidation,2000,65,target_logistic,1000,31,969,fitted,-3.1254825592041016,0.1218273714184761,False,1000.0,31.0,0.0
nih_n10000_seed2_densenet121_matched,nih,10000,2,Cardiomegaly,2000,218,source_logistic,11342,279,11063,fitted,-1.1202905178070068,0.23490934073925018,False,,,
nih_n10000_seed2_densenet121_matched,nih,10000,2,Cardiomegaly,2000,218,target_logistic,1000,91,909,fitted,1.4940176010131836,0.3716419041156769,False,1000.0,91.0,0.0
nih_n10000_seed2_densenet121_matched,nih,10000,2,Pleural_Effusion,2000,69,source_logistic,11342,1368,9974,fitted,-0.5310243964195251,0.18283255398273468,False,,,
nih_n10000_seed2_densenet121_matched,nih,10000,2,Pleural_Effusion,2000,69,target_logistic,1000,42,958,fitted,-0.9081021547317505,0.30316227674484253,False,1000.0,42.0,0.0
nih_n10000_seed2_densenet121_matched,nih,10000,2,Atelectasis,2000,57,source_logistic,11342,1207,10135,fitted,-1.0624308586120605,0.1160249188542366,False,,,
nih_n10000_seed2_densenet121_matched,nih,10000,2,Atelectasis,2000,57,target_logistic,1000,29,971,fitted,-1.865543246269226,0.16105882823467255,False,1000.0,29.0,0.0
nih_n10000_seed2_densenet121_matched,nih,10000,2,Consolidation,2000,65,source_logistic,11342,517,10825,fitted,-1.3358659744262695,0.14975444972515106,False,,,
nih_n10000_seed2_densenet121_matched,nih,10000,2,Consolidation,2000,65,target_logistic,1000,31,969,fitted,-1.8192695379257202,0.12332726269960403,False,1000.0,31.0,0.0
chexpert_nall_seed2_densenet121_matched,chexpert,all,2,Cardiomegaly,2000,218,source_logistic,2968,2240,728,fitted,0.082895427942276,0.7682286500930786,False,,,
chexpert_nall_seed2_densenet121_matched,chexpert,all,2,Cardiomegaly,2000,218,target_logistic,1000,91,909,fitted,-2.3135154247283936,0.8284684419631958,False,1000.0,91.0,0.0
chexpert_nall_seed2_densenet121_matched,chexpert,all,2,Pleural_Effusion,2000,69,source_logistic,9462,7080,2382,fitted,0.12288879603147507,0.7682632207870483,False,,,
chexpert_nall_seed2_densenet121_matched,chexpert,all,2,Pleural_Effusion,2000,69,target_logistic,1000,42,958,fitted,-4.099736213684082,1.079162836074829,False,1000.0,42.0,0.0
chexpert_nall_seed2_densenet121_matched,chexpert,all,2,Atelectasis,2000,57,source_logistic,2862,2748,114,fitted,1.075199842453003,0.5999090075492859,False,,,
chexpert_nall_seed2_densenet121_matched,chexpert,all,2,Atelectasis,2000,57,target_logistic,1000,29,971,fitted,-6.5930914878845215,1.0362757444381714,False,1000.0,29.0,0.0
chexpert_nall_seed2_densenet121_matched,chexpert,all,2,Consolidation,2000,65,source_logistic,3067,1233,1834,fitted,-0.12066590785980225,0.7092470526695251,False,,,
chexpert_nall_seed2_densenet121_matched,chexpert,all,2,Consolidation,2000,65,target_logistic,1000,31,969,fitted,-3.0932796001434326,0.6642888784408569,False,1000.0,31.0,0.0
nih_nall_seed2_densenet121_matched,nih,all,2,Cardiomegaly,2000,218,source_logistic,11342,279,11063,fitted,-0.6957863569259644,0.6622450947761536,False,,,
nih_nall_seed2_densenet121_matched,nih,all,2,Cardiomegaly,2000,218,target_logistic,1000,91,909,fitted,1.3547443151474,0.6624612808227539,False,1000.0,91.0,0.0
nih_nall_seed2_densenet121_matched,nih,all,2,Pleural_Effusion,2000,69,source_logistic,11342,1368,9974,fitted,-0.32005682587623596,0.7265345454216003,False,,,
nih_nall_seed2_densenet121_matched,nih,all,2,Pleural_Effusion,2000,69,target_logistic,1000,42,958,fitted,0.03278500586748123,1.1661417484283447,False,1000.0,42.0,0.0
nih_nall_seed2_densenet121_matched,nih,all,2,Atelectasis,2000,57,source_logistic,11342,1207,10135,fitted,-0.5726423263549805,0.6360778212547302,False,,,
nih_nall_seed2_densenet121_matched,nih,all,2,Atelectasis,2000,57,target_logistic,1000,29,971,fitted,-0.4443897306919098,0.9878107905387878,False,1000.0,29.0,0.0
nih_nall_seed2_densenet121_matched,nih,all,2,Consolidation,2000,65,source_logistic,11342,517,10825,fitted,-0.7850485444068909,0.6822816729545593,False,,,
nih_nall_seed2_densenet121_matched,nih,all,2,Consolidation,2000,65,target_logistic,1000,31,969,fitted,0.18481020629405975,0.8647438883781433,False,1000.0,31.0,0.0
chexpert_n1000_seed3_densenet121_matched,chexpert,1000,3,Cardiomegaly,2000,218,source_logistic,2968,2240,728,fitted,-0.03678934648633003,0.17724093794822693,False,,,
chexpert_n1000_seed3_densenet121_matched,chexpert,1000,3,Cardiomegaly,2000,218,target_logistic,1000,91,909,fitted,-2.9943249225616455,0.12059764564037323,False,1000.0,91.0,0.0
chexpert_n1000_seed3_densenet121_matched,chexpert,1000,3,Pleural_Effusion,2000,69,source_logistic,9462,7080,2382,fitted,0.03691192343831062,0.18489804863929749,False,,,
chexpert_n1000_seed3_densenet121_matched,chexpert,1000,3,Pleural_Effusion,2000,69,target_logistic,1000,42,958,fitted,-3.705036163330078,0.1332898736000061,False,1000.0,42.0,0.0
chexpert_n1000_seed3_densenet121_matched,chexpert,1000,3,Atelectasis,2000,57,source_logistic,2862,2748,114,fitted,2.211498260498047,0.06631912291049957,False,,,
chexpert_n1000_seed3_densenet121_matched,chexpert,1000,3,Atelectasis,2000,57,target_logistic,1000,29,971,fitted,-3.381145477294922,-0.010967559181153774,True,1000.0,29.0,0.0
chexpert_n1000_seed3_densenet121_matched,chexpert,1000,3,Consolidation,2000,65,source_logistic,3067,1233,1834,fitted,-0.08020906895399094,0.18216505646705627,False,,,
chexpert_n1000_seed3_densenet121_matched,chexpert,1000,3,Consolidation,2000,65,target_logistic,1000,31,969,fitted,-3.0717387199401855,0.11901683360338211,False,1000.0,31.0,0.0
nih_n1000_seed3_densenet121_matched,nih,1000,3,Cardiomegaly,2000,218,source_logistic,11342,279,11063,fitted,-2.0863687992095947,0.11922267079353333,False,,,
nih_n1000_seed3_densenet121_matched,nih,1000,3,Cardiomegaly,2000,218,target_logistic,1000,91,909,fitted,1.8994033336639404,0.304698646068573,False,1000.0,91.0,0.0
nih_n1000_seed3_densenet121_matched,nih,1000,3,Pleural_Effusion,2000,69,source_logistic,11342,1368,9974,fitted,-0.7625236511230469,0.15390858054161072,False,,,
nih_n1000_seed3_densenet121_matched,nih,1000,3,Pleural_Effusion,2000,69,target_logistic,1000,42,958,fitted,-0.8701153993606567,0.2640261650085449,False,1000.0,42.0,0.0
nih_n1000_seed3_densenet121_matched,nih,1000,3,Atelectasis,2000,57,source_logistic,11342,1207,10135,fitted,-0.9379386901855469,0.11474360525608063,False,,,
nih_n1000_seed3_densenet121_matched,nih,1000,3,Atelectasis,2000,57,target_logistic,1000,29,971,fitted,-2.82592511177063,0.0702340230345726,False,1000.0,29.0,0.0
nih_n1000_seed3_densenet121_matched,nih,1000,3,Consolidation,2000,65,source_logistic,11342,517,10825,fitted,-1.263330101966858,0.1462097018957138,False,,,
nih_n1000_seed3_densenet121_matched,nih,1000,3,Consolidation,2000,65,target_logistic,1000,31,969,fitted,-3.3931076526641846,0.0035888091661036015,False,1000.0,31.0,0.0
chexpert_n10000_seed3_densenet121_matched,chexpert,10000,3,Cardiomegaly,2000,218,source_logistic,2968,2240,728,fitted,0.02245732769370079,0.19190987944602966,False,,,
chexpert_n10000_seed3_densenet121_matched,chexpert,10000,3,Cardiomegaly,2000,218,target_logistic,1000,91,909,fitted,-2.5776047706604004,0.1938266158103943,False,1000.0,91.0,0.0
chexpert_n10000_seed3_densenet121_matched,chexpert,10000,3,Pleural_Effusion,2000,69,source_logistic,9462,7080,2382,fitted,-0.22257518768310547,0.21000689268112183,False,,,
chexpert_n10000_seed3_densenet121_matched,chexpert,10000,3,Pleural_Effusion,2000,69,target_logistic,1000,42,958,fitted,-4.526432514190674,0.2523214817047119,False,1000.0,42.0,0.0
chexpert_n10000_seed3_densenet121_matched,chexpert,10000,3,Atelectasis,2000,57,source_logistic,2862,2748,114,fitted,1.6361932754516602,0.11163891851902008,False,,,
chexpert_n10000_seed3_densenet121_matched,chexpert,10000,3,Atelectasis,2000,57,target_logistic,1000,29,971,fitted,-5.974546432495117,0.19001202285289764,False,1000.0,29.0,0.0
chexpert_n10000_seed3_densenet121_matched,chexpert,10000,3,Consolidation,2000,65,source_logistic,3067,1233,1834,fitted,-0.3541872799396515,0.20171856880187988,False,,,
chexpert_n10000_seed3_densenet121_matched,chexpert,10000,3,Consolidation,2000,65,target_logistic,1000,31,969,fitted,-3.6052939891815186,0.14490292966365814,False,1000.0,31.0,0.0
nih_n10000_seed3_densenet121_matched,nih,10000,3,Cardiomegaly,2000,218,source_logistic,11342,279,11063,fitted,-0.882089376449585,0.2447420060634613,False,,,
nih_n10000_seed3_densenet121_matched,nih,10000,3,Cardiomegaly,2000,218,target_logistic,1000,91,909,fitted,0.8990530967712402,0.25510430335998535,False,1000.0,91.0,0.0
nih_n10000_seed3_densenet121_matched,nih,10000,3,Pleural_Effusion,2000,69,source_logistic,11342,1368,9974,fitted,-0.5552764534950256,0.17642836272716522,False,,,
nih_n10000_seed3_densenet121_matched,nih,10000,3,Pleural_Effusion,2000,69,target_logistic,1000,42,958,fitted,-0.8679322004318237,0.29130882024765015,False,1000.0,42.0,0.0
nih_n10000_seed3_densenet121_matched,nih,10000,3,Atelectasis,2000,57,source_logistic,11342,1207,10135,fitted,-1.0581668615341187,0.11881773173809052,False,,,
nih_n10000_seed3_densenet121_matched,nih,10000,3,Atelectasis,2000,57,target_logistic,1000,29,971,fitted,-1.9475901126861572,0.16718105971813202,False,1000.0,29.0,0.0
nih_n10000_seed3_densenet121_matched,nih,10000,3,Consolidation,2000,65,source_logistic,11342,517,10825,fitted,-1.506700038909912,0.13528741896152496,False,,,
nih_n10000_seed3_densenet121_matched,nih,10000,3,Consolidation,2000,65,target_logistic,1000,31,969,fitted,-2.2127699851989746,0.09981495141983032,False,1000.0,31.0,0.0
chexpert_nall_seed3_densenet121_matched,chexpert,all,3,Cardiomegaly,2000,218,source_logistic,2968,2240,728,fitted,0.07918154448270798,0.738383948802948,False,,,
chexpert_nall_seed3_densenet121_matched,chexpert,all,3,Cardiomegaly,2000,218,target_logistic,1000,91,909,fitted,-2.245236873626709,0.8210065364837646,False,1000.0,91.0,0.0
chexpert_nall_seed3_densenet121_matched,chexpert,all,3,Pleural_Effusion,2000,69,source_logistic,9462,7080,2382,fitted,-0.037138186395168304,0.7960143089294434,False,,,
chexpert_nall_seed3_densenet121_matched,chexpert,all,3,Pleural_Effusion,2000,69,target_logistic,1000,42,958,fitted,-4.384631633758545,1.0385557413101196,False,1000.0,42.0,0.0
chexpert_nall_seed3_densenet121_matched,chexpert,all,3,Atelectasis,2000,57,source_logistic,2862,2748,114,fitted,1.0553405284881592,0.6005420088768005,False,,,
chexpert_nall_seed3_densenet121_matched,chexpert,all,3,Atelectasis,2000,57,target_logistic,1000,29,971,fitted,-6.645214080810547,1.160360336303711,False,1000.0,29.0,0.0
chexpert_nall_seed3_densenet121_matched,chexpert,all,3,Consolidation,2000,65,source_logistic,3067,1233,1834,fitted,-0.24055293202400208,0.7426830530166626,False,,,
chexpert_nall_seed3_densenet121_matched,chexpert,all,3,Consolidation,2000,65,target_logistic,1000,31,969,fitted,-3.0031967163085938,0.6351862549781799,False,1000.0,31.0,0.0
nih_nall_seed3_densenet121_matched,nih,all,3,Cardiomegaly,2000,218,source_logistic,11342,279,11063,fitted,-0.6420062780380249,0.7158318758010864,False,,,
nih_nall_seed3_densenet121_matched,nih,all,3,Cardiomegaly,2000,218,target_logistic,1000,91,909,fitted,1.3710806369781494,0.7686948776245117,False,1000.0,91.0,0.0
nih_nall_seed3_densenet121_matched,nih,all,3,Pleural_Effusion,2000,69,source_logistic,11342,1368,9974,fitted,-0.3254254162311554,0.7305991053581238,False,,,
nih_nall_seed3_densenet121_matched,nih,all,3,Pleural_Effusion,2000,69,target_logistic,1000,42,958,fitted,-0.10750368237495422,1.1972296237945557,False,1000.0,42.0,0.0
nih_nall_seed3_densenet121_matched,nih,all,3,Atelectasis,2000,57,source_logistic,11342,1207,10135,fitted,-0.5556594133377075,0.6294991374015808,False,,,
nih_nall_seed3_densenet121_matched,nih,all,3,Atelectasis,2000,57,target_logistic,1000,29,971,fitted,-0.6430996656417847,0.8801489472389221,False,1000.0,29.0,0.0
nih_nall_seed3_densenet121_matched,nih,all,3,Consolidation,2000,65,source_logistic,11342,517,10825,fitted,-0.7967027425765991,0.6973048448562622,False,,,
nih_nall_seed3_densenet121_matched,nih,all,3,Consolidation,2000,65,target_logistic,1000,31,969,fitted,0.3928343951702118,0.9084935188293457,False,1000.0,31.0,0.0
