file,rows,columns,fields,unit_of_record,interpretation
Assessment_calibration_diagnostics.csv,120,12,run_id; source; size; model_seed; finding; method; calibration_intercept; calibration_joint_intercept; calibration_slope; diagnostic_status; AUROC; average_precision,One reported model/finding/strategy/sampling or summary record; not an individual patient image,See Methods and the corresponding analysis script; repeated sampling rows are not independent cohorts
Cohort_characteristics.csv,7,15,cohort; images; patient_identifiers; female; male; sex_other_or_missing; age_available; age_missing; age_zero; age_median; age_q1; age_q3; AP; PA; projection_other_or_missing,One reported model/finding/strategy/sampling or summary record; not an individual patient image,See Methods and the corresponding analysis script; repeated sampling rows are not independent cohorts
Conditional_exact_operating_intervals.csv,18,14,source; model_seed; method; tp; fn; tn; fp; sensitivity; specificity; sensitivity_lower; sensitivity_upper; specificity_lower; specificity_upper; interval,One reported model/finding/strategy/sampling or summary record; not an individual patient image,See Methods and the corresponding analysis script; repeated sampling rows are not independent cohorts
Consensus_calibration_all_attempts.csv,11808,21,run_id; source; training_size; model_seed; finding; assessment_images; assessment_positive; calibration_images; calibration_positive; sampling_seed; method; fit_status; Brier; ECE; Brier_skill_vs_constant; fit_n; fit_positive; fit_negative; map_intercept; map_slope; negative_map_slope,One reported model/finding/strategy/sampling or summary record; not an individual patient image,See Methods and the corresponding analysis script; repeated sampling rows are not independent cohorts
Consensus_calibration_maps.csv,144,18,run_id; source; training_size; model_seed; finding; assessment_images; assessment_positive; method; fit_n; fit_positive; fit_negative; fit_status; map_intercept; map_slope; negative_map_slope; calibration_images; calibration_positive; sampling_seed,One reported model/finding/strategy/sampling or summary record; not an individual patient image,See Methods and the corresponding analysis script; repeated sampling rows are not independent cohorts
Consensus_label_counts.csv,8,5,role; finding; images; positive_labels; negative_labels,One reported model/finding/strategy/sampling or summary record; not an individual patient image,See Methods and the corresponding analysis script; repeated sampling rows are not independent cohorts
Consensus_macro_metrics.csv,66,10,run_id; source; size; seed; architecture; schedule; AUROC; average_precision; Brier; ECE,One reported model/finding/strategy/sampling or summary record; not an individual patient image,See Methods and the corresponding analysis script; repeated sampling rows are not independent cohorts
Consensus_paired_strategy_differences.csv,96,10,source; training_size; finding; left; right; metric; difference; ci95_lower; ci95_upper; valid_replicates,One reported model/finding/strategy/sampling or summary record; not an individual patient image,See Methods and the corresponding analysis script; repeated sampling rows are not independent cohorts
Consensus_per_finding_metrics.csv,264,13,run_id; source; size; seed; architecture; schedule; finding; images; positive_labels; AUROC; average_precision; Brier; ECE,One reported model/finding/strategy/sampling or summary record; not an individual patient image,See Methods and the corresponding analysis script; repeated sampling rows are not independent cohorts
Consensus_threshold_all_attempts.csv,5976,21,run_id; source; training_size; model_seed; finding; assessment_images; assessment_positive; method; calibration_images; calibration_positive; sampling_seed; feasible; threshold; failure_reason; tp; fn; tn; fp; sensitivity; specificity; order_rank,One reported model/finding/strategy/sampling or summary record; not an individual patient image,See Methods and the corresponding analysis script; repeated sampling rows are not independent cohorts
Data_dictionary.csv,187,4,file; column; type; description,One reported model/finding/strategy/sampling or summary record; not an individual patient image,See Methods and the corresponding analysis script; repeated sampling rows are not independent cohorts
Development_same_image_reference_metrics.csv,792,14,run_id; source; size; seed; architecture; schedule; reference_policy; finding; images; positive_labels; AUROC; average_precision; Brier; ECE,One reported model/finding/strategy/sampling or summary record; not an individual patient image,See Methods and the corresponding analysis script; repeated sampling rows are not independent cohorts
Development_to_consensus_threshold_transfer.csv,720,13,source; training_size; model_seed; sampling_seed; method; feasible; threshold; tp; fn; tn; fp; sensitivity; specificity,One reported model/finding/strategy/sampling or summary record; not an individual patient image,See Methods and the corresponding analysis script; repeated sampling rows are not independent cohorts
Exact_finite_pool_feasibility.csv,15,6,target; minimum_positive_order_statistic; budget; pool_images; pool_positive; finite_pool_probability,One reported model/finding/strategy/sampling or summary record; not an individual patient image,See Methods and the corresponding analysis script; repeated sampling rows are not independent cohorts
Hypothetical_error_costs.csv,216,11,run_id; source; size; model_seed; finding; method; budget; miss_to_false_alarm_cost; weighted_errors_per_1000; flag_all_cost_per_1000; flag_none_cost_per_1000,One reported model/finding/strategy/sampling or summary record; not an individual patient image,See Methods and the corresponding analysis script; repeated sampling rows are not independent cohorts
Joint_bootstrap_draws.csv,6012,13,source; replicate; method; feasible_models; calibration_positive; assessment_positive; tp; fn; tn; fp; sensitivity; specificity; Brier,One reported model/finding/strategy/sampling or summary record; not an individual patient image,See Methods and the corresponding analysis script; repeated sampling rows are not independent cohorts
Joint_paired_strategy_differences.csv,12,9,source; left; right; metric; difference; lower; upper; valid; requested,One reported model/finding/strategy/sampling or summary record; not an individual patient image,See Methods and the corresponding analysis script; repeated sampling rows are not independent cohorts
Joint_uncertainty_summary.csv,18,9,source; method; metric; estimate; lower; upper; valid; requested; interval,One reported model/finding/strategy/sampling or summary record; not an individual patient image,See Methods and the corresponding analysis script; repeated sampling rows are not independent cohorts
Local_head_fit_attempts.csv,576,11,run_id; source; model_seed; head_budget; sampling_seed; head_loss; finding; fitting_positives; fitting_negatives; status; iterations,One reported model/finding/strategy/sampling or summary record; not an individual patient image,See Methods and the corresponding analysis script; repeated sampling rows are not independent cohorts
Local_head_metrics.csv,468,33,run_id; source; model_seed; head_budget; sampling_seed; head_loss; finding; fitting_positives; fitting_negatives; method; AUROC; average_precision; Brier; ECE; log_loss; local_map_status; recalibrated_Brier; recalibrated_ECE; recalibrated_log_loss; empirical_feasible; empirical_tp; empirical_fn; empirical_tn; empirical_fp; empirical_sensitivity; empirical_specificity; guarded_feasible; guarded_tp; guarded_fn; guarded_tn; guarded_fp; guarded_sensitivity; guarded_specificity,One reported model/finding/strategy/sampling or summary record; not an individual patient image,See Methods and the corresponding analysis script; repeated sampling rows are not independent cohorts
Local_head_operating_bootstrap.csv,4008,9,source; head_loss; method; replicate; paired_fits; sensitivity; specificity; fn; fp,One reported model/finding/strategy/sampling or summary record; not an individual patient image,See Methods and the corresponding analysis script; repeated sampling rows are not independent cohorts
Local_head_operating_intervals.csv,32,12,source; head_loss; method; metric; difference_head_minus_original; lower; upper; valid; requested; head_budget; calibration_budget; interval,One reported model/finding/strategy/sampling or summary record; not an individual patient image,See Methods and the corresponding analysis script; repeated sampling rows are not independent cohorts
Local_head_paired_intervals.csv,32,12,source; head_budget; head_loss; finding; metric; difference_head_minus_original; lower; upper; paired_fits; expected_fits; bootstrap_repeats; conditioning,One reported model/finding/strategy/sampling or summary record; not an individual patient image,See Methods and the corresponding analysis script; repeated sampling rows are not independent cohorts
Local_head_summary.csv,56,11,source; head_budget; head_loss; finding; AUROC; Brier; recalibrated_Brier; empirical_sensitivity; empirical_specificity; guarded_sensitivity; guarded_specificity,One reported model/finding/strategy/sampling or summary record; not an individual patient image,See Methods and the corresponding analysis script; repeated sampling rows are not independent cohorts
Local_sample_composition.csv,3204,5,budget; sampling_repeat; finding; positive; negative,One reported model/finding/strategy/sampling or summary record; not an individual patient image,See Methods and the corresponding analysis script; repeated sampling rows are not independent cohorts
Model_registry_and_training.csv,66,14,run_id; source; size; seed; architecture; schedule; training_images; training_patients; validation_images; validation_patients; updates; best_update; stop_reason; hours,One reported model/finding/strategy/sampling or summary record; not an individual patient image,See Methods and the corresponding analysis script; repeated sampling rows are not independent cohorts
Paired_scale_gains.csv,6,16,source; architecture; schedule; reference_policy; images; gain; between_seed_SD; valid_bootstrap_replicates; requested_bootstrap_replicates; paired_seed_1_gain; paired_seed_2_gain; paired_seed_3_gain; bootstrap_95_lower; bootstrap_95_upper; bootstrap_97_5_lower; bootstrap_97_5_upper,One reported model/finding/strategy/sampling or summary record; not an individual patient image,See Methods and the corresponding analysis script; repeated sampling rows are not independent cohorts
Positive_count_summary.csv,60,10,source; size; positive_labels; method; attempts; feasibility; sensitivity_mean; specificity_mean; specificity_p10; specificity_p90,One reported model/finding/strategy/sampling or summary record; not an individual patient image,See Methods and the corresponding analysis script; repeated sampling rows are not independent cohorts
Positive_count_threshold_experiment.csv,36000,15,run_id; source; size; model_seed; finding; positive_labels; repeat; method; feasible; tp; fn; tn; fp; sensitivity; specificity,One reported model/finding/strategy/sampling or summary record; not an individual patient image,See Methods and the corresponding analysis script; repeated sampling rows are not independent cohorts
Probability_budget_all_attempts.csv,96120,23,run_id; source; size; model_seed; finding; budget; repeat; positive; negative; method; feasible; failure_reason; Brier; ECE; log_loss; Brier_skill_vs_local_constant; map_intercept; fit_n; fit_positive; fit_negative; fit_status; map_slope; negative_map_slope,One reported model/finding/strategy/sampling or summary record; not an individual patient image,See Methods and the corresponding analysis script; repeated sampling rows are not independent cohorts
Probability_budget_summary.csv,200,11,source; finding; method; budget; attempts; feasibility; Brier_mean; Brier_p10; Brier_p90; ECE_mean; log_loss_mean,One reported model/finding/strategy/sampling or summary record; not an individual patient image,See Methods and the corresponding analysis script; repeated sampling rows are not independent cohorts
Reliability_binned_seed1.csv,60,8,source; seed; finding; method; bin; mean_probability; observed_positive_fraction; images,One reported model/finding/strategy/sampling or summary record; not an individual patient image,See Methods and the corresponding analysis script; repeated sampling rows are not independent cohorts
Source_label_counts.csv,16,6,cohort; finding; images; evaluable; positive; negative,One reported model/finding/strategy/sampling or summary record; not an individual patient image,See Methods and the corresponding analysis script; repeated sampling rows are not independent cohorts
Source_training_trajectories.csv,342,3,run_id; updates; validation_macro_auroc,One reported model/finding/strategy/sampling or summary record; not an individual patient image,See Methods and the corresponding analysis script; repeated sampling rows are not independent cohorts
Threshold_budget_all_attempts.csv,86562,23,run_id; source; size; model_seed; finding; method; budget; repeat; target; positive; feasible; threshold; tp; fn; tn; fp; sensitivity; specificity; negative; order_rank; below_target; false_negatives_per_1000; false_positives_per_1000,One reported model/finding/strategy/sampling or summary record; not an individual patient image,See Methods and the corresponding analysis script; repeated sampling rows are not independent cohorts
Threshold_budget_summary.csv,198,23,source; size; method; budget; target; attempts; feasible_attempts; feasibility; positive_min; positive_max; sensitivity_mean; sensitivity_p10; sensitivity_p90; specificity_mean; specificity_p10; specificity_p90; fn_mean; fn_p10; fn_p90; fp_mean; fp_p10; fp_p90; below_target_fraction,One reported model/finding/strategy/sampling or summary record; not an individual patient image,See Methods and the corresponding analysis script; repeated sampling rows are not independent cohorts
