source,training_size,model_seed,sampling_seed,method,feasible,threshold,tp,fn,tn,fp,sensitivity,specificity
chexpert,1000,1,0,empirical_90,True,0.9990234375,63,6,1343,588,0.9130434782608696,0.6954945624029001
chexpert,1000,1,0,order_statistic_95,True,0.99560546875,64,5,1252,679,0.927536231884058,0.6483687208700155
chexpert,1000,1,1,empirical_90,True,0.99853515625,63,6,1316,615,0.9130434782608696,0.681512169860176
chexpert,1000,1,1,order_statistic_95,True,0.96923828125,65,4,1090,841,0.9420289855072463,0.5644743656136717
chexpert,1000,1,2,empirical_90,True,0.99658203125,64,5,1267,664,0.927536231884058,0.6561367167270844
chexpert,1000,1,2,order_statistic_95,True,0.90869140625,66,3,977,954,0.9565217391304348,0.5059554634904194
chexpert,1000,1,3,empirical_90,True,0.998046875,63,6,1303,628,0.9130434782608696,0.6747799067840498
chexpert,1000,1,3,order_statistic_95,True,0.96923828125,65,4,1090,841,0.9420289855072463,0.5644743656136717
chexpert,1000,1,4,empirical_90,True,0.9990234375,63,6,1343,588,0.9130434782608696,0.6954945624029001
chexpert,1000,1,4,order_statistic_95,True,0.986328125,65,4,1155,776,0.9420289855072463,0.5981356809943035
chexpert,1000,1,5,empirical_90,True,0.99658203125,64,5,1267,664,0.927536231884058,0.6561367167270844
chexpert,1000,1,5,order_statistic_95,True,0.96923828125,65,4,1090,841,0.9420289855072463,0.5644743656136717
chexpert,1000,1,6,empirical_90,True,0.99853515625,63,6,1316,615,0.9130434782608696,0.681512169860176
chexpert,1000,1,6,order_statistic_95,True,0.986328125,65,4,1155,776,0.9420289855072463,0.5981356809943035
chexpert,1000,1,7,empirical_90,True,0.99853515625,63,6,1316,615,0.9130434782608696,0.681512169860176
chexpert,1000,1,7,order_statistic_95,True,0.986328125,65,4,1155,776,0.9420289855072463,0.5981356809943035
chexpert,1000,1,8,empirical_90,True,0.998046875,63,6,1303,628,0.9130434782608696,0.6747799067840498
chexpert,1000,1,8,order_statistic_95,True,0.96923828125,65,4,1090,841,0.9420289855072463,0.5644743656136717
chexpert,1000,1,9,empirical_90,True,0.9990234375,63,6,1343,588,0.9130434782608696,0.6954945624029001
chexpert,1000,1,9,order_statistic_95,True,0.99560546875,64,5,1252,679,0.927536231884058,0.6483687208700155
chexpert,1000,1,10,empirical_90,True,0.998046875,63,6,1303,628,0.9130434782608696,0.6747799067840498
chexpert,1000,1,10,order_statistic_95,True,0.986328125,65,4,1155,776,0.9420289855072463,0.5981356809943035
chexpert,1000,1,11,empirical_90,True,0.99658203125,64,5,1267,664,0.927536231884058,0.6561367167270844
chexpert,1000,1,11,order_statistic_95,True,0.98388671875,65,4,1141,790,0.9420289855072463,0.5908855515277058
chexpert,1000,1,12,empirical_90,True,0.99853515625,63,6,1316,615,0.9130434782608696,0.681512169860176
chexpert,1000,1,12,order_statistic_95,True,0.90869140625,66,3,977,954,0.9565217391304348,0.5059554634904194
chexpert,1000,1,13,empirical_90,True,0.99853515625,63,6,1316,615,0.9130434782608696,0.681512169860176
chexpert,1000,1,13,order_statistic_95,True,0.99560546875,64,5,1252,679,0.927536231884058,0.6483687208700155
chexpert,1000,1,14,empirical_90,True,0.99951171875,62,7,1387,544,0.8985507246376812,0.7182806835836354
chexpert,1000,1,14,order_statistic_95,True,0.99658203125,64,5,1267,664,0.927536231884058,0.6561367167270844
chexpert,1000,1,15,empirical_90,True,0.99658203125,64,5,1267,664,0.927536231884058,0.6561367167270844
chexpert,1000,1,15,order_statistic_95,True,0.779296875,66,3,881,1050,0.9565217391304348,0.4562402900051787
chexpert,1000,1,16,empirical_90,True,0.99560546875,64,5,1252,679,0.927536231884058,0.6483687208700155
chexpert,1000,1,16,order_statistic_95,True,0.90869140625,66,3,977,954,0.9565217391304348,0.5059554634904194
chexpert,1000,1,17,empirical_90,True,0.998046875,63,6,1303,628,0.9130434782608696,0.6747799067840498
chexpert,1000,1,17,order_statistic_95,True,0.98388671875,65,4,1141,790,0.9420289855072463,0.5908855515277058
chexpert,1000,1,18,empirical_90,True,0.998046875,63,6,1303,628,0.9130434782608696,0.6747799067840498
chexpert,1000,1,18,order_statistic_95,True,0.96923828125,65,4,1090,841,0.9420289855072463,0.5644743656136717
chexpert,1000,1,19,empirical_90,True,0.99853515625,63,6,1316,615,0.9130434782608696,0.681512169860176
chexpert,1000,1,19,order_statistic_95,True,0.98828125,65,4,1172,759,0.9420289855072463,0.6069394096323149
chexpert,1000,2,0,empirical_90,True,0.69580078125,61,8,1424,507,0.8840579710144928,0.737441740031072
chexpert,1000,2,0,order_statistic_95,True,0.267333984375,64,5,1292,639,0.927536231884058,0.6690833764888658
chexpert,1000,2,1,empirical_90,True,0.69580078125,61,8,1424,507,0.8840579710144928,0.737441740031072
chexpert,1000,2,1,order_statistic_95,True,0.336181640625,62,7,1317,614,0.8985507246376812,0.6820300362506473
chexpert,1000,2,2,empirical_90,True,0.336181640625,62,7,1317,614,0.8985507246376812,0.6820300362506473
chexpert,1000,2,2,order_statistic_95,True,0.037322998046875,65,4,1088,843,0.9420289855072463,0.5634386328327291
chexpert,1000,2,3,empirical_90,True,0.6220703125,61,8,1399,532,0.8840579710144928,0.7244950802692905
chexpert,1000,2,3,order_statistic_95,True,0.1563720703125,64,5,1235,696,0.927536231884058,0.6395649922320041
chexpert,1000,2,4,empirical_90,True,0.724609375,60,9,1435,496,0.8695652173913043,0.7431382703262558
chexpert,1000,2,4,order_statistic_95,True,0.1634521484375,64,5,1242,689,0.927536231884058,0.643190056965303
chexpert,1000,2,5,empirical_90,True,0.4052734375,61,8,1334,597,0.8840579710144928,0.6908337648886588
chexpert,1000,2,5,order_statistic_95,True,0.023193359375,66,3,1048,883,0.9565217391304348,0.5427239772138788
chexpert,1000,2,6,empirical_90,True,0.58837890625,61,8,1391,540,0.8840579710144928,0.7203521491455205
chexpert,1000,2,6,order_statistic_95,True,0.1634521484375,64,5,1242,689,0.927536231884058,0.643190056965303
chexpert,1000,2,7,empirical_90,True,0.89990234375,54,15,1507,424,0.782608695652174,0.7804246504401864
chexpert,1000,2,7,order_statistic_95,True,0.1300048828125,64,5,1216,715,0.927536231884058,0.6297255308130503
chexpert,1000,2,8,empirical_90,True,0.456787109375,61,8,1354,577,0.8840579710144928,0.7011910926980839
chexpert,1000,2,8,order_statistic_95,True,0.1563720703125,64,5,1235,696,0.927536231884058,0.6395649922320041
chexpert,1000,2,9,empirical_90,True,0.69580078125,61,8,1424,507,0.8840579710144928,0.737441740031072
chexpert,1000,2,9,order_statistic_95,True,0.1634521484375,64,5,1242,689,0.927536231884058,0.643190056965303
chexpert,1000,2,10,empirical_90,True,0.4052734375,61,8,1334,597,0.8840579710144928,0.6908337648886588
chexpert,1000,2,10,order_statistic_95,True,0.1300048828125,64,5,1216,715,0.927536231884058,0.6297255308130503
chexpert,1000,2,11,empirical_90,True,0.69580078125,61,8,1424,507,0.8840579710144928,0.737441740031072
chexpert,1000,2,11,order_statistic_95,True,0.1563720703125,64,5,1235,696,0.927536231884058,0.6395649922320041
chexpert,1000,2,12,empirical_90,True,0.58837890625,61,8,1391,540,0.8840579710144928,0.7203521491455205
chexpert,1000,2,12,order_statistic_95,True,0.023193359375,66,3,1048,883,0.9565217391304348,0.5427239772138788
chexpert,1000,2,13,empirical_90,True,0.70458984375,60,9,1426,505,0.8695652173913043,0.7384774728120145
chexpert,1000,2,13,order_statistic_95,True,0.1634521484375,64,5,1242,689,0.927536231884058,0.643190056965303
chexpert,1000,2,14,empirical_90,True,0.75439453125,60,9,1446,485,0.8695652173913043,0.7488348006214397
chexpert,1000,2,14,order_statistic_95,True,0.1563720703125,64,5,1235,696,0.927536231884058,0.6395649922320041
chexpert,1000,2,15,empirical_90,True,0.336181640625,62,7,1317,614,0.8985507246376812,0.6820300362506473
chexpert,1000,2,15,order_statistic_95,True,0.0294189453125,65,4,1064,867,0.9420289855072463,0.5510098394614189
chexpert,1000,2,16,empirical_90,True,0.4052734375,61,8,1334,597,0.8840579710144928,0.6908337648886588
chexpert,1000,2,16,order_statistic_95,True,0.1563720703125,64,5,1235,696,0.927536231884058,0.6395649922320041
chexpert,1000,2,17,empirical_90,True,0.336181640625,62,7,1317,614,0.8985507246376812,0.6820300362506473
chexpert,1000,2,17,order_statistic_95,True,0.037322998046875,65,4,1088,843,0.9420289855072463,0.5634386328327291
chexpert,1000,2,18,empirical_90,True,0.456787109375,61,8,1354,577,0.8840579710144928,0.7011910926980839
chexpert,1000,2,18,order_statistic_95,True,0.0294189453125,65,4,1064,867,0.9420289855072463,0.5510098394614189
chexpert,1000,2,19,empirical_90,True,0.456787109375,61,8,1354,577,0.8840579710144928,0.7011910926980839
chexpert,1000,2,19,order_statistic_95,True,0.037322998046875,65,4,1088,843,0.9420289855072463,0.5634386328327291
chexpert,1000,3,0,empirical_90,True,0.023193359375,64,5,897,1034,0.927536231884058,0.4645261522527188
chexpert,1000,3,0,order_statistic_95,True,0.000563621520996,68,1,569,1362,0.9855072463768116,0.29466597617814605
chexpert,1000,3,1,empirical_90,True,0.59716796875,61,8,1167,764,0.8840579710144928,0.6043500776799585
chexpert,1000,3,1,order_statistic_95,True,0.0137405395507812,65,4,850,1081,0.9420289855072463,0.44018643190056966
chexpert,1000,3,2,empirical_90,True,0.044921875,64,5,954,977,0.927536231884058,0.4940445365095805
chexpert,1000,3,2,order_statistic_95,True,0.0003199577331542,68,1,524,1407,0.9855072463768116,0.2713619886069394
chexpert,1000,3,3,empirical_90,True,0.0137405395507812,65,4,850,1081,0.9420289855072463,0.44018643190056966
chexpert,1000,3,3,order_statistic_95,True,0.0003199577331542,68,1,524,1407,0.9855072463768116,0.2713619886069394
chexpert,1000,3,4,empirical_90,True,0.044921875,64,5,954,977,0.927536231884058,0.4940445365095805
chexpert,1000,3,4,order_statistic_95,True,0.0137405395507812,65,4,850,1081,0.9420289855072463,0.44018643190056966
chexpert,1000,3,5,empirical_90,True,0.022796630859375,64,5,893,1038,0.927536231884058,0.4624546866908338
chexpert,1000,3,5,order_statistic_95,True,0.000563621520996,68,1,569,1362,0.9855072463768116,0.29466597617814605
chexpert,1000,3,6,empirical_90,True,0.410888671875,62,7,1118,813,0.8985507246376812,0.5789746245468669
chexpert,1000,3,6,order_statistic_95,True,0.0137405395507812,65,4,850,1081,0.9420289855072463,0.44018643190056966
chexpert,1000,3,7,empirical_90,True,0.654296875,60,9,1183,748,0.8695652173913043,0.6126359399274987
chexpert,1000,3,7,order_statistic_95,True,0.01495361328125,65,4,854,1077,0.9420289855072463,0.4422578974624547
chexpert,1000,3,8,empirical_90,True,0.044921875,64,5,954,977,0.927536231884058,0.4940445365095805
chexpert,1000,3,8,order_statistic_95,True,0.0012445449829101,67,2,639,1292,0.9710144927536232,0.3309166235111341
chexpert,1000,3,9,empirical_90,True,0.023193359375,64,5,897,1034,0.927536231884058,0.4645261522527188
chexpert,1000,3,9,order_statistic_95,True,0.0012445449829101,67,2,639,1292,0.9710144927536232,0.3309166235111341
chexpert,1000,3,10,empirical_90,True,0.044921875,64,5,954,977,0.927536231884058,0.4940445365095805
chexpert,1000,3,10,order_statistic_95,True,0.000563621520996,68,1,569,1362,0.9855072463768116,0.29466597617814605
chexpert,1000,3,11,empirical_90,True,0.251708984375,63,6,1069,862,0.9130434782608696,0.5535991714137752
chexpert,1000,3,11,order_statistic_95,True,0.0012445449829101,67,2,639,1292,0.9710144927536232,0.3309166235111341
chexpert,1000,3,12,empirical_90,True,0.023193359375,64,5,897,1034,0.927536231884058,0.4645261522527188
chexpert,1000,3,12,order_statistic_95,True,0.0002341270446777,68,1,480,1451,0.9855072463768116,0.24857586742620405
chexpert,1000,3,13,empirical_90,True,0.023193359375,64,5,897,1034,0.927536231884058,0.4645261522527188
chexpert,1000,3,13,order_statistic_95,True,0.0012445449829101,67,2,639,1292,0.9710144927536232,0.3309166235111341
chexpert,1000,3,14,empirical_90,True,0.72998046875,60,9,1207,724,0.8695652173913043,0.625064733298809
chexpert,1000,3,14,order_statistic_95,True,0.01495361328125,65,4,854,1077,0.9420289855072463,0.4422578974624547
chexpert,1000,3,15,empirical_90,True,0.0051193237304687,67,2,765,1166,0.9710144927536232,0.39616778871051267
chexpert,1000,3,15,order_statistic_95,True,0.0003199577331542,68,1,524,1407,0.9855072463768116,0.2713619886069394
chexpert,1000,3,16,empirical_90,True,0.022796630859375,64,5,893,1038,0.927536231884058,0.4624546866908338
chexpert,1000,3,16,order_statistic_95,True,0.000563621520996,68,1,569,1362,0.9855072463768116,0.29466597617814605
chexpert,1000,3,17,empirical_90,True,0.022796630859375,64,5,893,1038,0.927536231884058,0.4624546866908338
chexpert,1000,3,17,order_statistic_95,True,0.0003199577331542,68,1,524,1407,0.9855072463768116,0.2713619886069394
chexpert,1000,3,18,empirical_90,True,0.021942138671875,64,5,891,1040,0.927536231884058,0.46141895390989124
chexpert,1000,3,18,order_statistic_95,True,0.0005254745483398,68,1,562,1369,0.9855072463768116,0.29104091144484723
chexpert,1000,3,19,empirical_90,True,0.023193359375,64,5,897,1034,0.927536231884058,0.4645261522527188
chexpert,1000,3,19,order_statistic_95,True,0.000563621520996,68,1,569,1362,0.9855072463768116,0.29466597617814605
chexpert,10000,1,0,empirical_90,True,0.86572265625,64,5,1652,279,0.927536231884058,0.8555152770585189
chexpert,10000,1,0,order_statistic_95,True,0.2352294921875,67,2,1457,474,0.9710144927536232,0.7545313309166235
chexpert,10000,1,1,empirical_90,True,0.9755859375,62,7,1728,203,0.8985507246376812,0.8948731227343345
chexpert,10000,1,1,order_statistic_95,True,0.82958984375,64,5,1638,293,0.927536231884058,0.8482651475919213
chexpert,10000,1,2,empirical_90,True,0.7666015625,65,4,1618,313,0.9420289855072463,0.8379078197824961
chexpert,10000,1,2,order_statistic_95,True,0.0124282836914062,68,1,1228,703,0.9855072463768116,0.6359399274987053
chexpert,10000,1,3,empirical_90,True,0.97021484375,62,7,1721,210,0.8985507246376812,0.8912480580010357
chexpert,10000,1,3,order_statistic_95,True,0.2352294921875,67,2,1457,474,0.9710144927536232,0.7545313309166235
chexpert,10000,1,4,empirical_90,True,0.974609375,62,7,1728,203,0.8985507246376812,0.8948731227343345
chexpert,10000,1,4,order_statistic_95,True,0.78369140625,65,4,1625,306,0.9420289855072463,0.8415328845157949
chexpert,10000,1,5,empirical_90,True,0.947265625,64,5,1698,233,0.927536231884058,0.8793371310201968
chexpert,10000,1,5,order_statistic_95,True,0.39013671875,66,3,1517,414,0.9565217391304348,0.785603314344899
chexpert,10000,1,6,empirical_90,True,0.9755859375,62,7,1728,203,0.8985507246376812,0.8948731227343345
chexpert,10000,1,6,order_statistic_95,True,0.78369140625,65,4,1625,306,0.9420289855072463,0.8415328845157949
chexpert,10000,1,7,empirical_90,True,0.99755859375,55,14,1789,142,0.7971014492753623,0.9264629725530813
chexpert,10000,1,7,order_statistic_95,True,0.947265625,64,5,1698,233,0.927536231884058,0.8793371310201968
chexpert,10000,1,8,empirical_90,True,0.8798828125,64,5,1655,276,0.927536231884058,0.8570688762299327
chexpert,10000,1,8,order_statistic_95,True,0.2352294921875,67,2,1457,474,0.9710144927536232,0.7545313309166235
chexpert,10000,1,9,empirical_90,True,0.97021484375,62,7,1721,210,0.8985507246376812,0.8912480580010357
chexpert,10000,1,9,order_statistic_95,True,0.7666015625,65,4,1618,313,0.9420289855072463,0.8379078197824961
chexpert,10000,1,10,empirical_90,True,0.98388671875,62,7,1741,190,0.8985507246376812,0.9016053858104609
chexpert,10000,1,10,order_statistic_95,True,0.39013671875,66,3,1517,414,0.9565217391304348,0.785603314344899
chexpert,10000,1,11,empirical_90,True,0.947265625,64,5,1698,233,0.927536231884058,0.8793371310201968
chexpert,10000,1,11,order_statistic_95,True,0.39013671875,66,3,1517,414,0.9565217391304348,0.785603314344899
chexpert,10000,1,12,empirical_90,True,0.9814453125,62,7,1739,192,0.8985507246376812,0.9005696530295184
chexpert,10000,1,12,order_statistic_95,True,0.0124282836914062,68,1,1228,703,0.9855072463768116,0.6359399274987053
chexpert,10000,1,13,empirical_90,True,0.98388671875,62,7,1741,190,0.8985507246376812,0.9016053858104609
chexpert,10000,1,13,order_statistic_95,True,0.7666015625,65,4,1618,313,0.9420289855072463,0.8379078197824961
chexpert,10000,1,14,empirical_90,True,0.98388671875,62,7,1741,190,0.8985507246376812,0.9016053858104609
chexpert,10000,1,14,order_statistic_95,True,0.82958984375,64,5,1638,293,0.927536231884058,0.8482651475919213
chexpert,10000,1,15,empirical_90,True,0.78369140625,65,4,1625,306,0.9420289855072463,0.8415328845157949
chexpert,10000,1,15,order_statistic_95,True,0.0124282836914062,68,1,1228,703,0.9855072463768116,0.6359399274987053
chexpert,10000,1,16,empirical_90,True,0.82958984375,64,5,1638,293,0.927536231884058,0.8482651475919213
chexpert,10000,1,16,order_statistic_95,True,0.0124282836914062,68,1,1228,703,0.9855072463768116,0.6359399274987053
chexpert,10000,1,17,empirical_90,True,0.974609375,62,7,1728,203,0.8985507246376812,0.8948731227343345
chexpert,10000,1,17,order_statistic_95,True,0.2352294921875,67,2,1457,474,0.9710144927536232,0.7545313309166235
chexpert,10000,1,18,empirical_90,True,0.974609375,62,7,1728,203,0.8985507246376812,0.8948731227343345
chexpert,10000,1,18,order_statistic_95,True,0.2352294921875,67,2,1457,474,0.9710144927536232,0.7545313309166235
chexpert,10000,1,19,empirical_90,True,0.947265625,64,5,1698,233,0.927536231884058,0.8793371310201968
chexpert,10000,1,19,order_statistic_95,True,0.393310546875,66,3,1519,412,0.9565217391304348,0.7866390471258415
chexpert,10000,2,0,empirical_90,True,0.91064453125,61,8,1805,126,0.8840579710144928,0.9347488348006214
chexpert,10000,2,0,order_statistic_95,True,0.1302490234375,63,6,1687,244,0.9130434782608696,0.8736406007250129
chexpert,10000,2,1,empirical_90,True,0.5654296875,61,8,1760,171,0.8840579710144928,0.9114448472294148
chexpert,10000,2,1,order_statistic_95,True,0.0036354064941406,64,5,1456,475,0.927536231884058,0.7540134645261523
chexpert,10000,2,2,empirical_90,True,0.137939453125,63,6,1688,243,0.9130434782608696,0.8741584671154842
chexpert,10000,2,2,order_statistic_95,True,0.0004820823669433,66,3,1256,675,0.9565217391304348,0.6504401864319006
chexpert,10000,2,3,empirical_90,True,0.5654296875,61,8,1760,171,0.8840579710144928,0.9114448472294148
chexpert,10000,2,3,order_statistic_95,True,0.0004820823669433,66,3,1256,675,0.9565217391304348,0.6504401864319006
chexpert,10000,2,4,empirical_90,True,0.5478515625,61,8,1758,173,0.8840579710144928,0.9104091144484723
chexpert,10000,2,4,order_statistic_95,True,0.0036354064941406,64,5,1456,475,0.927536231884058,0.7540134645261523
chexpert,10000,2,5,empirical_90,True,0.5869140625,61,8,1761,170,0.8840579710144928,0.9119627136198861
chexpert,10000,2,5,order_statistic_95,True,0.1302490234375,63,6,1687,244,0.9130434782608696,0.8736406007250129
chexpert,10000,2,6,empirical_90,True,0.90478515625,61,8,1803,128,0.8840579710144928,0.9337131020196789
chexpert,10000,2,6,order_statistic_95,True,0.4453125,61,8,1744,187,0.8840579710144928,0.9031589849818746
chexpert,10000,2,7,empirical_90,True,0.87939453125,61,8,1798,133,0.8840579710144928,0.9311237700673226
chexpert,10000,2,7,order_statistic_95,True,0.137939453125,63,6,1688,243,0.9130434782608696,0.8741584671154842
chexpert,10000,2,8,empirical_90,True,0.5478515625,61,8,1758,173,0.8840579710144928,0.9104091144484723
chexpert,10000,2,8,order_statistic_95,True,0.0076675415039062,64,5,1517,414,0.927536231884058,0.785603314344899
chexpert,10000,2,9,empirical_90,True,0.87939453125,61,8,1798,133,0.8840579710144928,0.9311237700673226
chexpert,10000,2,9,order_statistic_95,True,0.4453125,61,8,1744,187,0.8840579710144928,0.9031589849818746
chexpert,10000,2,10,empirical_90,True,0.53125,61,8,1755,176,0.8840579710144928,0.9088555152770585
chexpert,10000,2,10,order_statistic_95,True,0.0004820823669433,66,3,1256,675,0.9565217391304348,0.6504401864319006
chexpert,10000,2,11,empirical_90,True,0.90478515625,61,8,1803,128,0.8840579710144928,0.9337131020196789
chexpert,10000,2,11,order_statistic_95,True,0.01507568359375,64,5,1564,367,0.927536231884058,0.8099430346970482
chexpert,10000,2,12,empirical_90,True,0.5654296875,61,8,1760,171,0.8840579710144928,0.9114448472294148
chexpert,10000,2,12,order_statistic_95,True,0.0036354064941406,64,5,1456,475,0.927536231884058,0.7540134645261523
chexpert,10000,2,13,empirical_90,True,0.90478515625,61,8,1803,128,0.8840579710144928,0.9337131020196789
chexpert,10000,2,13,order_statistic_95,True,0.01507568359375,64,5,1564,367,0.927536231884058,0.8099430346970482
chexpert,10000,2,14,empirical_90,True,0.9189453125,61,8,1809,122,0.8840579710144928,0.9368203003625065
chexpert,10000,2,14,order_statistic_95,True,0.53125,61,8,1755,176,0.8840579710144928,0.9088555152770585
chexpert,10000,2,15,empirical_90,True,0.5869140625,61,8,1761,170,0.8840579710144928,0.9119627136198861
chexpert,10000,2,15,order_statistic_95,True,0.0004820823669433,66,3,1256,675,0.9565217391304348,0.6504401864319006
chexpert,10000,2,16,empirical_90,True,0.5478515625,61,8,1758,173,0.8840579710144928,0.9104091144484723
chexpert,10000,2,16,order_statistic_95,True,0.0076675415039062,64,5,1517,414,0.927536231884058,0.785603314344899
chexpert,10000,2,17,empirical_90,True,0.5654296875,61,8,1760,171,0.8840579710144928,0.9114448472294148
chexpert,10000,2,17,order_statistic_95,True,0.0004820823669433,66,3,1256,675,0.9565217391304348,0.6504401864319006
chexpert,10000,2,18,empirical_90,True,0.7880859375,61,8,1787,144,0.8840579710144928,0.9254272397721388
chexpert,10000,2,18,order_statistic_95,True,0.0036354064941406,64,5,1456,475,0.927536231884058,0.7540134645261523
chexpert,10000,2,19,empirical_90,True,0.87939453125,61,8,1798,133,0.8840579710144928,0.9311237700673226
chexpert,10000,2,19,order_statistic_95,True,0.1302490234375,63,6,1687,244,0.9130434782608696,0.8736406007250129
chexpert,10000,3,0,empirical_90,True,0.9921875,63,6,1713,218,0.9130434782608696,0.8871051268772656
chexpert,10000,3,0,order_statistic_95,True,0.11920166015625,67,2,1353,578,0.9710144927536232,0.7006732263076126
chexpert,10000,3,1,empirical_90,True,0.99267578125,63,6,1717,214,0.9130434782608696,0.8891765924391507
chexpert,10000,3,1,order_statistic_95,True,0.044281005859375,67,2,1251,680,0.9710144927536232,0.6478508544795443
chexpert,10000,3,2,empirical_90,True,0.99169921875,64,5,1712,219,0.927536231884058,0.8865872604867944
chexpert,10000,3,2,order_statistic_95,True,0.037811279296875,67,2,1236,695,0.9710144927536232,0.6400828586224754
chexpert,10000,3,3,empirical_90,True,0.9921875,63,6,1713,218,0.9130434782608696,0.8871051268772656
chexpert,10000,3,3,order_statistic_95,True,0.037811279296875,67,2,1236,695,0.9710144927536232,0.6400828586224754
chexpert,10000,3,4,empirical_90,True,0.99609375,61,8,1739,192,0.8840579710144928,0.9005696530295184
chexpert,10000,3,4,order_statistic_95,True,0.71875,65,4,1558,373,0.9420289855072463,0.8068358363542206
chexpert,10000,3,5,empirical_90,True,0.99169921875,64,5,1712,219,0.927536231884058,0.8865872604867944
chexpert,10000,3,5,order_statistic_95,True,0.044281005859375,67,2,1251,680,0.9710144927536232,0.6478508544795443
chexpert,10000,3,6,empirical_90,True,0.99560546875,62,7,1735,196,0.8985507246376812,0.8984981874676333
chexpert,10000,3,6,order_statistic_95,True,0.947265625,65,4,1645,286,0.9420289855072463,0.8518902123252201
chexpert,10000,3,7,empirical_90,True,0.9970703125,60,9,1749,182,0.8695652173913043,0.905748316934231
chexpert,10000,3,7,order_statistic_95,True,0.71875,65,4,1558,373,0.9420289855072463,0.8068358363542206
chexpert,10000,3,8,empirical_90,True,0.99169921875,64,5,1712,219,0.927536231884058,0.8865872604867944
chexpert,10000,3,8,order_statistic_95,True,0.11920166015625,67,2,1353,578,0.9710144927536232,0.7006732263076126
chexpert,10000,3,9,empirical_90,True,0.994140625,62,7,1727,204,0.8985507246376812,0.8943552563438633
chexpert,10000,3,9,order_statistic_95,True,0.60546875,65,4,1529,402,0.9420289855072463,0.7918177110305541
chexpert,10000,3,10,empirical_90,True,0.99169921875,64,5,1712,219,0.927536231884058,0.8865872604867944
chexpert,10000,3,10,order_statistic_95,True,0.044281005859375,67,2,1251,680,0.9710144927536232,0.6478508544795443
chexpert,10000,3,11,empirical_90,True,0.99267578125,63,6,1717,214,0.9130434782608696,0.8891765924391507
chexpert,10000,3,11,order_statistic_95,True,0.11920166015625,67,2,1353,578,0.9710144927536232,0.7006732263076126
chexpert,10000,3,12,empirical_90,True,0.947265625,65,4,1645,286,0.9420289855072463,0.8518902123252201
chexpert,10000,3,12,order_statistic_95,True,0.0132217407226562,67,2,1131,800,0.9710144927536232,0.5857068876229933
chexpert,10000,3,13,empirical_90,True,0.994140625,62,7,1727,204,0.8985507246376812,0.8943552563438633
chexpert,10000,3,13,order_statistic_95,True,0.60546875,65,4,1529,402,0.9420289855072463,0.7918177110305541
chexpert,10000,3,14,empirical_90,True,0.99609375,61,8,1739,192,0.8840579710144928,0.9005696530295184
chexpert,10000,3,14,order_statistic_95,True,0.99169921875,64,5,1712,219,0.927536231884058,0.8865872604867944
chexpert,10000,3,15,empirical_90,True,0.71875,65,4,1558,373,0.9420289855072463,0.8068358363542206
chexpert,10000,3,15,order_statistic_95,True,0.0132217407226562,67,2,1131,800,0.9710144927536232,0.5857068876229933
chexpert,10000,3,16,empirical_90,True,0.99169921875,64,5,1712,219,0.927536231884058,0.8865872604867944
chexpert,10000,3,16,order_statistic_95,True,0.044281005859375,67,2,1251,680,0.9710144927536232,0.6478508544795443
chexpert,10000,3,17,empirical_90,True,0.99267578125,63,6,1717,214,0.9130434782608696,0.8891765924391507
chexpert,10000,3,17,order_statistic_95,True,0.11920166015625,67,2,1353,578,0.9710144927536232,0.7006732263076126
chexpert,10000,3,18,empirical_90,True,0.9921875,63,6,1713,218,0.9130434782608696,0.8871051268772656
chexpert,10000,3,18,order_statistic_95,True,0.044281005859375,67,2,1251,680,0.9710144927536232,0.6478508544795443
chexpert,10000,3,19,empirical_90,True,0.99169921875,64,5,1712,219,0.927536231884058,0.8865872604867944
chexpert,10000,3,19,order_statistic_95,True,0.11920166015625,67,2,1353,578,0.9710144927536232,0.7006732263076126
chexpert,all,1,0,empirical_90,True,0.8720703125,60,9,1848,83,0.8695652173913043,0.9570170895908856
chexpert,all,1,0,order_statistic_95,True,0.59326171875,67,2,1719,212,0.9710144927536232,0.8902123252200932
chexpert,all,1,1,empirical_90,True,0.77978515625,65,4,1816,115,0.9420289855072463,0.9404453650958052
chexpert,all,1,1,order_statistic_95,True,0.59326171875,67,2,1719,212,0.9710144927536232,0.8902123252200932
chexpert,all,1,2,empirical_90,True,0.69482421875,67,2,1775,156,0.9710144927536232,0.9192128430864837
chexpert,all,1,2,order_statistic_95,True,0.2418212890625,68,1,1447,484,0.9855072463768116,0.749352667011911
chexpert,all,1,3,empirical_90,True,0.86328125,60,9,1845,86,0.8695652173913043,0.9554634904194718
chexpert,all,1,3,order_statistic_95,True,0.52294921875,67,2,1682,249,0.9710144927536232,0.8710512687726567
chexpert,all,1,4,empirical_90,True,0.86328125,60,9,1845,86,0.8695652173913043,0.9554634904194718
chexpert,all,1,4,order_statistic_95,True,0.708984375,66,3,1783,148,0.9565217391304348,0.9233557742102537
chexpert,all,1,5,empirical_90,True,0.708984375,66,3,1783,148,0.9565217391304348,0.9233557742102537
chexpert,all,1,5,order_statistic_95,True,0.52294921875,67,2,1682,249,0.9710144927536232,0.8710512687726567
chexpert,all,1,6,empirical_90,True,0.86328125,60,9,1845,86,0.8695652173913043,0.9554634904194718
chexpert,all,1,6,order_statistic_95,True,0.68603515625,67,2,1773,158,0.9710144927536232,0.9181771103055412
chexpert,all,1,7,empirical_90,True,0.79296875,65,4,1823,108,0.9420289855072463,0.944070429829104
chexpert,all,1,7,order_statistic_95,True,0.69482421875,67,2,1775,156,0.9710144927536232,0.9192128430864837
chexpert,all,1,8,empirical_90,True,0.77978515625,65,4,1816,115,0.9420289855072463,0.9404453650958052
chexpert,all,1,8,order_statistic_95,True,0.59326171875,67,2,1719,212,0.9710144927536232,0.8902123252200932
chexpert,all,1,9,empirical_90,True,0.86328125,60,9,1845,86,0.8695652173913043,0.9554634904194718
chexpert,all,1,9,order_statistic_95,True,0.69482421875,67,2,1775,156,0.9710144927536232,0.9192128430864837
chexpert,all,1,10,empirical_90,True,0.77978515625,65,4,1816,115,0.9420289855072463,0.9404453650958052
chexpert,all,1,10,order_statistic_95,True,0.662109375,67,2,1756,175,0.9710144927536232,0.9093733816675298
chexpert,all,1,11,empirical_90,True,0.8037109375,64,5,1823,108,0.927536231884058,0.944070429829104
chexpert,all,1,11,order_statistic_95,True,0.68603515625,67,2,1773,158,0.9710144927536232,0.9181771103055412
chexpert,all,1,12,empirical_90,True,0.765625,65,4,1812,119,0.9420289855072463,0.9383738995339203
chexpert,all,1,12,order_statistic_95,True,0.1448974609375,69,0,1256,675,1.0,0.6504401864319006
chexpert,all,1,13,empirical_90,True,0.86328125,60,9,1845,86,0.8695652173913043,0.9554634904194718
chexpert,all,1,13,order_statistic_95,True,0.708984375,66,3,1783,148,0.9565217391304348,0.9233557742102537
chexpert,all,1,14,empirical_90,True,0.88427734375,59,10,1857,74,0.855072463768116,0.9616778871051269
chexpert,all,1,14,order_statistic_95,True,0.708984375,66,3,1783,148,0.9565217391304348,0.9233557742102537
chexpert,all,1,15,empirical_90,True,0.69482421875,67,2,1775,156,0.9710144927536232,0.9192128430864837
chexpert,all,1,15,order_statistic_95,True,0.2418212890625,68,1,1447,484,0.9855072463768116,0.749352667011911
chexpert,all,1,16,empirical_90,True,0.7216796875,65,4,1789,142,0.9420289855072463,0.9264629725530813
chexpert,all,1,16,order_statistic_95,True,0.2418212890625,68,1,1447,484,0.9855072463768116,0.749352667011911
chexpert,all,1,17,empirical_90,True,0.7216796875,65,4,1789,142,0.9420289855072463,0.9264629725530813
chexpert,all,1,17,order_statistic_95,True,0.52294921875,67,2,1682,249,0.9710144927536232,0.8710512687726567
chexpert,all,1,18,empirical_90,True,0.77978515625,65,4,1816,115,0.9420289855072463,0.9404453650958052
chexpert,all,1,18,order_statistic_95,True,0.52294921875,67,2,1682,249,0.9710144927536232,0.8710512687726567
chexpert,all,1,19,empirical_90,True,0.865234375,60,9,1845,86,0.8695652173913043,0.9554634904194718
chexpert,all,1,19,order_statistic_95,True,0.662109375,67,2,1756,175,0.9710144927536232,0.9093733816675298
chexpert,all,2,0,empirical_90,True,0.77783203125,66,3,1809,122,0.9565217391304348,0.9368203003625065
chexpert,all,2,0,order_statistic_95,True,0.301513671875,68,1,1577,354,0.9855072463768116,0.8166752977731745
chexpert,all,2,1,empirical_90,True,0.76611328125,66,3,1804,127,0.9565217391304348,0.9342309684101502
chexpert,all,2,1,order_statistic_95,True,0.46826171875,68,1,1676,255,0.9855072463768116,0.8679440704298291
chexpert,all,2,2,empirical_90,True,0.56982421875,67,2,1726,205,0.9710144927536232,0.893837389953392
chexpert,all,2,2,order_statistic_95,True,0.10357666015625,68,1,1279,652,0.9855072463768116,0.6623511134127396
chexpert,all,2,3,empirical_90,True,0.79052734375,66,3,1814,117,0.9565217391304348,0.9394096323148627
chexpert,all,2,3,order_statistic_95,True,0.2459716796875,68,1,1529,402,0.9855072463768116,0.7918177110305541
chexpert,all,2,4,empirical_90,True,0.81005859375,64,5,1822,109,0.927536231884058,0.9435525634386328
chexpert,all,2,4,order_statistic_95,True,0.63427734375,67,2,1757,174,0.9710144927536232,0.909891248058001
chexpert,all,2,5,empirical_90,True,0.63427734375,67,2,1757,174,0.9710144927536232,0.909891248058001
chexpert,all,2,5,order_statistic_95,True,0.10357666015625,68,1,1279,652,0.9855072463768116,0.6623511134127396
chexpert,all,2,6,empirical_90,True,0.85693359375,62,7,1845,86,0.8985507246376812,0.9554634904194718
chexpert,all,2,6,order_statistic_95,True,0.73291015625,67,2,1794,137,0.9710144927536232,0.9290523045054376
chexpert,all,2,7,empirical_90,True,0.79052734375,66,3,1814,117,0.9565217391304348,0.9394096323148627
chexpert,all,2,7,order_statistic_95,True,0.46826171875,68,1,1676,255,0.9855072463768116,0.8679440704298291
chexpert,all,2,8,empirical_90,True,0.72216796875,67,2,1789,142,0.9710144927536232,0.9264629725530813
chexpert,all,2,8,order_statistic_95,True,0.301513671875,68,1,1577,354,0.9855072463768116,0.8166752977731745
chexpert,all,2,9,empirical_90,True,0.77783203125,66,3,1809,122,0.9565217391304348,0.9368203003625065
chexpert,all,2,9,order_statistic_95,True,0.56982421875,67,2,1726,205,0.9710144927536232,0.893837389953392
chexpert,all,2,10,empirical_90,True,0.77783203125,66,3,1809,122,0.9565217391304348,0.9368203003625065
chexpert,all,2,10,order_statistic_95,True,0.301513671875,68,1,1577,354,0.9855072463768116,0.8166752977731745
chexpert,all,2,11,empirical_90,True,0.81005859375,64,5,1822,109,0.927536231884058,0.9435525634386328
chexpert,all,2,11,order_statistic_95,True,0.301513671875,68,1,1577,354,0.9855072463768116,0.8166752977731745
chexpert,all,2,12,empirical_90,True,0.63427734375,67,2,1757,174,0.9710144927536232,0.909891248058001
chexpert,all,2,12,order_statistic_95,True,0.08123779296875,69,0,1176,755,1.0,0.6090108751941999
chexpert,all,2,13,empirical_90,True,0.81005859375,64,5,1822,109,0.927536231884058,0.9435525634386328
chexpert,all,2,13,order_statistic_95,True,0.46826171875,68,1,1676,255,0.9855072463768116,0.8679440704298291
chexpert,all,2,14,empirical_90,True,0.85693359375,62,7,1845,86,0.8985507246376812,0.9554634904194718
chexpert,all,2,14,order_statistic_95,True,0.56982421875,67,2,1726,205,0.9710144927536232,0.893837389953392
chexpert,all,2,15,empirical_90,True,0.56982421875,67,2,1726,205,0.9710144927536232,0.893837389953392
chexpert,all,2,15,order_statistic_95,True,0.08123779296875,69,0,1176,755,1.0,0.6090108751941999
chexpert,all,2,16,empirical_90,True,0.72216796875,67,2,1789,142,0.9710144927536232,0.9264629725530813
chexpert,all,2,16,order_statistic_95,True,0.2459716796875,68,1,1529,402,0.9855072463768116,0.7918177110305541
chexpert,all,2,17,empirical_90,True,0.7021484375,67,2,1781,150,0.9710144927536232,0.9223200414293112
chexpert,all,2,17,order_statistic_95,True,0.10357666015625,68,1,1279,652,0.9855072463768116,0.6623511134127396
chexpert,all,2,18,empirical_90,True,0.7021484375,67,2,1781,150,0.9710144927536232,0.9223200414293112
chexpert,all,2,18,order_statistic_95,True,0.2459716796875,68,1,1529,402,0.9855072463768116,0.7918177110305541
chexpert,all,2,19,empirical_90,True,0.79052734375,66,3,1814,117,0.9565217391304348,0.9394096323148627
chexpert,all,2,19,order_statistic_95,True,0.301513671875,68,1,1577,354,0.9855072463768116,0.8166752977731745
chexpert,all,3,0,empirical_90,True,0.91162109375,59,10,1860,71,0.855072463768116,0.9632314862765406
chexpert,all,3,0,order_statistic_95,True,0.56201171875,67,2,1693,238,0.9710144927536232,0.8767477990678405
chexpert,all,3,1,empirical_90,True,0.83935546875,62,7,1822,109,0.8985507246376812,0.9435525634386328
chexpert,all,3,1,order_statistic_95,True,0.56201171875,67,2,1693,238,0.9710144927536232,0.8767477990678405
chexpert,all,3,2,empirical_90,True,0.70556640625,66,3,1764,167,0.9565217391304348,0.9135163127912999
chexpert,all,3,2,order_statistic_95,True,0.3623046875,68,1,1558,373,0.9855072463768116,0.8068358363542206
chexpert,all,3,3,empirical_90,True,0.91064453125,59,10,1860,71,0.855072463768116,0.9632314862765406
chexpert,all,3,3,order_statistic_95,True,0.367919921875,68,1,1563,368,0.9855072463768116,0.8094251683065768
chexpert,all,3,4,empirical_90,True,0.92578125,59,10,1868,63,0.855072463768116,0.9673744174003107
chexpert,all,3,4,order_statistic_95,True,0.673828125,66,3,1747,184,0.9565217391304348,0.9047125841532885
chexpert,all,3,5,empirical_90,True,0.79443359375,64,5,1799,132,0.927536231884058,0.9316416364577939
chexpert,all,3,5,order_statistic_95,True,0.3623046875,68,1,1558,373,0.9855072463768116,0.8068358363542206
chexpert,all,3,6,empirical_90,True,0.927734375,59,10,1873,58,0.855072463768116,0.969963749352667
chexpert,all,3,6,order_statistic_95,True,0.673828125,66,3,1747,184,0.9565217391304348,0.9047125841532885
chexpert,all,3,7,empirical_90,True,0.91064453125,59,10,1860,71,0.855072463768116,0.9632314862765406
chexpert,all,3,7,order_statistic_95,True,0.69482421875,66,3,1756,175,0.9565217391304348,0.9093733816675298
chexpert,all,3,8,empirical_90,True,0.79443359375,64,5,1799,132,0.927536231884058,0.9316416364577939
chexpert,all,3,8,order_statistic_95,True,0.56201171875,67,2,1693,238,0.9710144927536232,0.8767477990678405
chexpert,all,3,9,empirical_90,True,0.9072265625,59,10,1858,73,0.855072463768116,0.9621957534955982
chexpert,all,3,9,order_statistic_95,True,0.69482421875,66,3,1756,175,0.9565217391304348,0.9093733816675298
chexpert,all,3,10,empirical_90,True,0.927734375,59,10,1873,58,0.855072463768116,0.969963749352667
chexpert,all,3,10,order_statistic_95,True,0.673828125,66,3,1747,184,0.9565217391304348,0.9047125841532885
chexpert,all,3,11,empirical_90,True,0.9072265625,59,10,1858,73,0.855072463768116,0.9621957534955982
chexpert,all,3,11,order_statistic_95,True,0.66259765625,66,3,1745,186,0.9565217391304348,0.9036768513723459
chexpert,all,3,12,empirical_90,True,0.70556640625,66,3,1764,167,0.9565217391304348,0.9135163127912999
chexpert,all,3,12,order_statistic_95,True,0.330078125,68,1,1544,387,0.9855072463768116,0.799585706887623
chexpert,all,3,13,empirical_90,True,0.92578125,59,10,1868,63,0.855072463768116,0.9673744174003107
chexpert,all,3,13,order_statistic_95,True,0.69482421875,66,3,1756,175,0.9565217391304348,0.9093733816675298
chexpert,all,3,14,empirical_90,True,0.93310546875,58,11,1877,54,0.8405797101449275,0.972035214914552
chexpert,all,3,14,order_statistic_95,True,0.70556640625,66,3,1764,167,0.9565217391304348,0.9135163127912999
chexpert,all,3,15,empirical_90,True,0.69482421875,66,3,1756,175,0.9565217391304348,0.9093733816675298
chexpert,all,3,15,order_statistic_95,True,0.3623046875,68,1,1558,373,0.9855072463768116,0.8068358363542206
chexpert,all,3,16,empirical_90,True,0.83935546875,62,7,1822,109,0.8985507246376812,0.9435525634386328
chexpert,all,3,16,order_statistic_95,True,0.367919921875,68,1,1563,368,0.9855072463768116,0.8094251683065768
chexpert,all,3,17,empirical_90,True,0.91064453125,59,10,1860,71,0.855072463768116,0.9632314862765406
chexpert,all,3,17,order_statistic_95,True,0.3623046875,68,1,1558,373,0.9855072463768116,0.8068358363542206
chexpert,all,3,18,empirical_90,True,0.79443359375,64,5,1799,132,0.927536231884058,0.9316416364577939
chexpert,all,3,18,order_statistic_95,True,0.367919921875,68,1,1563,368,0.9855072463768116,0.8094251683065768
chexpert,all,3,19,empirical_90,True,0.92578125,59,10,1868,63,0.855072463768116,0.9673744174003107
chexpert,all,3,19,order_statistic_95,True,0.69482421875,66,3,1756,175,0.9565217391304348,0.9093733816675298
nih,1000,1,0,empirical_90,True,1.3709068298339844e-05,62,7,1173,758,0.8985507246376812,0.6074572760227861
nih,1000,1,0,order_statistic_95,True,5.364418029785156e-07,67,2,522,1409,0.9710144927536232,0.2703262558259969
nih,1000,1,1,empirical_90,True,8.404254913330078e-06,64,5,1086,845,0.927536231884058,0.5624029000517866
nih,1000,1,1,order_statistic_95,True,4.172325134277344e-07,67,2,478,1453,0.9710144927536232,0.24754013464526153
nih,1000,1,2,empirical_90,True,2.7418136596679688e-06,66,3,865,1066,0.9565217391304348,0.44795442775763855
nih,1000,1,2,order_statistic_95,True,4.172325134277344e-07,67,2,478,1453,0.9710144927536232,0.24754013464526153
nih,1000,1,3,empirical_90,True,1.239776611328125e-05,62,7,1152,779,0.8985507246376812,0.5965820818228897
nih,1000,1,3,order_statistic_95,True,5.960464477539062e-07,67,2,540,1391,0.9710144927536232,0.2796478508544795
nih,1000,1,4,empirical_90,True,1.3709068298339844e-05,62,7,1173,758,0.8985507246376812,0.6074572760227861
nih,1000,1,4,order_statistic_95,True,2.980232238769531e-07,67,2,405,1526,0.9710144927536232,0.20973588814085967
nih,1000,1,5,empirical_90,True,8.940696716308594e-06,64,5,1096,835,0.927536231884058,0.5675815639564992
nih,1000,1,5,order_statistic_95,True,4.172325134277344e-07,67,2,478,1453,0.9710144927536232,0.24754013464526153
nih,1000,1,6,empirical_90,True,8.940696716308594e-06,64,5,1096,835,0.927536231884058,0.5675815639564992
nih,1000,1,6,order_statistic_95,True,1.3113021850585938e-06,66,3,718,1213,0.9565217391304348,0.3718280683583635
nih,1000,1,7,empirical_90,True,1.7523765563964844e-05,62,7,1211,720,0.8985507246376812,0.6271361988606939
nih,1000,1,7,order_statistic_95,True,2.7418136596679688e-06,66,3,865,1066,0.9565217391304348,0.44795442775763855
nih,1000,1,8,empirical_90,True,4.172325134277344e-06,65,4,944,987,0.9420289855072463,0.48886587260486797
nih,1000,1,8,order_statistic_95,True,4.172325134277344e-07,67,2,478,1453,0.9710144927536232,0.24754013464526153
nih,1000,1,9,empirical_90,True,5.0067901611328125e-06,64,5,981,950,0.927536231884058,0.5080269290523045
nih,1000,1,9,order_statistic_95,True,2.980232238769531e-07,67,2,405,1526,0.9710144927536232,0.20973588814085967
nih,1000,1,10,empirical_90,True,1.239776611328125e-05,62,7,1152,779,0.8985507246376812,0.5965820818228897
nih,1000,1,10,order_statistic_95,True,1.3113021850585938e-06,66,3,718,1213,0.9565217391304348,0.3718280683583635
nih,1000,1,11,empirical_90,True,8.404254913330078e-06,64,5,1086,845,0.927536231884058,0.5624029000517866
nih,1000,1,11,order_statistic_95,True,2.980232238769531e-07,67,2,405,1526,0.9710144927536232,0.20973588814085967
nih,1000,1,12,empirical_90,True,8.940696716308594e-06,64,5,1096,835,0.927536231884058,0.5675815639564992
nih,1000,1,12,order_statistic_95,True,5.960464477539062e-07,67,2,540,1391,0.9710144927536232,0.2796478508544795
nih,1000,1,13,empirical_90,True,2.753734588623047e-05,61,8,1282,649,0.8840579710144928,0.6639047125841533
nih,1000,1,13,order_statistic_95,True,4.172325134277344e-07,67,2,478,1453,0.9710144927536232,0.24754013464526153
nih,1000,1,14,empirical_90,True,2.753734588623047e-05,61,8,1282,649,0.8840579710144928,0.6639047125841533
nih,1000,1,14,order_statistic_95,True,4.172325134277344e-07,67,2,478,1453,0.9710144927536232,0.24754013464526153
nih,1000,1,15,empirical_90,True,8.404254913330078e-06,64,5,1086,845,0.927536231884058,0.5624029000517866
nih,1000,1,15,order_statistic_95,True,5.364418029785156e-07,67,2,522,1409,0.9710144927536232,0.2703262558259969
nih,1000,1,16,empirical_90,True,8.404254913330078e-06,64,5,1086,845,0.927536231884058,0.5624029000517866
nih,1000,1,16,order_statistic_95,True,5.364418029785156e-07,67,2,522,1409,0.9710144927536232,0.2703262558259969
nih,1000,1,17,empirical_90,True,4.172325134277344e-06,65,4,944,987,0.9420289855072463,0.48886587260486797
nih,1000,1,17,order_statistic_95,True,2.980232238769531e-07,67,2,405,1526,0.9710144927536232,0.20973588814085967
nih,1000,1,18,empirical_90,True,1.3709068298339844e-05,62,7,1173,758,0.8985507246376812,0.6074572760227861
nih,1000,1,18,order_statistic_95,True,5.364418029785156e-07,67,2,522,1409,0.9710144927536232,0.2703262558259969
nih,1000,1,19,empirical_90,True,8.404254913330078e-06,64,5,1086,845,0.927536231884058,0.5624029000517866
nih,1000,1,19,order_statistic_95,True,4.172325134277344e-07,67,2,478,1453,0.9710144927536232,0.24754013464526153
nih,1000,2,0,empirical_90,True,4.649162292480469e-06,65,4,576,1355,0.9420289855072463,0.29829104091144487
nih,1000,2,0,order_statistic_95,True,1.0132789611816406e-06,65,4,234,1697,0.9420289855072463,0.12118073537027448
nih,1000,2,1,empirical_90,True,2.86102294921875e-06,65,4,456,1475,0.9420289855072463,0.23614707405489382
nih,1000,2,1,order_statistic_95,True,1.0132789611816406e-06,65,4,234,1697,0.9420289855072463,0.12118073537027448
nih,1000,2,2,empirical_90,True,4.649162292480469e-06,65,4,576,1355,0.9420289855072463,0.29829104091144487
nih,1000,2,2,order_statistic_95,True,1.0728836059570312e-06,65,4,246,1685,0.9420289855072463,0.12739513205592956
nih,1000,2,3,empirical_90,True,4.589557647705078e-06,65,4,573,1358,0.9420289855072463,0.2967374417400311
nih,1000,2,3,order_statistic_95,True,1.0132789611816406e-06,65,4,234,1697,0.9420289855072463,0.12118073537027448
nih,1000,2,4,empirical_90,True,5.960464477539063e-06,64,5,628,1303,0.927536231884058,0.3252200932159503
nih,1000,2,4,order_statistic_95,True,1.0132789611816406e-06,65,4,234,1697,0.9420289855072463,0.12118073537027448
nih,1000,2,5,empirical_90,True,4.112720489501953e-06,65,4,540,1391,0.9420289855072463,0.2796478508544795
nih,1000,2,5,order_statistic_95,True,8.940696716308594e-07,65,4,217,1714,0.9420289855072463,0.11237700673226307
nih,1000,2,6,empirical_90,True,5.960464477539063e-06,64,5,628,1303,0.927536231884058,0.3252200932159503
nih,1000,2,6,order_statistic_95,True,1.0728836059570312e-06,65,4,246,1685,0.9420289855072463,0.12739513205592956
nih,1000,2,7,empirical_90,True,7.808208465576172e-06,64,5,685,1246,0.927536231884058,0.354738477472812
nih,1000,2,7,order_statistic_95,True,4.112720489501953e-06,65,4,540,1391,0.9420289855072463,0.2796478508544795
nih,1000,2,8,empirical_90,True,4.112720489501953e-06,65,4,540,1391,0.9420289855072463,0.2796478508544795
nih,1000,2,8,order_statistic_95,True,1.0132789611816406e-06,65,4,234,1697,0.9420289855072463,0.12118073537027448
nih,1000,2,9,empirical_90,True,5.960464477539063e-06,64,5,628,1303,0.927536231884058,0.3252200932159503
nih,1000,2,9,order_statistic_95,True,2.86102294921875e-06,65,4,456,1475,0.9420289855072463,0.23614707405489382
nih,1000,2,10,empirical_90,True,4.589557647705078e-06,65,4,573,1358,0.9420289855072463,0.2967374417400311
nih,1000,2,10,order_statistic_95,True,1.0132789611816406e-06,65,4,234,1697,0.9420289855072463,0.12118073537027448
nih,1000,2,11,empirical_90,True,4.112720489501953e-06,65,4,540,1391,0.9420289855072463,0.2796478508544795
nih,1000,2,11,order_statistic_95,True,8.940696716308594e-07,65,4,217,1714,0.9420289855072463,0.11237700673226307
nih,1000,2,12,empirical_90,True,5.960464477539063e-06,64,5,628,1303,0.927536231884058,0.3252200932159503
nih,1000,2,12,order_statistic_95,True,8.940696716308594e-07,65,4,217,1714,0.9420289855072463,0.11237700673226307
nih,1000,2,13,empirical_90,True,8.58306884765625e-06,64,5,708,1223,0.927536231884058,0.36664940445365096
nih,1000,2,13,order_statistic_95,True,1.3113021850585938e-06,65,4,273,1658,0.9420289855072463,0.14137752459865355
nih,1000,2,14,empirical_90,True,6.735324859619141e-06,64,5,661,1270,0.927536231884058,0.3423096841015018
nih,1000,2,14,order_statistic_95,True,1.0132789611816406e-06,65,4,234,1697,0.9420289855072463,0.12118073537027448
nih,1000,2,15,empirical_90,True,2.86102294921875e-06,65,4,456,1475,0.9420289855072463,0.23614707405489382
nih,1000,2,15,order_statistic_95,True,1.0132789611816406e-06,65,4,234,1697,0.9420289855072463,0.12118073537027448
nih,1000,2,16,empirical_90,True,2.86102294921875e-06,65,4,456,1475,0.9420289855072463,0.23614707405489382
nih,1000,2,16,order_statistic_95,True,1.0132789611816406e-06,65,4,234,1697,0.9420289855072463,0.12118073537027448
nih,1000,2,17,empirical_90,True,4.649162292480469e-06,65,4,576,1355,0.9420289855072463,0.29829104091144487
nih,1000,2,17,order_statistic_95,True,8.940696716308594e-07,65,4,217,1714,0.9420289855072463,0.11237700673226307
nih,1000,2,18,empirical_90,True,4.649162292480469e-06,65,4,576,1355,0.9420289855072463,0.29829104091144487
nih,1000,2,18,order_statistic_95,True,8.940696716308594e-07,65,4,217,1714,0.9420289855072463,0.11237700673226307
nih,1000,2,19,empirical_90,True,4.649162292480469e-06,65,4,576,1355,0.9420289855072463,0.29829104091144487
nih,1000,2,19,order_statistic_95,True,1.0132789611816406e-06,65,4,234,1697,0.9420289855072463,0.12118073537027448
nih,1000,3,0,empirical_90,True,5.364418029785156e-07,64,5,594,1337,0.927536231884058,0.3076126359399275
nih,1000,3,0,order_statistic_95,True,2.384185791015625e-07,65,4,410,1521,0.9420289855072463,0.21232522009321594
nih,1000,3,1,empirical_90,True,4.112720489501953e-06,63,6,1033,898,0.9130434782608696,0.53495598135681
nih,1000,3,1,order_statistic_95,True,2.384185791015625e-07,65,4,410,1521,0.9420289855072463,0.21232522009321594
nih,1000,3,2,empirical_90,True,5.364418029785156e-07,64,5,594,1337,0.927536231884058,0.3076126359399275
nih,1000,3,2,order_statistic_95,True,2.384185791015625e-07,65,4,410,1521,0.9420289855072463,0.21232522009321594
nih,1000,3,3,empirical_90,True,4.112720489501953e-06,63,6,1033,898,0.9130434782608696,0.53495598135681
nih,1000,3,3,order_statistic_95,True,2.384185791015625e-07,65,4,410,1521,0.9420289855072463,0.21232522009321594
nih,1000,3,4,empirical_90,True,1.0132789611816406e-06,64,5,736,1195,0.927536231884058,0.3811496633868462
nih,1000,3,4,order_statistic_95,True,2.384185791015625e-07,65,4,410,1521,0.9420289855072463,0.21232522009321594
nih,1000,3,5,empirical_90,True,5.364418029785156e-07,64,5,594,1337,0.927536231884058,0.3076126359399275
nih,1000,3,5,order_statistic_95,True,2.384185791015625e-07,65,4,410,1521,0.9420289855072463,0.21232522009321594
nih,1000,3,6,empirical_90,True,1.4901161193847656e-06,64,5,828,1103,0.927536231884058,0.42879337131020195
nih,1000,3,6,order_statistic_95,True,2.384185791015625e-07,65,4,410,1521,0.9420289855072463,0.21232522009321594
nih,1000,3,7,empirical_90,True,2.5033950805664062e-06,63,6,937,994,0.9130434782608696,0.48524080787156915
nih,1000,3,7,order_statistic_95,True,2.384185791015625e-07,65,4,410,1521,0.9420289855072463,0.21232522009321594
nih,1000,3,8,empirical_90,True,1.4901161193847656e-06,64,5,828,1103,0.927536231884058,0.42879337131020195
nih,1000,3,8,order_statistic_95,True,2.980232238769531e-07,65,4,457,1474,0.9420289855072463,0.2366649404453651
nih,1000,3,9,empirical_90,True,3.516674041748047e-06,63,6,1009,922,0.9130434782608696,0.5225271879854997
nih,1000,3,9,order_statistic_95,True,5.364418029785156e-07,64,5,594,1337,0.927536231884058,0.3076126359399275
nih,1000,3,10,empirical_90,True,5.364418029785156e-07,64,5,594,1337,0.927536231884058,0.3076126359399275
nih,1000,3,10,order_statistic_95,True,1.1920928955078125e-07,67,2,263,1668,0.9710144927536232,0.13619886069394097
nih,1000,3,11,empirical_90,True,1.4901161193847656e-06,64,5,828,1103,0.927536231884058,0.42879337131020195
nih,1000,3,11,order_statistic_95,True,2.384185791015625e-07,65,4,410,1521,0.9420289855072463,0.21232522009321594
nih,1000,3,12,empirical_90,True,4.112720489501953e-06,63,6,1033,898,0.9130434782608696,0.53495598135681
nih,1000,3,12,order_statistic_95,True,1.3709068298339844e-06,64,5,800,1131,0.927536231884058,0.4142931123770067
nih,1000,3,13,empirical_90,True,3.516674041748047e-06,63,6,1009,922,0.9130434782608696,0.5225271879854997
nih,1000,3,13,order_statistic_95,True,2.980232238769531e-07,65,4,457,1474,0.9420289855072463,0.2366649404453651
nih,1000,3,14,empirical_90,True,2.5033950805664062e-06,63,6,937,994,0.9130434782608696,0.48524080787156915
nih,1000,3,14,order_statistic_95,True,2.384185791015625e-07,65,4,410,1521,0.9420289855072463,0.21232522009321594
nih,1000,3,15,empirical_90,True,1.4901161193847656e-06,64,5,828,1103,0.927536231884058,0.42879337131020195
nih,1000,3,15,order_statistic_95,True,2.384185791015625e-07,65,4,410,1521,0.9420289855072463,0.21232522009321594
nih,1000,3,16,empirical_90,True,5.364418029785156e-07,64,5,594,1337,0.927536231884058,0.3076126359399275
nih,1000,3,16,order_statistic_95,True,2.384185791015625e-07,65,4,410,1521,0.9420289855072463,0.21232522009321594
nih,1000,3,17,empirical_90,True,2.5033950805664062e-06,63,6,937,994,0.9130434782608696,0.48524080787156915
nih,1000,3,17,order_statistic_95,True,2.384185791015625e-07,65,4,410,1521,0.9420289855072463,0.21232522009321594
nih,1000,3,18,empirical_90,True,2.5033950805664062e-06,63,6,937,994,0.9130434782608696,0.48524080787156915
nih,1000,3,18,order_statistic_95,True,2.384185791015625e-07,65,4,410,1521,0.9420289855072463,0.21232522009321594
nih,1000,3,19,empirical_90,True,4.112720489501953e-06,63,6,1033,898,0.9130434782608696,0.53495598135681
nih,1000,3,19,order_statistic_95,True,3.5762786865234375e-07,65,4,489,1442,0.9420289855072463,0.2532366649404454
nih,10000,1,0,empirical_90,True,6.854534149169922e-06,60,9,1280,651,0.8695652173913043,0.6628689798032108
nih,10000,1,0,order_statistic_95,True,1.788139343261719e-07,67,2,622,1309,0.9710144927536232,0.3221128948731227
nih,10000,1,1,empirical_90,True,1.5497207641601562e-06,66,3,994,937,0.9565217391304348,0.5147591921284309
nih,10000,1,1,order_statistic_95,True,2.980232238769531e-07,67,2,683,1248,0.9710144927536232,0.3537027446918695
nih,10000,1,2,empirical_90,True,4.172325134277344e-07,67,2,742,1189,0.9710144927536232,0.38425686172967377
nih,10000,1,2,order_statistic_95,True,1.788139343261719e-07,67,2,622,1309,0.9710144927536232,0.3221128948731227
nih,10000,1,3,empirical_90,True,4.649162292480469e-06,62,7,1220,711,0.8985507246376812,0.6317969963749352
nih,10000,1,3,order_statistic_95,True,4.172325134277344e-07,67,2,742,1189,0.9710144927536232,0.38425686172967377
nih,10000,1,4,empirical_90,True,4.649162292480469e-06,62,7,1220,711,0.8985507246376812,0.6317969963749352
nih,10000,1,4,order_statistic_95,True,2.384185791015625e-07,67,2,622,1309,0.9710144927536232,0.3221128948731227
nih,10000,1,5,empirical_90,True,4.172325134277344e-07,67,2,742,1189,0.9710144927536232,0.38425686172967377
nih,10000,1,5,order_statistic_95,True,1.1920928955078125e-07,68,1,470,1461,0.9855072463768116,0.24339720352149147
nih,10000,1,6,empirical_90,True,1.9669532775878903e-05,58,11,1444,487,0.8405797101449275,0.7477990678404971
nih,10000,1,6,order_statistic_95,True,4.172325134277344e-07,67,2,742,1189,0.9710144927536232,0.38425686172967377
nih,10000,1,7,empirical_90,True,1.7881393432617188e-06,66,3,1027,904,0.9565217391304348,0.5318487830139824
nih,10000,1,7,order_statistic_95,True,2.980232238769531e-07,67,2,683,1248,0.9710144927536232,0.3537027446918695
nih,10000,1,8,empirical_90,True,8.344650268554688e-07,66,3,882,1049,0.9565217391304348,0.45675815639564993
nih,10000,1,8,order_statistic_95,True,1.788139343261719e-07,67,2,622,1309,0.9710144927536232,0.3221128948731227
nih,10000,1,9,empirical_90,True,1.430511474609375e-06,66,3,985,946,0.9565217391304348,0.5100983946141895
nih,10000,1,9,order_statistic_95,True,2.384185791015625e-07,67,2,622,1309,0.9710144927536232,0.3221128948731227
nih,10000,1,10,empirical_90,True,1.7881393432617188e-06,66,3,1027,904,0.9565217391304348,0.5318487830139824
nih,10000,1,10,order_statistic_95,True,2.384185791015625e-07,67,2,622,1309,0.9710144927536232,0.3221128948731227
nih,10000,1,11,empirical_90,True,2.16364860534668e-05,58,11,1458,473,0.8405797101449275,0.7550491973070947
nih,10000,1,11,order_statistic_95,True,1.1920928955078125e-07,68,1,470,1461,0.9855072463768116,0.24339720352149147
nih,10000,1,12,empirical_90,True,4.172325134277344e-07,67,2,742,1189,0.9710144927536232,0.38425686172967377
nih,10000,1,12,order_statistic_95,True,1.1920928955078125e-07,68,1,470,1461,0.9855072463768116,0.24339720352149147
nih,10000,1,13,empirical_90,True,4.649162292480469e-06,62,7,1220,711,0.8985507246376812,0.6317969963749352
nih,10000,1,13,order_statistic_95,True,2.384185791015625e-07,67,2,622,1309,0.9710144927536232,0.3221128948731227
nih,10000,1,14,empirical_90,True,2.229213714599609e-05,58,11,1460,471,0.8405797101449275,0.7560849300880372
nih,10000,1,14,order_statistic_95,True,4.172325134277344e-07,67,2,742,1189,0.9710144927536232,0.38425686172967377
nih,10000,1,15,empirical_90,True,4.172325134277344e-07,67,2,742,1189,0.9710144927536232,0.38425686172967377
nih,10000,1,15,order_statistic_95,True,1.1920928955078125e-07,68,1,470,1461,0.9855072463768116,0.24339720352149147
nih,10000,1,16,empirical_90,True,5.543231964111328e-06,62,7,1251,680,0.8985507246376812,0.6478508544795443
nih,10000,1,16,order_statistic_95,True,2.980232238769531e-07,67,2,683,1248,0.9710144927536232,0.3537027446918695
nih,10000,1,17,empirical_90,True,1.430511474609375e-06,66,3,985,946,0.9565217391304348,0.5100983946141895
nih,10000,1,17,order_statistic_95,True,1.788139343261719e-07,67,2,622,1309,0.9710144927536232,0.3221128948731227
nih,10000,1,18,empirical_90,True,4.649162292480469e-06,62,7,1220,711,0.8985507246376812,0.6317969963749352
nih,10000,1,18,order_statistic_95,True,2.980232238769531e-07,67,2,683,1248,0.9710144927536232,0.3537027446918695
nih,10000,1,19,empirical_90,True,1.7881393432617188e-06,66,3,1027,904,0.9565217391304348,0.5318487830139824
nih,10000,1,19,order_statistic_95,True,2.384185791015625e-07,67,2,622,1309,0.9710144927536232,0.3221128948731227
nih,10000,2,0,empirical_90,True,6.258487701416016e-06,58,11,780,1151,0.8405797101449275,0.40393578456758156
nih,10000,2,0,order_statistic_95,True,5.960464477539062e-07,62,7,333,1598,0.8985507246376812,0.17244950802692904
nih,10000,2,1,empirical_90,True,1.132488250732422e-06,61,8,431,1500,0.8840579710144928,0.22320041429311238
nih,10000,2,1,order_statistic_95,True,0.0,69,0,0,1931,1.0,0.0
nih,10000,2,2,empirical_90,True,7.152557373046875e-07,62,7,355,1576,0.8985507246376812,0.18384256861729673
nih,10000,2,2,order_statistic_95,True,4.172325134277344e-07,64,5,277,1654,0.927536231884058,0.14344899016053858
nih,10000,2,3,empirical_90,True,5.662441253662109e-06,58,11,759,1172,0.8405797101449275,0.39306059036768515
nih,10000,2,3,order_statistic_95,True,5.960464477539062e-07,62,7,333,1598,0.8985507246376812,0.17244950802692904
nih,10000,2,4,empirical_90,True,4.827976226806641e-06,58,11,723,1208,0.8405797101449275,0.37441740031071985
nih,10000,2,4,order_statistic_95,True,4.76837158203125e-07,63,6,292,1639,0.9130434782608696,0.15121698601760747
nih,10000,2,5,empirical_90,True,7.152557373046875e-07,62,7,355,1576,0.8985507246376812,0.18384256861729673
nih,10000,2,5,order_statistic_95,True,0.0,69,0,0,1931,1.0,0.0
nih,10000,2,6,empirical_90,True,3.3736228942871094e-05,57,12,1109,822,0.8260869565217391,0.5743138270326256
nih,10000,2,6,order_statistic_95,True,7.152557373046875e-07,62,7,355,1576,0.8985507246376812,0.18384256861729673
nih,10000,2,7,empirical_90,True,6.020069122314453e-06,58,11,775,1156,0.8405797101449275,0.4013464526152253
nih,10000,2,7,order_statistic_95,True,5.960464477539062e-07,62,7,333,1598,0.8985507246376812,0.17244950802692904
nih,10000,2,8,empirical_90,True,5.662441253662109e-06,58,11,759,1172,0.8405797101449275,0.39306059036768515
nih,10000,2,8,order_statistic_95,True,5.960464477539062e-07,62,7,333,1598,0.8985507246376812,0.17244950802692904
nih,10000,2,9,empirical_90,True,6.258487701416016e-06,58,11,780,1151,0.8405797101449275,0.40393578456758156
nih,10000,2,9,order_statistic_95,True,6.556510925292969e-07,62,7,342,1589,0.8985507246376812,0.17711030554117038
nih,10000,2,10,empirical_90,True,7.152557373046875e-07,62,7,355,1576,0.8985507246376812,0.18384256861729673
nih,10000,2,10,order_statistic_95,True,0.0,69,0,0,1931,1.0,0.0
nih,10000,2,11,empirical_90,True,9.179115295410156e-06,58,11,863,1068,0.8405797101449275,0.446918694976696
nih,10000,2,11,order_statistic_95,True,5.960464477539062e-07,62,7,333,1598,0.8985507246376812,0.17244950802692904
nih,10000,2,12,empirical_90,True,6.020069122314453e-06,58,11,775,1156,0.8405797101449275,0.4013464526152253
nih,10000,2,12,order_statistic_95,True,0.0,69,0,0,1931,1.0,0.0
nih,10000,2,13,empirical_90,True,9.179115295410156e-06,58,11,863,1068,0.8405797101449275,0.446918694976696
nih,10000,2,13,order_statistic_95,True,6.556510925292969e-07,62,7,342,1589,0.8985507246376812,0.17711030554117038
nih,10000,2,14,empirical_90,True,6.020069122314453e-06,58,11,775,1156,0.8405797101449275,0.4013464526152253
nih,10000,2,14,order_statistic_95,True,5.960464477539062e-07,62,7,333,1598,0.8985507246376812,0.17244950802692904
nih,10000,2,15,empirical_90,True,5.960464477539062e-07,62,7,333,1598,0.8985507246376812,0.17244950802692904
nih,10000,2,15,order_statistic_95,True,0.0,69,0,0,1931,1.0,0.0
nih,10000,2,16,empirical_90,True,6.020069122314453e-06,58,11,775,1156,0.8405797101449275,0.4013464526152253
nih,10000,2,16,order_statistic_95,True,4.76837158203125e-07,63,6,292,1639,0.9130434782608696,0.15121698601760747
nih,10000,2,17,empirical_90,True,4.827976226806641e-06,58,11,723,1208,0.8405797101449275,0.37441740031071985
nih,10000,2,17,order_statistic_95,True,0.0,69,0,0,1931,1.0,0.0
nih,10000,2,18,empirical_90,True,5.662441253662109e-06,58,11,759,1172,0.8405797101449275,0.39306059036768515
nih,10000,2,18,order_statistic_95,True,4.172325134277344e-07,64,5,277,1654,0.927536231884058,0.14344899016053858
nih,10000,2,19,empirical_90,True,5.662441253662109e-06,58,11,759,1172,0.8405797101449275,0.39306059036768515
nih,10000,2,19,order_statistic_95,True,5.960464477539062e-07,62,7,333,1598,0.8985507246376812,0.17244950802692904
nih,10000,3,0,empirical_90,True,0.0001097321510314,56,13,1591,340,0.8115942028985508,0.8239254272397721
nih,10000,3,0,order_statistic_95,True,1.1920928955078125e-07,67,2,418,1513,0.9710144927536232,0.216468151216986
nih,10000,3,1,empirical_90,True,8.404254913330078e-06,63,6,1257,674,0.9130434782608696,0.6509580528223718
nih,10000,3,1,order_statistic_95,True,2.384185791015625e-07,67,2,566,1365,0.9710144927536232,0.29311237700673226
nih,10000,3,2,empirical_90,True,8.404254913330078e-06,63,6,1257,674,0.9130434782608696,0.6509580528223718
nih,10000,3,2,order_statistic_95,True,2.384185791015625e-07,67,2,566,1365,0.9710144927536232,0.29311237700673226
nih,10000,3,3,empirical_90,True,0.0001584291458129,55,14,1628,303,0.7971014492753623,0.8430864836872087
nih,10000,3,3,order_statistic_95,True,2.384185791015625e-07,67,2,566,1365,0.9710144927536232,0.29311237700673226
nih,10000,3,4,empirical_90,True,6.604194641113281e-05,57,12,1551,380,0.8260869565217391,0.8032107716209218
nih,10000,3,4,order_statistic_95,True,5.4836273193359375e-06,64,5,1191,740,0.927536231884058,0.6167788710512687
nih,10000,3,5,empirical_90,True,1.7762184143066406e-05,63,6,1378,553,0.9130434782608696,0.7136198860693941
nih,10000,3,5,order_statistic_95,True,2.384185791015625e-07,67,2,566,1365,0.9710144927536232,0.29311237700673226
nih,10000,3,6,empirical_90,True,0.0002801418304443,54,15,1672,259,0.782608695652174,0.865872604867944
nih,10000,3,6,order_statistic_95,True,6.604194641113281e-05,57,12,1551,380,0.8260869565217391,0.8032107716209218
nih,10000,3,7,empirical_90,True,0.0001622438430786,55,14,1630,301,0.7971014492753623,0.8441222164681512
nih,10000,3,7,order_statistic_95,True,6.9141387939453125e-06,64,5,1234,697,0.927536231884058,0.6390471258415329
nih,10000,3,8,empirical_90,True,2.2470951080322266e-05,61,8,1410,521,0.8840579710144928,0.7301916105644743
nih,10000,3,8,order_statistic_95,True,2.205371856689453e-06,67,2,1011,920,0.9710144927536232,0.5235629207664423
nih,10000,3,9,empirical_90,True,0.0001584291458129,55,14,1628,303,0.7971014492753623,0.8430864836872087
nih,10000,3,9,order_statistic_95,True,5.4836273193359375e-06,64,5,1191,740,0.927536231884058,0.6167788710512687
nih,10000,3,10,empirical_90,True,2.2470951080322266e-05,61,8,1410,521,0.8840579710144928,0.7301916105644743
nih,10000,3,10,order_statistic_95,True,2.384185791015625e-07,67,2,566,1365,0.9710144927536232,0.29311237700673226
nih,10000,3,11,empirical_90,True,0.0001584291458129,55,14,1628,303,0.7971014492753623,0.8430864836872087
nih,10000,3,11,order_statistic_95,True,5.4836273193359375e-06,64,5,1191,740,0.927536231884058,0.6167788710512687
nih,10000,3,12,empirical_90,True,0.0001097321510314,56,13,1591,340,0.8115942028985508,0.8239254272397721
nih,10000,3,12,order_statistic_95,True,2.384185791015625e-07,67,2,566,1365,0.9710144927536232,0.29311237700673226
nih,10000,3,13,empirical_90,True,6.604194641113281e-05,57,12,1551,380,0.8260869565217391,0.8032107716209218
nih,10000,3,13,order_statistic_95,True,2.384185791015625e-07,67,2,566,1365,0.9710144927536232,0.29311237700673226
nih,10000,3,14,empirical_90,True,0.0001622438430786,55,14,1630,301,0.7971014492753623,0.8441222164681512
nih,10000,3,14,order_statistic_95,True,5.4836273193359375e-06,64,5,1191,740,0.927536231884058,0.6167788710512687
nih,10000,3,15,empirical_90,True,8.404254913330078e-06,63,6,1257,674,0.9130434782608696,0.6509580528223718
nih,10000,3,15,order_statistic_95,True,1.1920928955078125e-07,67,2,418,1513,0.9710144927536232,0.216468151216986
nih,10000,3,16,empirical_90,True,6.604194641113281e-05,57,12,1551,380,0.8260869565217391,0.8032107716209218
nih,10000,3,16,order_statistic_95,True,2.205371856689453e-06,67,2,1011,920,0.9710144927536232,0.5235629207664423
nih,10000,3,17,empirical_90,True,6.604194641113281e-05,57,12,1551,380,0.8260869565217391,0.8032107716209218
nih,10000,3,17,order_statistic_95,True,1.1920928955078125e-07,67,2,418,1513,0.9710144927536232,0.216468151216986
nih,10000,3,18,empirical_90,True,6.604194641113281e-05,57,12,1551,380,0.8260869565217391,0.8032107716209218
nih,10000,3,18,order_statistic_95,True,2.205371856689453e-06,67,2,1011,920,0.9710144927536232,0.5235629207664423
nih,10000,3,19,empirical_90,True,0.0001097321510314,56,13,1591,340,0.8115942028985508,0.8239254272397721
nih,10000,3,19,order_statistic_95,True,3.457069396972656e-06,67,2,1100,831,0.9710144927536232,0.5696530295183843
nih,all,1,0,empirical_90,True,0.06768798828125,56,13,1749,182,0.8115942028985508,0.905748316934231
nih,all,1,0,order_statistic_95,True,0.0076370239257812,68,1,1016,915,0.9855072463768116,0.5261522527187985
nih,all,1,1,empirical_90,True,0.0229339599609375,64,5,1454,477,0.927536231884058,0.7529777317452098
nih,all,1,1,order_statistic_95,True,0.0074882507324218,68,1,1008,923,0.9855072463768116,0.5220093215950284
nih,all,1,2,empirical_90,True,0.0173797607421875,66,3,1361,570,0.9565217391304348,0.7048161574313827
nih,all,1,2,order_statistic_95,True,0.0074882507324218,68,1,1008,923,0.9855072463768116,0.5220093215950284
nih,all,1,3,empirical_90,True,0.044097900390625,61,8,1628,303,0.8840579710144928,0.8430864836872087
nih,all,1,3,order_statistic_95,True,0.0077247619628906,68,1,1021,910,0.9855072463768116,0.5287415846711548
nih,all,1,4,empirical_90,True,0.06768798828125,56,13,1749,182,0.8115942028985508,0.905748316934231
nih,all,1,4,order_statistic_95,True,0.021820068359375,64,5,1441,490,0.927536231884058,0.7462454686690834
nih,all,1,5,empirical_90,True,0.0229339599609375,64,5,1454,477,0.927536231884058,0.7529777317452098
nih,all,1,5,order_statistic_95,True,0.0074882507324218,68,1,1008,923,0.9855072463768116,0.5220093215950284
nih,all,1,6,empirical_90,True,0.08538818359375,56,13,1779,152,0.8115942028985508,0.9212843086483687
nih,all,1,6,order_statistic_95,True,0.044097900390625,61,8,1628,303,0.8840579710144928,0.8430864836872087
nih,all,1,7,empirical_90,True,0.0738525390625,56,13,1760,171,0.8115942028985508,0.9114448472294148
nih,all,1,7,order_statistic_95,True,0.0229339599609375,64,5,1454,477,0.927536231884058,0.7529777317452098
nih,all,1,8,empirical_90,True,0.044097900390625,61,8,1628,303,0.8840579710144928,0.8430864836872087
nih,all,1,8,order_statistic_95,True,0.0102462768554687,68,1,1148,783,0.9855072463768116,0.5945106162610047
nih,all,1,9,empirical_90,True,0.06768798828125,56,13,1749,182,0.8115942028985508,0.905748316934231
nih,all,1,9,order_statistic_95,True,0.020416259765625,65,4,1428,503,0.9420289855072463,0.739513205592957
nih,all,1,10,empirical_90,True,0.06109619140625,58,11,1721,210,0.8405797101449275,0.8912480580010357
nih,all,1,10,order_statistic_95,True,0.0076370239257812,68,1,1016,915,0.9855072463768116,0.5261522527187985
nih,all,1,11,empirical_90,True,0.07318115234375,56,13,1760,171,0.8115942028985508,0.9114448472294148
nih,all,1,11,order_statistic_95,True,0.0102462768554687,68,1,1148,783,0.9855072463768116,0.5945106162610047
nih,all,1,12,empirical_90,True,0.0229339599609375,64,5,1454,477,0.927536231884058,0.7529777317452098
nih,all,1,12,order_statistic_95,True,0.0053024291992187,68,1,870,1061,0.9855072463768116,0.45054375970999483
nih,all,1,13,empirical_90,True,0.0894775390625,56,13,1791,140,0.8115942028985508,0.9274987053340238
nih,all,1,13,order_statistic_95,True,0.0229339599609375,64,5,1454,477,0.927536231884058,0.7529777317452098
nih,all,1,14,empirical_90,True,0.044921875,61,8,1635,296,0.8840579710144928,0.8467115484205076
nih,all,1,14,order_statistic_95,True,0.0077247619628906,68,1,1021,910,0.9855072463768116,0.5287415846711548
nih,all,1,15,empirical_90,True,0.021820068359375,64,5,1441,490,0.927536231884058,0.7462454686690834
nih,all,1,15,order_statistic_95,True,0.0053024291992187,68,1,870,1061,0.9855072463768116,0.45054375970999483
nih,all,1,16,empirical_90,True,0.036773681640625,63,6,1590,341,0.9130434782608696,0.8234075608493009
nih,all,1,16,order_statistic_95,True,0.0077247619628906,68,1,1021,910,0.9855072463768116,0.5287415846711548
nih,all,1,17,empirical_90,True,0.036773681640625,63,6,1590,341,0.9130434782608696,0.8234075608493009
nih,all,1,17,order_statistic_95,True,0.0076370239257812,68,1,1016,915,0.9855072463768116,0.5261522527187985
nih,all,1,18,empirical_90,True,0.06109619140625,58,11,1721,210,0.8405797101449275,0.8912480580010357
nih,all,1,18,order_statistic_95,True,0.0102462768554687,68,1,1148,783,0.9855072463768116,0.5945106162610047
nih,all,1,19,empirical_90,True,0.044097900390625,61,8,1628,303,0.8840579710144928,0.8430864836872087
nih,all,1,19,order_statistic_95,True,0.0102462768554687,68,1,1148,783,0.9855072463768116,0.5945106162610047
nih,all,2,0,empirical_90,True,0.053192138671875,63,6,1720,211,0.9130434782608696,0.8907301916105644
nih,all,2,0,order_statistic_95,True,0.024383544921875,67,2,1535,396,0.9710144927536232,0.7949249093733817
nih,all,2,1,empirical_90,True,0.044525146484375,63,6,1686,245,0.9130434782608696,0.8731227343345417
nih,all,2,1,order_statistic_95,True,0.00787353515625,68,1,1121,810,0.9855072463768116,0.5805282237182807
nih,all,2,2,empirical_90,True,0.0323486328125,65,4,1614,317,0.9420289855072463,0.8358363542206111
nih,all,2,2,order_statistic_95,True,0.00787353515625,68,1,1121,810,0.9855072463768116,0.5805282237182807
nih,all,2,3,empirical_90,True,0.0531005859375,63,6,1720,211,0.9130434782608696,0.8907301916105644
nih,all,2,3,order_statistic_95,True,0.0141143798828125,68,1,1357,574,0.9855072463768116,0.7027446918694976
nih,all,2,4,empirical_90,True,0.06549072265625,63,6,1760,171,0.9130434782608696,0.9114448472294148
nih,all,2,4,order_statistic_95,True,0.038604736328125,63,6,1652,279,0.9130434782608696,0.8555152770585189
nih,all,2,5,empirical_90,True,0.044677734375,63,6,1689,242,0.9130434782608696,0.8746763335059554
nih,all,2,5,order_statistic_95,True,0.0141143798828125,68,1,1357,574,0.9855072463768116,0.7027446918694976
nih,all,2,6,empirical_90,True,0.07122802734375,63,6,1767,164,0.9130434782608696,0.9150699119627136
nih,all,2,6,order_statistic_95,True,0.0531005859375,63,6,1720,211,0.9130434782608696,0.8907301916105644
nih,all,2,7,empirical_90,True,0.07122802734375,63,6,1767,164,0.9130434782608696,0.9150699119627136
nih,all,2,7,order_statistic_95,True,0.040771484375,63,6,1666,265,0.9130434782608696,0.8627654065251166
nih,all,2,8,empirical_90,True,0.0531005859375,63,6,1720,211,0.9130434782608696,0.8907301916105644
nih,all,2,8,order_statistic_95,True,0.0144500732421875,68,1,1365,566,0.9855072463768116,0.7068876229932677
nih,all,2,9,empirical_90,True,0.080078125,63,6,1781,150,0.9130434782608696,0.9223200414293112
nih,all,2,9,order_statistic_95,True,0.024383544921875,67,2,1535,396,0.9710144927536232,0.7949249093733817
nih,all,2,10,empirical_90,True,0.059417724609375,63,6,1740,191,0.9130434782608696,0.9010875194199897
nih,all,2,10,order_statistic_95,True,0.0144500732421875,68,1,1365,566,0.9855072463768116,0.7068876229932677
nih,all,2,11,empirical_90,True,0.05389404296875,63,6,1723,208,0.9130434782608696,0.8922837907819783
nih,all,2,11,order_statistic_95,True,0.038604736328125,63,6,1652,279,0.9130434782608696,0.8555152770585189
nih,all,2,12,empirical_90,True,0.044525146484375,63,6,1686,245,0.9130434782608696,0.8731227343345417
nih,all,2,12,order_statistic_95,True,0.0144500732421875,68,1,1365,566,0.9855072463768116,0.7068876229932677
nih,all,2,13,empirical_90,True,0.06488037109375,63,6,1758,173,0.9130434782608696,0.9104091144484723
nih,all,2,13,order_statistic_95,True,0.040771484375,63,6,1666,265,0.9130434782608696,0.8627654065251166
nih,all,2,14,empirical_90,True,0.05389404296875,63,6,1723,208,0.9130434782608696,0.8922837907819783
nih,all,2,14,order_statistic_95,True,0.0323486328125,65,4,1614,317,0.9420289855072463,0.8358363542206111
nih,all,2,15,empirical_90,True,0.024383544921875,67,2,1535,396,0.9710144927536232,0.7949249093733817
nih,all,2,15,order_statistic_95,True,0.0033378601074218,68,1,775,1156,0.9855072463768116,0.4013464526152253
nih,all,2,16,empirical_90,True,0.0531005859375,63,6,1720,211,0.9130434782608696,0.8907301916105644
nih,all,2,16,order_statistic_95,True,0.00787353515625,68,1,1121,810,0.9855072463768116,0.5805282237182807
nih,all,2,17,empirical_90,True,0.044677734375,63,6,1689,242,0.9130434782608696,0.8746763335059554
nih,all,2,17,order_statistic_95,True,0.024383544921875,67,2,1535,396,0.9710144927536232,0.7949249093733817
nih,all,2,18,empirical_90,True,0.0531005859375,63,6,1720,211,0.9130434782608696,0.8907301916105644
nih,all,2,18,order_statistic_95,True,0.0141143798828125,68,1,1357,574,0.9855072463768116,0.7027446918694976
nih,all,2,19,empirical_90,True,0.0531005859375,63,6,1720,211,0.9130434782608696,0.8907301916105644
nih,all,2,19,order_statistic_95,True,0.024383544921875,67,2,1535,396,0.9710144927536232,0.7949249093733817
nih,all,3,0,empirical_90,True,0.0548095703125,61,8,1683,248,0.8840579710144928,0.871569135163128
nih,all,3,0,order_statistic_95,True,0.0067977905273437,68,1,926,1005,0.9855072463768116,0.4795442775763853
nih,all,3,1,empirical_90,True,0.037689208984375,63,6,1584,347,0.9130434782608696,0.8203003625064733
nih,all,3,1,order_statistic_95,True,0.0064888000488281,68,1,911,1020,0.9855072463768116,0.4717762817193164
nih,all,3,2,empirical_90,True,0.0121917724609375,68,1,1172,759,0.9855072463768116,0.6069394096323149
nih,all,3,2,order_statistic_95,True,0.0064888000488281,68,1,911,1020,0.9855072463768116,0.4717762817193164
nih,all,3,3,empirical_90,True,0.037689208984375,63,6,1584,347,0.9130434782608696,0.8203003625064733
nih,all,3,3,order_statistic_95,True,0.0064888000488281,68,1,911,1020,0.9855072463768116,0.4717762817193164
nih,all,3,4,empirical_90,True,0.07598876953125,58,11,1736,195,0.8405797101449275,0.8990160538581046
nih,all,3,4,order_statistic_95,True,0.0067977905273437,68,1,926,1005,0.9855072463768116,0.4795442775763853
nih,all,3,5,empirical_90,True,0.037689208984375,63,6,1584,347,0.9130434782608696,0.8203003625064733
nih,all,3,5,order_statistic_95,True,0.0067977905273437,68,1,926,1005,0.9855072463768116,0.4795442775763853
nih,all,3,6,empirical_90,True,0.0850830078125,58,11,1760,171,0.8405797101449275,0.9114448472294148
nih,all,3,6,order_statistic_95,True,0.045196533203125,63,6,1637,294,0.9130434782608696,0.84774728120145
nih,all,3,7,empirical_90,True,0.06744384765625,60,9,1716,215,0.8695652173913043,0.8886587260486795
nih,all,3,7,order_statistic_95,True,0.0123825073242187,68,1,1178,753,0.9855072463768116,0.6100466079751424
nih,all,3,8,empirical_90,True,0.045196533203125,63,6,1637,294,0.9130434782608696,0.84774728120145
nih,all,3,8,order_statistic_95,True,0.010406494140625,68,1,1112,819,0.9855072463768116,0.5758674262040394
nih,all,3,9,empirical_90,True,0.06744384765625,60,9,1716,215,0.8695652173913043,0.8886587260486795
nih,all,3,9,order_statistic_95,True,0.0123825073242187,68,1,1178,753,0.9855072463768116,0.6100466079751424
nih,all,3,10,empirical_90,True,0.04534912109375,63,6,1639,292,0.9130434782608696,0.8487830139823925
nih,all,3,10,order_statistic_95,True,0.0067977905273437,68,1,926,1005,0.9855072463768116,0.4795442775763853
nih,all,3,11,empirical_90,True,0.06744384765625,60,9,1716,215,0.8695652173913043,0.8886587260486795
nih,all,3,11,order_statistic_95,True,0.037689208984375,63,6,1584,347,0.9130434782608696,0.8203003625064733
nih,all,3,12,empirical_90,True,0.037689208984375,63,6,1584,347,0.9130434782608696,0.8203003625064733
nih,all,3,12,order_statistic_95,True,0.0064888000488281,68,1,911,1020,0.9855072463768116,0.4717762817193164
nih,all,3,13,empirical_90,True,0.07598876953125,58,11,1736,195,0.8405797101449275,0.8990160538581046
nih,all,3,13,order_statistic_95,True,0.0080337524414062,68,1,997,934,0.9855072463768116,0.5163127912998446
nih,all,3,14,empirical_90,True,0.06744384765625,60,9,1716,215,0.8695652173913043,0.8886587260486795
nih,all,3,14,order_statistic_95,True,0.0123825073242187,68,1,1178,753,0.9855072463768116,0.6100466079751424
nih,all,3,15,empirical_90,True,0.0123825073242187,68,1,1178,753,0.9855072463768116,0.6100466079751424
nih,all,3,15,order_statistic_95,True,0.0064888000488281,68,1,911,1020,0.9855072463768116,0.4717762817193164
nih,all,3,16,empirical_90,True,0.0439453125,63,6,1630,301,0.9130434782608696,0.8441222164681512
nih,all,3,16,order_statistic_95,True,0.0080337524414062,68,1,997,934,0.9855072463768116,0.5163127912998446
nih,all,3,17,empirical_90,True,0.045196533203125,63,6,1637,294,0.9130434782608696,0.84774728120145
nih,all,3,17,order_statistic_95,True,0.010406494140625,68,1,1112,819,0.9855072463768116,0.5758674262040394
nih,all,3,18,empirical_90,True,0.045196533203125,63,6,1637,294,0.9130434782608696,0.84774728120145
nih,all,3,18,order_statistic_95,True,0.0067977905273437,68,1,926,1005,0.9855072463768116,0.4795442775763853
nih,all,3,19,empirical_90,True,0.0469970703125,63,6,1649,282,0.9130434782608696,0.8539616778871051
nih,all,3,19,order_statistic_95,True,0.0067977905273437,68,1,926,1005,0.9855072463768116,0.4795442775763853
