target,minimum_positive_order_statistic,budget,pool_images,pool_positive,finite_pool_probability
0.8,14,100,1000,42,2.035171670612023e-05
0.8,14,250,1000,42,0.13811831117821463
0.8,14,500,1000,42,0.9914693451572549
0.8,14,750,1000,42,0.9999999990399319
0.8,14,1000,1000,42,1.0
0.9,29,100,1000,42,1.6180625941879175e-21
0.9,29,250,1000,42,9.600680957616835e-10
0.9,29,500,1000,42,0.008530654842745032
0.9,29,750,1000,42,0.8618816888217854
0.9,29,1000,1000,42,1.0
0.95,59,100,1000,42,0.0
0.95,59,250,1000,42,0.0
0.95,59,500,1000,42,0.0
0.95,59,750,1000,42,0.0
0.95,59,1000,1000,42,0.0
