finding,head_loss,contrast,metric,effect,lower,upper,paired_fits,head_budget,bootstrap_repeats
Cardiomegaly,unweighted,chexpert,AUROC,0.04575986962157538,0.025525062338588395,0.06630528788347698,9,2000,2000
Cardiomegaly,unweighted,chexpert,Brier,-0.010858541171081565,-0.01672211860886783,-0.005223083543418455,9,2000,2000
Cardiomegaly,unweighted,nih,AUROC,0.06553286289100085,0.047213386903636474,0.08519039033927064,9,2000,2000
Cardiomegaly,unweighted,nih,Brier,-0.01622124322434761,-0.02140788951679637,-0.011311626927191749,9,2000,2000
Cardiomegaly,unweighted,nih_minus_chexpert,AUROC,0.01977299326942547,-0.00380781121959599,0.04269993491189631,18,2000,2000
Cardiomegaly,unweighted,nih_minus_chexpert,Brier,-0.005362702053266045,-0.011071498769907158,0.00042571420292058783,18,2000,2000
Pleural_Effusion,unweighted,chexpert,AUROC,-0.004587412260841238,-0.015450058234532646,0.004215342308282747,9,2000,2000
Pleural_Effusion,unweighted,chexpert,Brier,-0.0015372580267813318,-0.0037865433065986925,0.0007096605562377322,9,2000,2000
Pleural_Effusion,unweighted,nih,AUROC,0.02306214980431989,0.006712041515250235,0.045827149600558115,9,2000,2000
Pleural_Effusion,unweighted,nih,Brier,-0.004033119850534316,-0.006152927992935165,-0.0018899385950995854,9,2000,2000
Pleural_Effusion,unweighted,nih_minus_chexpert,AUROC,0.02764956206516113,0.007566984503939645,0.0528710150938667,18,2000,2000
Pleural_Effusion,unweighted,nih_minus_chexpert,Brier,-0.0024958618237529836,-0.004859110983091463,-8.034692522461382e-05,18,2000,2000
Atelectasis,unweighted,chexpert,AUROC,-0.018376056800089087,-0.061016033582688464,0.02042509062497577,9,2000,2000
Atelectasis,unweighted,chexpert,Brier,0.0002702753849591775,-0.0010411917491842367,0.0015632742189611451,9,2000,2000
Atelectasis,unweighted,nih,AUROC,-0.001033850710151607,-0.04711183802570269,0.04276803461202163,9,2000,2000
Atelectasis,unweighted,nih,Brier,0.0004521000402164309,-0.001390118692572733,0.0023268450963873275,9,2000,2000
Atelectasis,unweighted,nih_minus_chexpert,AUROC,0.01734220608993748,-0.01789626368785351,0.05392996072389673,18,2000,2000
Atelectasis,unweighted,nih_minus_chexpert,Brier,0.00018182465525725343,-0.0014794383574749674,0.0019227361057733512,18,2000,2000
Consolidation,unweighted,chexpert,AUROC,-0.015014024161310972,-0.0397418328733722,0.010392571516903336,9,2000,2000
Consolidation,unweighted,chexpert,Brier,0.0015325782960348725,0.000152394270900016,0.002990287299416148,9,2000,2000
Consolidation,unweighted,nih,AUROC,0.010025398087413602,-0.02226622225926566,0.044979524373024805,9,2000,2000
Consolidation,unweighted,nih,Brier,0.0009509252823066452,-0.00017729389901642196,0.0021423351025406153,9,2000,2000
Consolidation,unweighted,nih_minus_chexpert,AUROC,0.025039422248724574,-0.005823497959697872,0.05493160869277145,18,2000,2000
Consolidation,unweighted,nih_minus_chexpert,Brier,-0.0005816530137282273,-0.0020789778225438994,0.0008969001351782673,18,2000,2000
Cardiomegaly,balanced,chexpert,AUROC,0.042492400502934,0.02197436768287477,0.06300115680730371,9,2000,2000
Cardiomegaly,balanced,chexpert,Brier,-0.009603984596426385,-0.015345218064397703,-0.004004068307248157,9,2000,2000
Cardiomegaly,balanced,nih,AUROC,0.06475575210709428,0.046501558832474046,0.08453779187226224,9,2000,2000
Cardiomegaly,balanced,nih,Brier,-0.015716172818802842,-0.020876761521177307,-0.010802733070035767,9,2000,2000
Cardiomegaly,balanced,nih_minus_chexpert,AUROC,0.022263351604160278,-0.0011336152841267702,0.04564359895112874,18,2000,2000
Cardiomegaly,balanced,nih_minus_chexpert,Brier,-0.006112188222376457,-0.01204006668433029,-0.00032679128333316,18,2000,2000
Pleural_Effusion,balanced,chexpert,AUROC,-0.006255258929025651,-0.018366647140807164,0.0031177432812442185,9,2000,2000
Pleural_Effusion,balanced,chexpert,Brier,-0.0009574330034278505,-0.0032464047671173332,0.0013526014405239573,9,2000,2000
Pleural_Effusion,balanced,nih,AUROC,0.02047948923863632,0.003688653869827204,0.04351655663933889,9,2000,2000
Pleural_Effusion,balanced,nih,Brier,-0.003620347780036002,-0.0058079308573808835,-0.0013491456387669863,9,2000,2000
Pleural_Effusion,balanced,nih_minus_chexpert,AUROC,0.02673474816766197,0.00609587653926363,0.05288531433758199,18,2000,2000
Pleural_Effusion,balanced,nih_minus_chexpert,Brier,-0.0026629147766081512,-0.005164570137703354,-0.00017140914462601404,18,2000,2000
Atelectasis,balanced,chexpert,AUROC,-0.07764414467288483,-0.12968613762646866,-0.028147651753082436,9,2000,2000
Atelectasis,balanced,chexpert,Brier,0.0006714432083603976,-0.00043250664829532236,0.0018402777878728759,9,2000,2000
Atelectasis,balanced,nih,AUROC,-0.033455930671305714,-0.07909551143275513,0.009919974796932275,9,2000,2000
Atelectasis,balanced,nih,Brier,0.0007450363090398821,-0.0009165195705790177,0.0025460716294615866,9,2000,2000
Atelectasis,balanced,nih_minus_chexpert,AUROC,0.044188214001579115,-0.000757065524711326,0.087786138037418,18,2000,2000
Atelectasis,balanced,nih_minus_chexpert,Brier,7.359310067948455e-05,-0.0013981278857322429,0.0016751448817978827,18,2000,2000
Consolidation,balanced,chexpert,AUROC,-0.03568055831621723,-0.06447892421806166,-0.007383211835152498,9,2000,2000
Consolidation,balanced,chexpert,Brier,0.0022964769366420642,0.0006891847918133892,0.004076223473016035,9,2000,2000
Consolidation,balanced,nih,AUROC,-0.01818547229399941,-0.05401903325843819,0.019145193945851232,9,2000,2000
Consolidation,balanced,nih,Brier,0.0014512915767858298,0.00021283594081015383,0.002764001257631738,9,2000,2000
Consolidation,balanced,nih_minus_chexpert,AUROC,0.017495086022217818,-0.014076973994527502,0.04948864180990776,18,2000,2000
Consolidation,balanced,nih_minus_chexpert,Brier,-0.0008451853598562345,-0.0024902822754662005,0.0007583814259290744,18,2000,2000
