run_id,source,size,model_seed,finding,method,budget,miss_to_false_alarm_cost,weighted_errors_per_1000,flag_all_cost_per_1000,flag_none_cost_per_1000
chexpert_n1000_seed1_densenet121_matched,chexpert,1000,1,Pleural_Effusion,source_empirical,0,5,309.0,965.5,172.50000000000003
chexpert_n1000_seed1_densenet121_matched,chexpert,1000,1,Pleural_Effusion,source_empirical,0,10,324.0,965.5,345.00000000000006
chexpert_n1000_seed1_densenet121_matched,chexpert,1000,1,Pleural_Effusion,source_empirical,0,20,354.0,965.5,690.0000000000001
chexpert_n1000_seed1_densenet121_matched,chexpert,1000,1,Pleural_Effusion,source_empirical,0,50,444.0,965.5,1725.0000000000002
chexpert_n1000_seed1_densenet121_matched,chexpert,1000,1,Pleural_Effusion,local_empirical,1000,5,338.0,965.5,172.50000000000003
chexpert_n1000_seed1_densenet121_matched,chexpert,1000,1,Pleural_Effusion,local_empirical,1000,10,350.5,965.5,345.00000000000006
chexpert_n1000_seed1_densenet121_matched,chexpert,1000,1,Pleural_Effusion,local_empirical,1000,20,375.5,965.5,690.0000000000001
chexpert_n1000_seed1_densenet121_matched,chexpert,1000,1,Pleural_Effusion,local_empirical,1000,50,450.5,965.5,1725.0000000000002
chexpert_n1000_seed1_densenet121_matched,chexpert,1000,1,Pleural_Effusion,local_order_statistic,1000,5,765.0,965.5,172.50000000000003
chexpert_n1000_seed1_densenet121_matched,chexpert,1000,1,Pleural_Effusion,local_order_statistic,1000,10,770.0,965.5,345.00000000000006
chexpert_n1000_seed1_densenet121_matched,chexpert,1000,1,Pleural_Effusion,local_order_statistic,1000,20,780.0,965.5,690.0000000000001
chexpert_n1000_seed1_densenet121_matched,chexpert,1000,1,Pleural_Effusion,local_order_statistic,1000,50,810.0,965.5,1725.0000000000002
nih_n1000_seed1_densenet121_matched,nih,1000,1,Pleural_Effusion,source_empirical,0,5,630.0,965.5,172.50000000000003
nih_n1000_seed1_densenet121_matched,nih,1000,1,Pleural_Effusion,source_empirical,0,10,637.5,965.5,345.00000000000006
nih_n1000_seed1_densenet121_matched,nih,1000,1,Pleural_Effusion,source_empirical,0,20,652.5,965.5,690.0000000000001
nih_n1000_seed1_densenet121_matched,nih,1000,1,Pleural_Effusion,source_empirical,0,50,697.5,965.5,1725.0000000000002
nih_n1000_seed1_densenet121_matched,nih,1000,1,Pleural_Effusion,local_empirical,1000,5,509.0,965.5,172.50000000000003
nih_n1000_seed1_densenet121_matched,nih,1000,1,Pleural_Effusion,local_empirical,1000,10,516.5,965.5,345.00000000000006
nih_n1000_seed1_densenet121_matched,nih,1000,1,Pleural_Effusion,local_empirical,1000,20,531.5,965.5,690.0000000000001
nih_n1000_seed1_densenet121_matched,nih,1000,1,Pleural_Effusion,local_empirical,1000,50,576.5,965.5,1725.0000000000002
nih_n1000_seed1_densenet121_matched,nih,1000,1,Pleural_Effusion,local_order_statistic,1000,5,965.5,965.5,172.50000000000003
nih_n1000_seed1_densenet121_matched,nih,1000,1,Pleural_Effusion,local_order_statistic,1000,10,965.5,965.5,345.00000000000006
nih_n1000_seed1_densenet121_matched,nih,1000,1,Pleural_Effusion,local_order_statistic,1000,20,965.5,965.5,690.0000000000001
nih_n1000_seed1_densenet121_matched,nih,1000,1,Pleural_Effusion,local_order_statistic,1000,50,965.5,965.5,1725.0000000000002
chexpert_n10000_seed1_densenet121_matched,chexpert,10000,1,Pleural_Effusion,source_empirical,0,5,109.5,965.5,172.50000000000003
chexpert_n10000_seed1_densenet121_matched,chexpert,10000,1,Pleural_Effusion,source_empirical,0,10,137.0,965.5,345.00000000000006
chexpert_n10000_seed1_densenet121_matched,chexpert,10000,1,Pleural_Effusion,source_empirical,0,20,192.0,965.5,690.0000000000001
chexpert_n10000_seed1_densenet121_matched,chexpert,10000,1,Pleural_Effusion,source_empirical,0,50,357.0,965.5,1725.0000000000002
chexpert_n10000_seed1_densenet121_matched,chexpert,10000,1,Pleural_Effusion,local_empirical,1000,5,123.5,965.5,172.50000000000003
chexpert_n10000_seed1_densenet121_matched,chexpert,10000,1,Pleural_Effusion,local_empirical,1000,10,141.0,965.5,345.00000000000006
chexpert_n10000_seed1_densenet121_matched,chexpert,10000,1,Pleural_Effusion,local_empirical,1000,20,176.0,965.5,690.0000000000001
chexpert_n10000_seed1_densenet121_matched,chexpert,10000,1,Pleural_Effusion,local_empirical,1000,50,281.0,965.5,1725.0000000000002
chexpert_n10000_seed1_densenet121_matched,chexpert,10000,1,Pleural_Effusion,local_order_statistic,1000,5,584.5,965.5,172.50000000000003
chexpert_n10000_seed1_densenet121_matched,chexpert,10000,1,Pleural_Effusion,local_order_statistic,1000,10,587.0,965.5,345.00000000000006
chexpert_n10000_seed1_densenet121_matched,chexpert,10000,1,Pleural_Effusion,local_order_statistic,1000,20,592.0,965.5,690.0000000000001
chexpert_n10000_seed1_densenet121_matched,chexpert,10000,1,Pleural_Effusion,local_order_statistic,1000,50,607.0,965.5,1725.0000000000002
nih_n10000_seed1_densenet121_matched,nih,10000,1,Pleural_Effusion,source_empirical,0,5,539.5,965.5,172.50000000000003
nih_n10000_seed1_densenet121_matched,nih,10000,1,Pleural_Effusion,source_empirical,0,10,547.0,965.5,345.00000000000006
nih_n10000_seed1_densenet121_matched,nih,10000,1,Pleural_Effusion,source_empirical,0,20,562.0,965.5,690.0000000000001
nih_n10000_seed1_densenet121_matched,nih,10000,1,Pleural_Effusion,source_empirical,0,50,607.0,965.5,1725.0000000000002
nih_n10000_seed1_densenet121_matched,nih,10000,1,Pleural_Effusion,local_empirical,1000,5,437.0,965.5,172.50000000000003
nih_n10000_seed1_densenet121_matched,nih,10000,1,Pleural_Effusion,local_empirical,1000,10,447.0,965.5,345.00000000000006
nih_n10000_seed1_densenet121_matched,nih,10000,1,Pleural_Effusion,local_empirical,1000,20,467.0,965.5,690.0000000000001
nih_n10000_seed1_densenet121_matched,nih,10000,1,Pleural_Effusion,local_empirical,1000,50,527.0,965.5,1725.0000000000002
nih_n10000_seed1_densenet121_matched,nih,10000,1,Pleural_Effusion,local_order_statistic,1000,5,733.0,965.5,172.50000000000003
nih_n10000_seed1_densenet121_matched,nih,10000,1,Pleural_Effusion,local_order_statistic,1000,10,735.5,965.5,345.00000000000006
nih_n10000_seed1_densenet121_matched,nih,10000,1,Pleural_Effusion,local_order_statistic,1000,20,740.5,965.5,690.0000000000001
nih_n10000_seed1_densenet121_matched,nih,10000,1,Pleural_Effusion,local_order_statistic,1000,50,755.5,965.5,1725.0000000000002
chexpert_nall_seed1_densenet121_matched,chexpert,all,1,Pleural_Effusion,source_empirical,0,5,63.0,965.5,172.50000000000003
chexpert_nall_seed1_densenet121_matched,chexpert,all,1,Pleural_Effusion,source_empirical,0,10,80.5,965.5,345.00000000000006
chexpert_nall_seed1_densenet121_matched,chexpert,all,1,Pleural_Effusion,source_empirical,0,20,115.5,965.5,690.0000000000001
chexpert_nall_seed1_densenet121_matched,chexpert,all,1,Pleural_Effusion,source_empirical,0,50,220.5,965.5,1725.0000000000002
chexpert_nall_seed1_densenet121_matched,chexpert,all,1,Pleural_Effusion,local_empirical,1000,5,64.5,965.5,172.50000000000003
chexpert_nall_seed1_densenet121_matched,chexpert,all,1,Pleural_Effusion,local_empirical,1000,10,84.5,965.5,345.00000000000006
chexpert_nall_seed1_densenet121_matched,chexpert,all,1,Pleural_Effusion,local_empirical,1000,20,124.5,965.5,690.0000000000001
chexpert_nall_seed1_densenet121_matched,chexpert,all,1,Pleural_Effusion,local_empirical,1000,50,244.5,965.5,1725.0000000000002
chexpert_nall_seed1_densenet121_matched,chexpert,all,1,Pleural_Effusion,local_order_statistic,1000,5,394.0,965.5,172.50000000000003
chexpert_nall_seed1_densenet121_matched,chexpert,all,1,Pleural_Effusion,local_order_statistic,1000,10,394.0,965.5,345.00000000000006
chexpert_nall_seed1_densenet121_matched,chexpert,all,1,Pleural_Effusion,local_order_statistic,1000,20,394.0,965.5,690.0000000000001
chexpert_nall_seed1_densenet121_matched,chexpert,all,1,Pleural_Effusion,local_order_statistic,1000,50,394.0,965.5,1725.0000000000002
nih_nall_seed1_densenet121_matched,nih,all,1,Pleural_Effusion,source_empirical,0,5,200.5,965.5,172.50000000000003
nih_nall_seed1_densenet121_matched,nih,all,1,Pleural_Effusion,source_empirical,0,10,215.5,965.5,345.00000000000006
nih_nall_seed1_densenet121_matched,nih,all,1,Pleural_Effusion,source_empirical,0,20,245.5,965.5,690.0000000000001
nih_nall_seed1_densenet121_matched,nih,all,1,Pleural_Effusion,source_empirical,0,50,335.5,965.5,1725.0000000000002
nih_nall_seed1_densenet121_matched,nih,all,1,Pleural_Effusion,local_empirical,1000,5,77.0,965.5,172.50000000000003
nih_nall_seed1_densenet121_matched,nih,all,1,Pleural_Effusion,local_empirical,1000,10,112.0,965.5,345.00000000000006
nih_nall_seed1_densenet121_matched,nih,all,1,Pleural_Effusion,local_empirical,1000,20,182.0,965.5,690.0000000000001
nih_nall_seed1_densenet121_matched,nih,all,1,Pleural_Effusion,local_empirical,1000,50,392.0,965.5,1725.0000000000002
nih_nall_seed1_densenet121_matched,nih,all,1,Pleural_Effusion,local_order_statistic,1000,5,253.0,965.5,172.50000000000003
nih_nall_seed1_densenet121_matched,nih,all,1,Pleural_Effusion,local_order_statistic,1000,10,265.5,965.5,345.00000000000006
nih_nall_seed1_densenet121_matched,nih,all,1,Pleural_Effusion,local_order_statistic,1000,20,290.5,965.5,690.0000000000001
nih_nall_seed1_densenet121_matched,nih,all,1,Pleural_Effusion,local_order_statistic,1000,50,365.5,965.5,1725.0000000000002
chexpert_n1000_seed2_densenet121_matched,chexpert,1000,2,Pleural_Effusion,source_empirical,0,5,199.5,965.5,172.50000000000003
chexpert_n1000_seed2_densenet121_matched,chexpert,1000,2,Pleural_Effusion,source_empirical,0,10,239.5,965.5,345.00000000000006
chexpert_n1000_seed2_densenet121_matched,chexpert,1000,2,Pleural_Effusion,source_empirical,0,20,319.5,965.5,690.0000000000001
chexpert_n1000_seed2_densenet121_matched,chexpert,1000,2,Pleural_Effusion,source_empirical,0,50,559.5,965.5,1725.0000000000002
chexpert_n1000_seed2_densenet121_matched,chexpert,1000,2,Pleural_Effusion,local_empirical,1000,5,344.5,965.5,172.50000000000003
chexpert_n1000_seed2_densenet121_matched,chexpert,1000,2,Pleural_Effusion,local_empirical,1000,10,357.0,965.5,345.00000000000006
chexpert_n1000_seed2_densenet121_matched,chexpert,1000,2,Pleural_Effusion,local_empirical,1000,20,382.0,965.5,690.0000000000001
chexpert_n1000_seed2_densenet121_matched,chexpert,1000,2,Pleural_Effusion,local_empirical,1000,50,457.0,965.5,1725.0000000000002
chexpert_n1000_seed2_densenet121_matched,chexpert,1000,2,Pleural_Effusion,local_order_statistic,1000,5,819.0,965.5,172.50000000000003
chexpert_n1000_seed2_densenet121_matched,chexpert,1000,2,Pleural_Effusion,local_order_statistic,1000,10,819.0,965.5,345.00000000000006
chexpert_n1000_seed2_densenet121_matched,chexpert,1000,2,Pleural_Effusion,local_order_statistic,1000,20,819.0,965.5,690.0000000000001
chexpert_n1000_seed2_densenet121_matched,chexpert,1000,2,Pleural_Effusion,local_order_statistic,1000,50,819.0,965.5,1725.0000000000002
nih_n1000_seed2_densenet121_matched,nih,1000,2,Pleural_Effusion,source_empirical,0,5,852.5,965.5,172.50000000000003
nih_n1000_seed2_densenet121_matched,nih,1000,2,Pleural_Effusion,source_empirical,0,10,862.5,965.5,345.00000000000006
nih_n1000_seed2_densenet121_matched,nih,1000,2,Pleural_Effusion,source_empirical,0,20,882.5,965.5,690.0000000000001
nih_n1000_seed2_densenet121_matched,nih,1000,2,Pleural_Effusion,source_empirical,0,50,942.5,965.5,1725.0000000000002
nih_n1000_seed2_densenet121_matched,nih,1000,2,Pleural_Effusion,local_empirical,1000,5,622.0,965.5,172.50000000000003
nih_n1000_seed2_densenet121_matched,nih,1000,2,Pleural_Effusion,local_empirical,1000,10,634.5,965.5,345.00000000000006
nih_n1000_seed2_densenet121_matched,nih,1000,2,Pleural_Effusion,local_empirical,1000,20,659.5,965.5,690.0000000000001
nih_n1000_seed2_densenet121_matched,nih,1000,2,Pleural_Effusion,local_empirical,1000,50,734.5,965.5,1725.0000000000002
nih_n1000_seed2_densenet121_matched,nih,1000,2,Pleural_Effusion,local_order_statistic,1000,5,965.5,965.5,172.50000000000003
nih_n1000_seed2_densenet121_matched,nih,1000,2,Pleural_Effusion,local_order_statistic,1000,10,965.5,965.5,345.00000000000006
nih_n1000_seed2_densenet121_matched,nih,1000,2,Pleural_Effusion,local_order_statistic,1000,20,965.5,965.5,690.0000000000001
nih_n1000_seed2_densenet121_matched,nih,1000,2,Pleural_Effusion,local_order_statistic,1000,50,965.5,965.5,1725.0000000000002
chexpert_n10000_seed2_densenet121_matched,chexpert,10000,2,Pleural_Effusion,source_empirical,0,5,73.0,965.5,172.50000000000003
chexpert_n10000_seed2_densenet121_matched,chexpert,10000,2,Pleural_Effusion,source_empirical,0,10,105.5,965.5,345.00000000000006
chexpert_n10000_seed2_densenet121_matched,chexpert,10000,2,Pleural_Effusion,source_empirical,0,20,170.5,965.5,690.0000000000001
chexpert_n10000_seed2_densenet121_matched,chexpert,10000,2,Pleural_Effusion,source_empirical,0,50,365.5,965.5,1725.0000000000002
chexpert_n10000_seed2_densenet121_matched,chexpert,10000,2,Pleural_Effusion,local_empirical,1000,5,141.0,965.5,172.50000000000003
chexpert_n10000_seed2_densenet121_matched,chexpert,10000,2,Pleural_Effusion,local_empirical,1000,10,156.0,965.5,345.00000000000006
chexpert_n10000_seed2_densenet121_matched,chexpert,10000,2,Pleural_Effusion,local_empirical,1000,20,186.0,965.5,690.0000000000001
chexpert_n10000_seed2_densenet121_matched,chexpert,10000,2,Pleural_Effusion,local_empirical,1000,50,276.0,965.5,1725.0000000000002
chexpert_n10000_seed2_densenet121_matched,chexpert,10000,2,Pleural_Effusion,local_order_statistic,1000,5,600.5,965.5,172.50000000000003
chexpert_n10000_seed2_densenet121_matched,chexpert,10000,2,Pleural_Effusion,local_order_statistic,1000,10,603.0,965.5,345.00000000000006
chexpert_n10000_seed2_densenet121_matched,chexpert,10000,2,Pleural_Effusion,local_order_statistic,1000,20,608.0,965.5,690.0000000000001
chexpert_n10000_seed2_densenet121_matched,chexpert,10000,2,Pleural_Effusion,local_order_statistic,1000,50,623.0,965.5,1725.0000000000002
nih_n10000_seed2_densenet121_matched,nih,10000,2,Pleural_Effusion,source_empirical,0,5,744.5,965.5,172.50000000000003
nih_n10000_seed2_densenet121_matched,nih,10000,2,Pleural_Effusion,source_empirical,0,10,767.0,965.5,345.00000000000006
nih_n10000_seed2_densenet121_matched,nih,10000,2,Pleural_Effusion,source_empirical,0,20,812.0,965.5,690.0000000000001
nih_n10000_seed2_densenet121_matched,nih,10000,2,Pleural_Effusion,source_empirical,0,50,947.0,965.5,1725.0000000000002
nih_n10000_seed2_densenet121_matched,nih,10000,2,Pleural_Effusion,local_empirical,1000,5,508.5,965.5,172.50000000000003
nih_n10000_seed2_densenet121_matched,nih,10000,2,Pleural_Effusion,local_empirical,1000,10,536.0,965.5,345.00000000000006
nih_n10000_seed2_densenet121_matched,nih,10000,2,Pleural_Effusion,local_empirical,1000,20,591.0,965.5,690.0000000000001
nih_n10000_seed2_densenet121_matched,nih,10000,2,Pleural_Effusion,local_empirical,1000,50,756.0,965.5,1725.0000000000002
nih_n10000_seed2_densenet121_matched,nih,10000,2,Pleural_Effusion,local_order_statistic,1000,5,965.5,965.5,172.50000000000003
nih_n10000_seed2_densenet121_matched,nih,10000,2,Pleural_Effusion,local_order_statistic,1000,10,965.5,965.5,345.00000000000006
nih_n10000_seed2_densenet121_matched,nih,10000,2,Pleural_Effusion,local_order_statistic,1000,20,965.5,965.5,690.0000000000001
nih_n10000_seed2_densenet121_matched,nih,10000,2,Pleural_Effusion,local_order_statistic,1000,50,965.5,965.5,1725.0000000000002
chexpert_nall_seed2_densenet121_matched,chexpert,all,2,Pleural_Effusion,source_empirical,0,5,61.5,965.5,172.50000000000003
chexpert_nall_seed2_densenet121_matched,chexpert,all,2,Pleural_Effusion,source_empirical,0,10,76.5,965.5,345.00000000000006
chexpert_nall_seed2_densenet121_matched,chexpert,all,2,Pleural_Effusion,source_empirical,0,20,106.5,965.5,690.0000000000001
chexpert_nall_seed2_densenet121_matched,chexpert,all,2,Pleural_Effusion,source_empirical,0,50,196.5,965.5,1725.0000000000002
chexpert_nall_seed2_densenet121_matched,chexpert,all,2,Pleural_Effusion,local_empirical,1000,5,71.5,965.5,172.50000000000003
chexpert_nall_seed2_densenet121_matched,chexpert,all,2,Pleural_Effusion,local_empirical,1000,10,79.0,965.5,345.00000000000006
chexpert_nall_seed2_densenet121_matched,chexpert,all,2,Pleural_Effusion,local_empirical,1000,20,94.0,965.5,690.0000000000001
chexpert_nall_seed2_densenet121_matched,chexpert,all,2,Pleural_Effusion,local_empirical,1000,50,139.0,965.5,1725.0000000000002
chexpert_nall_seed2_densenet121_matched,chexpert,all,2,Pleural_Effusion,local_order_statistic,1000,5,294.5,965.5,172.50000000000003
chexpert_nall_seed2_densenet121_matched,chexpert,all,2,Pleural_Effusion,local_order_statistic,1000,10,297.0,965.5,345.00000000000006
chexpert_nall_seed2_densenet121_matched,chexpert,all,2,Pleural_Effusion,local_order_statistic,1000,20,302.0,965.5,690.0000000000001
chexpert_nall_seed2_densenet121_matched,chexpert,all,2,Pleural_Effusion,local_order_statistic,1000,50,317.0,965.5,1725.0000000000002
nih_nall_seed2_densenet121_matched,nih,all,2,Pleural_Effusion,source_empirical,0,5,166.0,965.5,172.50000000000003
nih_nall_seed2_densenet121_matched,nih,all,2,Pleural_Effusion,source_empirical,0,10,178.5,965.5,345.00000000000006
nih_nall_seed2_densenet121_matched,nih,all,2,Pleural_Effusion,source_empirical,0,20,203.5,965.5,690.0000000000001
nih_nall_seed2_densenet121_matched,nih,all,2,Pleural_Effusion,source_empirical,0,50,278.5,965.5,1725.0000000000002
nih_nall_seed2_densenet121_matched,nih,all,2,Pleural_Effusion,local_empirical,1000,5,80.5,965.5,172.50000000000003
nih_nall_seed2_densenet121_matched,nih,all,2,Pleural_Effusion,local_empirical,1000,10,98.0,965.5,345.00000000000006
nih_nall_seed2_densenet121_matched,nih,all,2,Pleural_Effusion,local_empirical,1000,20,133.0,965.5,690.0000000000001
nih_nall_seed2_densenet121_matched,nih,all,2,Pleural_Effusion,local_empirical,1000,50,238.0,965.5,1725.0000000000002
nih_nall_seed2_densenet121_matched,nih,all,2,Pleural_Effusion,local_order_statistic,1000,5,254.0,965.5,172.50000000000003
nih_nall_seed2_densenet121_matched,nih,all,2,Pleural_Effusion,local_order_statistic,1000,10,256.5,965.5,345.00000000000006
nih_nall_seed2_densenet121_matched,nih,all,2,Pleural_Effusion,local_order_statistic,1000,20,261.5,965.5,690.0000000000001
nih_nall_seed2_densenet121_matched,nih,all,2,Pleural_Effusion,local_order_statistic,1000,50,276.5,965.5,1725.0000000000002
chexpert_n1000_seed3_densenet121_matched,chexpert,1000,3,Pleural_Effusion,source_empirical,0,5,280.0,965.5,172.50000000000003
chexpert_n1000_seed3_densenet121_matched,chexpert,1000,3,Pleural_Effusion,source_empirical,0,10,310.0,965.5,345.00000000000006
chexpert_n1000_seed3_densenet121_matched,chexpert,1000,3,Pleural_Effusion,source_empirical,0,20,370.0,965.5,690.0000000000001
chexpert_n1000_seed3_densenet121_matched,chexpert,1000,3,Pleural_Effusion,source_empirical,0,50,550.0,965.5,1725.0000000000002
chexpert_n1000_seed3_densenet121_matched,chexpert,1000,3,Pleural_Effusion,local_empirical,1000,5,532.5,965.5,172.50000000000003
chexpert_n1000_seed3_densenet121_matched,chexpert,1000,3,Pleural_Effusion,local_empirical,1000,10,545.0,965.5,345.00000000000006
chexpert_n1000_seed3_densenet121_matched,chexpert,1000,3,Pleural_Effusion,local_empirical,1000,20,570.0,965.5,690.0000000000001
chexpert_n1000_seed3_densenet121_matched,chexpert,1000,3,Pleural_Effusion,local_empirical,1000,50,645.0,965.5,1725.0000000000002
chexpert_n1000_seed3_densenet121_matched,chexpert,1000,3,Pleural_Effusion,local_order_statistic,1000,5,818.5,965.5,172.50000000000003
chexpert_n1000_seed3_densenet121_matched,chexpert,1000,3,Pleural_Effusion,local_order_statistic,1000,10,821.0,965.5,345.00000000000006
chexpert_n1000_seed3_densenet121_matched,chexpert,1000,3,Pleural_Effusion,local_order_statistic,1000,20,826.0,965.5,690.0000000000001
chexpert_n1000_seed3_densenet121_matched,chexpert,1000,3,Pleural_Effusion,local_order_statistic,1000,50,841.0,965.5,1725.0000000000002
nih_n1000_seed3_densenet121_matched,nih,1000,3,Pleural_Effusion,source_empirical,0,5,583.0,965.5,172.50000000000003
nih_n1000_seed3_densenet121_matched,nih,1000,3,Pleural_Effusion,source_empirical,0,10,595.5,965.5,345.00000000000006
nih_n1000_seed3_densenet121_matched,nih,1000,3,Pleural_Effusion,source_empirical,0,20,620.5,965.5,690.0000000000001
nih_n1000_seed3_densenet121_matched,nih,1000,3,Pleural_Effusion,source_empirical,0,50,695.5,965.5,1725.0000000000002
nih_n1000_seed3_densenet121_matched,nih,1000,3,Pleural_Effusion,local_empirical,1000,5,426.5,965.5,172.50000000000003
nih_n1000_seed3_densenet121_matched,nih,1000,3,Pleural_Effusion,local_empirical,1000,10,446.5,965.5,345.00000000000006
nih_n1000_seed3_densenet121_matched,nih,1000,3,Pleural_Effusion,local_empirical,1000,20,486.5,965.5,690.0000000000001
nih_n1000_seed3_densenet121_matched,nih,1000,3,Pleural_Effusion,local_empirical,1000,50,606.5,965.5,1725.0000000000002
nih_n1000_seed3_densenet121_matched,nih,1000,3,Pleural_Effusion,local_order_statistic,1000,5,747.0,965.5,172.50000000000003
nih_n1000_seed3_densenet121_matched,nih,1000,3,Pleural_Effusion,local_order_statistic,1000,10,757.0,965.5,345.00000000000006
nih_n1000_seed3_densenet121_matched,nih,1000,3,Pleural_Effusion,local_order_statistic,1000,20,777.0,965.5,690.0000000000001
nih_n1000_seed3_densenet121_matched,nih,1000,3,Pleural_Effusion,local_order_statistic,1000,50,837.0,965.5,1725.0000000000002
chexpert_n10000_seed3_densenet121_matched,chexpert,10000,3,Pleural_Effusion,source_empirical,0,5,115.0,965.5,172.50000000000003
chexpert_n10000_seed3_densenet121_matched,chexpert,10000,3,Pleural_Effusion,source_empirical,0,10,140.0,965.5,345.00000000000006
chexpert_n10000_seed3_densenet121_matched,chexpert,10000,3,Pleural_Effusion,source_empirical,0,20,190.0,965.5,690.0000000000001
chexpert_n10000_seed3_densenet121_matched,chexpert,10000,3,Pleural_Effusion,source_empirical,0,50,340.0,965.5,1725.0000000000002
chexpert_n10000_seed3_densenet121_matched,chexpert,10000,3,Pleural_Effusion,local_empirical,1000,5,113.5,965.5,172.50000000000003
chexpert_n10000_seed3_densenet121_matched,chexpert,10000,3,Pleural_Effusion,local_empirical,1000,10,133.5,965.5,345.00000000000006
chexpert_n10000_seed3_densenet121_matched,chexpert,10000,3,Pleural_Effusion,local_empirical,1000,20,173.5,965.5,690.0000000000001
chexpert_n10000_seed3_densenet121_matched,chexpert,10000,3,Pleural_Effusion,local_empirical,1000,50,293.5,965.5,1725.0000000000002
chexpert_n10000_seed3_densenet121_matched,chexpert,10000,3,Pleural_Effusion,local_order_statistic,1000,5,537.5,965.5,172.50000000000003
chexpert_n10000_seed3_densenet121_matched,chexpert,10000,3,Pleural_Effusion,local_order_statistic,1000,10,540.0,965.5,345.00000000000006
chexpert_n10000_seed3_densenet121_matched,chexpert,10000,3,Pleural_Effusion,local_order_statistic,1000,20,545.0,965.5,690.0000000000001
chexpert_n10000_seed3_densenet121_matched,chexpert,10000,3,Pleural_Effusion,local_order_statistic,1000,50,560.0,965.5,1725.0000000000002
nih_n10000_seed3_densenet121_matched,nih,10000,3,Pleural_Effusion,source_empirical,0,5,536.0,965.5,172.50000000000003
nih_n10000_seed3_densenet121_matched,nih,10000,3,Pleural_Effusion,source_empirical,0,10,541.0,965.5,345.00000000000006
nih_n10000_seed3_densenet121_matched,nih,10000,3,Pleural_Effusion,source_empirical,0,20,551.0,965.5,690.0000000000001
nih_n10000_seed3_densenet121_matched,nih,10000,3,Pleural_Effusion,source_empirical,0,50,581.0,965.5,1725.0000000000002
nih_n10000_seed3_densenet121_matched,nih,10000,3,Pleural_Effusion,local_empirical,1000,5,248.5,965.5,172.50000000000003
nih_n10000_seed3_densenet121_matched,nih,10000,3,Pleural_Effusion,local_empirical,1000,10,271.0,965.5,345.00000000000006
nih_n10000_seed3_densenet121_matched,nih,10000,3,Pleural_Effusion,local_empirical,1000,20,316.0,965.5,690.0000000000001
nih_n10000_seed3_densenet121_matched,nih,10000,3,Pleural_Effusion,local_empirical,1000,50,451.0,965.5,1725.0000000000002
nih_n10000_seed3_densenet121_matched,nih,10000,3,Pleural_Effusion,local_order_statistic,1000,5,761.5,965.5,172.50000000000003
nih_n10000_seed3_densenet121_matched,nih,10000,3,Pleural_Effusion,local_order_statistic,1000,10,766.5,965.5,345.00000000000006
nih_n10000_seed3_densenet121_matched,nih,10000,3,Pleural_Effusion,local_order_statistic,1000,20,776.5,965.5,690.0000000000001
nih_n10000_seed3_densenet121_matched,nih,10000,3,Pleural_Effusion,local_order_statistic,1000,50,806.5,965.5,1725.0000000000002
chexpert_nall_seed3_densenet121_matched,chexpert,all,3,Pleural_Effusion,source_empirical,0,5,69.0,965.5,172.50000000000003
chexpert_nall_seed3_densenet121_matched,chexpert,all,3,Pleural_Effusion,source_empirical,0,10,86.5,965.5,345.00000000000006
chexpert_nall_seed3_densenet121_matched,chexpert,all,3,Pleural_Effusion,source_empirical,0,20,121.5,965.5,690.0000000000001
chexpert_nall_seed3_densenet121_matched,chexpert,all,3,Pleural_Effusion,source_empirical,0,50,226.5,965.5,1725.0000000000002
chexpert_nall_seed3_densenet121_matched,chexpert,all,3,Pleural_Effusion,local_empirical,1000,5,62.0,965.5,172.50000000000003
chexpert_nall_seed3_densenet121_matched,chexpert,all,3,Pleural_Effusion,local_empirical,1000,10,87.0,965.5,345.00000000000006
chexpert_nall_seed3_densenet121_matched,chexpert,all,3,Pleural_Effusion,local_empirical,1000,20,137.0,965.5,690.0000000000001
chexpert_nall_seed3_densenet121_matched,chexpert,all,3,Pleural_Effusion,local_empirical,1000,50,287.0,965.5,1725.0000000000002
chexpert_nall_seed3_densenet121_matched,chexpert,all,3,Pleural_Effusion,local_order_statistic,1000,5,389.5,965.5,172.50000000000003
chexpert_nall_seed3_densenet121_matched,chexpert,all,3,Pleural_Effusion,local_order_statistic,1000,10,389.5,965.5,345.00000000000006
chexpert_nall_seed3_densenet121_matched,chexpert,all,3,Pleural_Effusion,local_order_statistic,1000,20,389.5,965.5,690.0000000000001
chexpert_nall_seed3_densenet121_matched,chexpert,all,3,Pleural_Effusion,local_order_statistic,1000,50,389.5,965.5,1725.0000000000002
nih_nall_seed3_densenet121_matched,nih,all,3,Pleural_Effusion,source_empirical,0,5,177.5,965.5,172.50000000000003
nih_nall_seed3_densenet121_matched,nih,all,3,Pleural_Effusion,source_empirical,0,10,192.5,965.5,345.00000000000006
nih_nall_seed3_densenet121_matched,nih,all,3,Pleural_Effusion,source_empirical,0,20,222.5,965.5,690.0000000000001
nih_nall_seed3_densenet121_matched,nih,all,3,Pleural_Effusion,source_empirical,0,50,312.5,965.5,1725.0000000000002
nih_nall_seed3_densenet121_matched,nih,all,3,Pleural_Effusion,local_empirical,1000,5,112.5,965.5,172.50000000000003
nih_nall_seed3_densenet121_matched,nih,all,3,Pleural_Effusion,local_empirical,1000,10,140.0,965.5,345.00000000000006
nih_nall_seed3_densenet121_matched,nih,all,3,Pleural_Effusion,local_empirical,1000,20,195.0,965.5,690.0000000000001
nih_nall_seed3_densenet121_matched,nih,all,3,Pleural_Effusion,local_empirical,1000,50,360.0,965.5,1725.0000000000002
nih_nall_seed3_densenet121_matched,nih,all,3,Pleural_Effusion,local_order_statistic,1000,5,217.0,965.5,172.50000000000003
nih_nall_seed3_densenet121_matched,nih,all,3,Pleural_Effusion,local_order_statistic,1000,10,232.0,965.5,345.00000000000006
nih_nall_seed3_densenet121_matched,nih,all,3,Pleural_Effusion,local_order_statistic,1000,20,262.0,965.5,690.0000000000001
nih_nall_seed3_densenet121_matched,nih,all,3,Pleural_Effusion,local_order_statistic,1000,50,352.0,965.5,1725.0000000000002
