source,left,right,metric,difference,lower,upper,valid,requested
chexpert,empirical,guarded,sensitivity,0.09661835748792258,0.01045205009435581,0.17214188453159038,494,500
chexpert,empirical,guarded,specificity,-0.3210771620921803,-0.3434799953838561,-0.007609670323511797,494,500
chexpert,source,empirical,sensitivity,-0.004830917874396046,-0.10000000000000003,0.05382480694980685,500,500
chexpert,source,empirical,specificity,-0.0006904885206283629,-0.022166947736234118,0.026925219095796694,500,500
chexpert,raw,logistic,Brier,-0.08086821905995456,-0.08981762687918561,-0.07175335822256673,500,500
chexpert,constant,logistic,Brier,-0.016991349817344452,-0.0231982166970867,-0.011214689363935791,500,500
nih,empirical,guarded,sensitivity,0.09661835748792291,0.009708013640238721,0.14797619047619037,494,500
nih,empirical,guarded,specificity,-0.1740031071983429,-0.1823655546684812,-0.033518411296295396,494,500
nih,source,empirical,sensitivity,-0.07246376811594224,-0.1678990610328639,0.005170272435897445,500,500
nih,source,empirical,specificity,0.10754358708786471,-0.008357134398011275,0.13860942773441717,500,500
nih,raw,logistic,Brier,-0.0004190891767770419,-0.0007826629253833078,0.0006783455581425072,500,500
nih,constant,logistic,Brier,-0.015243572257405202,-0.020488806447633418,-0.010180604273840396,500,500
