budget,sampling_repeat,finding,positive,negative
100,0,Cardiomegaly,11,89
100,0,Pleural_Effusion,2,98
100,0,Atelectasis,2,98
100,0,Consolidation,5,95
100,1,Cardiomegaly,7,93
100,1,Pleural_Effusion,6,94
100,1,Atelectasis,3,97
100,1,Consolidation,2,98
100,2,Cardiomegaly,10,90
100,2,Pleural_Effusion,4,96
100,2,Atelectasis,3,97
100,2,Consolidation,3,97
100,3,Cardiomegaly,6,94
100,3,Pleural_Effusion,4,96
100,3,Atelectasis,2,98
100,3,Consolidation,3,97
100,4,Cardiomegaly,9,91
100,4,Pleural_Effusion,3,97
100,4,Atelectasis,1,99
100,4,Consolidation,4,96
100,5,Cardiomegaly,9,91
100,5,Pleural_Effusion,4,96
100,5,Atelectasis,3,97
100,5,Consolidation,2,98
100,6,Cardiomegaly,7,93
100,6,Pleural_Effusion,4,96
100,6,Atelectasis,5,95
100,6,Consolidation,5,95
100,7,Cardiomegaly,8,92
100,7,Pleural_Effusion,2,98
100,7,Atelectasis,4,96
100,7,Consolidation,2,98
100,8,Cardiomegaly,12,88
100,8,Pleural_Effusion,3,97
100,8,Atelectasis,4,96
100,8,Consolidation,4,96
100,9,Cardiomegaly,10,90
100,9,Pleural_Effusion,5,95
100,9,Atelectasis,6,94
100,9,Consolidation,6,94
100,10,Cardiomegaly,10,90
100,10,Pleural_Effusion,5,95
100,10,Atelectasis,1,99
100,10,Consolidation,4,96
100,11,Cardiomegaly,13,87
100,11,Pleural_Effusion,5,95
100,11,Atelectasis,4,96
100,11,Consolidation,1,99
100,12,Cardiomegaly,11,89
100,12,Pleural_Effusion,5,95
100,12,Atelectasis,2,98
100,12,Consolidation,1,99
100,13,Cardiomegaly,9,91
100,13,Pleural_Effusion,3,97
100,13,Atelectasis,4,96
100,13,Consolidation,2,98
100,14,Cardiomegaly,11,89
100,14,Pleural_Effusion,4,96
100,14,Atelectasis,3,97
100,14,Consolidation,3,97
100,15,Cardiomegaly,8,92
100,15,Pleural_Effusion,5,95
100,15,Atelectasis,2,98
100,15,Consolidation,3,97
100,16,Cardiomegaly,9,91
100,16,Pleural_Effusion,5,95
100,16,Atelectasis,1,99
100,16,Consolidation,2,98
100,17,Cardiomegaly,6,94
100,17,Pleural_Effusion,3,97
100,17,Atelectasis,2,98
100,17,Consolidation,2,98
100,18,Cardiomegaly,8,92
100,18,Pleural_Effusion,2,98
100,18,Atelectasis,0,100
100,18,Consolidation,2,98
100,19,Cardiomegaly,10,90
100,19,Pleural_Effusion,7,93
100,19,Atelectasis,2,98
100,19,Consolidation,6,94
100,20,Cardiomegaly,9,91
100,20,Pleural_Effusion,7,93
100,20,Atelectasis,3,97
100,20,Consolidation,1,99
100,21,Cardiomegaly,6,94
100,21,Pleural_Effusion,6,94
100,21,Atelectasis,9,91
100,21,Consolidation,4,96
100,22,Cardiomegaly,4,96
100,22,Pleural_Effusion,2,98
100,22,Atelectasis,2,98
100,22,Consolidation,1,99
100,23,Cardiomegaly,13,87
100,23,Pleural_Effusion,9,91
100,23,Atelectasis,4,96
100,23,Consolidation,2,98
100,24,Cardiomegaly,12,88
100,24,Pleural_Effusion,2,98
100,24,Atelectasis,1,99
100,24,Consolidation,1,99
100,25,Cardiomegaly,4,96
100,25,Pleural_Effusion,4,96
100,25,Atelectasis,3,97
100,25,Consolidation,3,97
100,26,Cardiomegaly,9,91
100,26,Pleural_Effusion,4,96
100,26,Atelectasis,4,96
100,26,Consolidation,4,96
100,27,Cardiomegaly,7,93
100,27,Pleural_Effusion,2,98
100,27,Atelectasis,3,97
100,27,Consolidation,1,99
100,28,Cardiomegaly,8,92
100,28,Pleural_Effusion,3,97
100,28,Atelectasis,1,99
100,28,Consolidation,2,98
100,29,Cardiomegaly,5,95
100,29,Pleural_Effusion,4,96
100,29,Atelectasis,2,98
100,29,Consolidation,1,99
100,30,Cardiomegaly,6,94
100,30,Pleural_Effusion,7,93
100,30,Atelectasis,3,97
100,30,Consolidation,1,99
100,31,Cardiomegaly,9,91
100,31,Pleural_Effusion,6,94
100,31,Atelectasis,6,94
100,31,Consolidation,3,97
100,32,Cardiomegaly,12,88
100,32,Pleural_Effusion,4,96
100,32,Atelectasis,2,98
100,32,Consolidation,3,97
100,33,Cardiomegaly,9,91
100,33,Pleural_Effusion,4,96
100,33,Atelectasis,2,98
100,33,Consolidation,3,97
100,34,Cardiomegaly,5,95
100,34,Pleural_Effusion,5,95
100,34,Atelectasis,2,98
100,34,Consolidation,3,97
100,35,Cardiomegaly,9,91
100,35,Pleural_Effusion,6,94
100,35,Atelectasis,5,95
100,35,Consolidation,7,93
100,36,Cardiomegaly,6,94
100,36,Pleural_Effusion,4,96
100,36,Atelectasis,5,95
100,36,Consolidation,1,99
100,37,Cardiomegaly,10,90
100,37,Pleural_Effusion,4,96
100,37,Atelectasis,5,95
100,37,Consolidation,5,95
100,38,Cardiomegaly,11,89
100,38,Pleural_Effusion,5,95
100,38,Atelectasis,3,97
100,38,Consolidation,2,98
100,39,Cardiomegaly,7,93
100,39,Pleural_Effusion,6,94
100,39,Atelectasis,6,94
100,39,Consolidation,2,98
100,40,Cardiomegaly,8,92
100,40,Pleural_Effusion,7,93
100,40,Atelectasis,3,97
100,40,Consolidation,3,97
100,41,Cardiomegaly,7,93
100,41,Pleural_Effusion,6,94
100,41,Atelectasis,3,97
100,41,Consolidation,1,99
100,42,Cardiomegaly,8,92
100,42,Pleural_Effusion,6,94
100,42,Atelectasis,4,96
100,42,Consolidation,2,98
100,43,Cardiomegaly,12,88
100,43,Pleural_Effusion,2,98
100,43,Atelectasis,3,97
100,43,Consolidation,4,96
100,44,Cardiomegaly,12,88
100,44,Pleural_Effusion,6,94
100,44,Atelectasis,3,97
100,44,Consolidation,1,99
100,45,Cardiomegaly,15,85
100,45,Pleural_Effusion,2,98
100,45,Atelectasis,1,99
100,45,Consolidation,4,96
100,46,Cardiomegaly,13,87
100,46,Pleural_Effusion,2,98
100,46,Atelectasis,3,97
100,46,Consolidation,3,97
100,47,Cardiomegaly,12,88
100,47,Pleural_Effusion,2,98
100,47,Atelectasis,3,97
100,47,Consolidation,3,97
100,48,Cardiomegaly,4,96
100,48,Pleural_Effusion,3,97
100,48,Atelectasis,2,98
100,48,Consolidation,3,97
100,49,Cardiomegaly,4,96
100,49,Pleural_Effusion,3,97
100,49,Atelectasis,4,96
100,49,Consolidation,5,95
100,50,Cardiomegaly,7,93
100,50,Pleural_Effusion,1,99
100,50,Atelectasis,2,98
100,50,Consolidation,6,94
100,51,Cardiomegaly,4,96
100,51,Pleural_Effusion,6,94
100,51,Atelectasis,3,97
100,51,Consolidation,5,95
100,52,Cardiomegaly,10,90
100,52,Pleural_Effusion,4,96
100,52,Atelectasis,3,97
100,52,Consolidation,3,97
100,53,Cardiomegaly,9,91
100,53,Pleural_Effusion,4,96
100,53,Atelectasis,4,96
100,53,Consolidation,3,97
100,54,Cardiomegaly,14,86
100,54,Pleural_Effusion,5,95
100,54,Atelectasis,6,94
100,54,Consolidation,3,97
100,55,Cardiomegaly,7,93
100,55,Pleural_Effusion,2,98
100,55,Atelectasis,1,99
100,55,Consolidation,1,99
100,56,Cardiomegaly,4,96
100,56,Pleural_Effusion,3,97
100,56,Atelectasis,3,97
100,56,Consolidation,4,96
100,57,Cardiomegaly,11,89
100,57,Pleural_Effusion,2,98
100,57,Atelectasis,2,98
100,57,Consolidation,0,100
100,58,Cardiomegaly,5,95
100,58,Pleural_Effusion,8,92
100,58,Atelectasis,5,95
100,58,Consolidation,3,97
100,59,Cardiomegaly,7,93
100,59,Pleural_Effusion,2,98
100,59,Atelectasis,3,97
100,59,Consolidation,2,98
100,60,Cardiomegaly,9,91
100,60,Pleural_Effusion,3,97
100,60,Atelectasis,3,97
100,60,Consolidation,2,98
100,61,Cardiomegaly,12,88
100,61,Pleural_Effusion,6,94
100,61,Atelectasis,3,97
100,61,Consolidation,3,97
100,62,Cardiomegaly,9,91
100,62,Pleural_Effusion,6,94
100,62,Atelectasis,3,97
100,62,Consolidation,3,97
100,63,Cardiomegaly,6,94
100,63,Pleural_Effusion,2,98
100,63,Atelectasis,3,97
100,63,Consolidation,2,98
100,64,Cardiomegaly,9,91
100,64,Pleural_Effusion,7,93
100,64,Atelectasis,6,94
100,64,Consolidation,3,97
100,65,Cardiomegaly,14,86
100,65,Pleural_Effusion,4,96
100,65,Atelectasis,2,98
100,65,Consolidation,1,99
100,66,Cardiomegaly,12,88
100,66,Pleural_Effusion,7,93
100,66,Atelectasis,3,97
100,66,Consolidation,1,99
100,67,Cardiomegaly,8,92
100,67,Pleural_Effusion,4,96
100,67,Atelectasis,5,95
100,67,Consolidation,1,99
100,68,Cardiomegaly,9,91
100,68,Pleural_Effusion,3,97
100,68,Atelectasis,0,100
100,68,Consolidation,1,99
100,69,Cardiomegaly,9,91
100,69,Pleural_Effusion,3,97
100,69,Atelectasis,5,95
100,69,Consolidation,4,96
100,70,Cardiomegaly,9,91
100,70,Pleural_Effusion,5,95
100,70,Atelectasis,3,97
100,70,Consolidation,1,99
100,71,Cardiomegaly,6,94
100,71,Pleural_Effusion,4,96
100,71,Atelectasis,3,97
100,71,Consolidation,2,98
100,72,Cardiomegaly,9,91
100,72,Pleural_Effusion,8,92
100,72,Atelectasis,3,97
100,72,Consolidation,5,95
100,73,Cardiomegaly,8,92
100,73,Pleural_Effusion,4,96
100,73,Atelectasis,2,98
100,73,Consolidation,4,96
100,74,Cardiomegaly,14,86
100,74,Pleural_Effusion,6,94
100,74,Atelectasis,4,96
100,74,Consolidation,2,98
100,75,Cardiomegaly,5,95
100,75,Pleural_Effusion,3,97
100,75,Atelectasis,3,97
100,75,Consolidation,4,96
100,76,Cardiomegaly,10,90
100,76,Pleural_Effusion,5,95
100,76,Atelectasis,2,98
100,76,Consolidation,4,96
100,77,Cardiomegaly,9,91
100,77,Pleural_Effusion,3,97
100,77,Atelectasis,2,98
100,77,Consolidation,2,98
100,78,Cardiomegaly,11,89
100,78,Pleural_Effusion,6,94
100,78,Atelectasis,6,94
100,78,Consolidation,4,96
100,79,Cardiomegaly,13,87
100,79,Pleural_Effusion,6,94
100,79,Atelectasis,5,95
100,79,Consolidation,3,97
100,80,Cardiomegaly,4,96
100,80,Pleural_Effusion,5,95
100,80,Atelectasis,3,97
100,80,Consolidation,0,100
100,81,Cardiomegaly,10,90
100,81,Pleural_Effusion,3,97
100,81,Atelectasis,2,98
100,81,Consolidation,4,96
100,82,Cardiomegaly,12,88
100,82,Pleural_Effusion,3,97
100,82,Atelectasis,6,94
100,82,Consolidation,5,95
100,83,Cardiomegaly,5,95
100,83,Pleural_Effusion,4,96
100,83,Atelectasis,3,97
100,83,Consolidation,2,98
100,84,Cardiomegaly,9,91
100,84,Pleural_Effusion,7,93
100,84,Atelectasis,4,96
100,84,Consolidation,4,96
100,85,Cardiomegaly,11,89
100,85,Pleural_Effusion,5,95
100,85,Atelectasis,4,96
100,85,Consolidation,6,94
100,86,Cardiomegaly,10,90
100,86,Pleural_Effusion,6,94
100,86,Atelectasis,3,97
100,86,Consolidation,5,95
100,87,Cardiomegaly,13,87
100,87,Pleural_Effusion,5,95
100,87,Atelectasis,0,100
100,87,Consolidation,6,94
100,88,Cardiomegaly,12,88
100,88,Pleural_Effusion,4,96
100,88,Atelectasis,2,98
100,88,Consolidation,2,98
100,89,Cardiomegaly,9,91
100,89,Pleural_Effusion,1,99
100,89,Atelectasis,2,98
100,89,Consolidation,0,100
100,90,Cardiomegaly,5,95
100,90,Pleural_Effusion,2,98
100,90,Atelectasis,1,99
100,90,Consolidation,3,97
100,91,Cardiomegaly,6,94
100,91,Pleural_Effusion,1,99
100,91,Atelectasis,2,98
100,91,Consolidation,3,97
100,92,Cardiomegaly,9,91
100,92,Pleural_Effusion,6,94
100,92,Atelectasis,2,98
100,92,Consolidation,5,95
100,93,Cardiomegaly,9,91
100,93,Pleural_Effusion,6,94
100,93,Atelectasis,4,96
100,93,Consolidation,4,96
100,94,Cardiomegaly,11,89
100,94,Pleural_Effusion,6,94
100,94,Atelectasis,2,98
100,94,Consolidation,5,95
100,95,Cardiomegaly,9,91
100,95,Pleural_Effusion,5,95
100,95,Atelectasis,6,94
100,95,Consolidation,5,95
100,96,Cardiomegaly,14,86
100,96,Pleural_Effusion,3,97
100,96,Atelectasis,0,100
100,96,Consolidation,2,98
100,97,Cardiomegaly,9,91
100,97,Pleural_Effusion,7,93
100,97,Atelectasis,5,95
100,97,Consolidation,8,92
100,98,Cardiomegaly,9,91
100,98,Pleural_Effusion,5,95
100,98,Atelectasis,4,96
100,98,Consolidation,2,98
100,99,Cardiomegaly,11,89
100,99,Pleural_Effusion,2,98
100,99,Atelectasis,0,100
100,99,Consolidation,2,98
100,100,Cardiomegaly,10,90
100,100,Pleural_Effusion,4,96
100,100,Atelectasis,3,97
100,100,Consolidation,1,99
100,101,Cardiomegaly,6,94
100,101,Pleural_Effusion,4,96
100,101,Atelectasis,4,96
100,101,Consolidation,4,96
100,102,Cardiomegaly,12,88
100,102,Pleural_Effusion,7,93
100,102,Atelectasis,4,96
100,102,Consolidation,3,97
100,103,Cardiomegaly,10,90
100,103,Pleural_Effusion,7,93
100,103,Atelectasis,5,95
100,103,Consolidation,4,96
100,104,Cardiomegaly,12,88
100,104,Pleural_Effusion,4,96
100,104,Atelectasis,2,98
100,104,Consolidation,1,99
100,105,Cardiomegaly,3,97
100,105,Pleural_Effusion,1,99
100,105,Atelectasis,3,97
100,105,Consolidation,1,99
100,106,Cardiomegaly,8,92
100,106,Pleural_Effusion,3,97
100,106,Atelectasis,1,99
100,106,Consolidation,3,97
100,107,Cardiomegaly,8,92
100,107,Pleural_Effusion,8,92
100,107,Atelectasis,4,96
100,107,Consolidation,8,92
100,108,Cardiomegaly,9,91
100,108,Pleural_Effusion,6,94
100,108,Atelectasis,3,97
100,108,Consolidation,2,98
100,109,Cardiomegaly,13,87
100,109,Pleural_Effusion,5,95
100,109,Atelectasis,3,97
100,109,Consolidation,2,98
100,110,Cardiomegaly,4,96
100,110,Pleural_Effusion,7,93
100,110,Atelectasis,1,99
100,110,Consolidation,4,96
100,111,Cardiomegaly,9,91
100,111,Pleural_Effusion,3,97
100,111,Atelectasis,2,98
100,111,Consolidation,0,100
100,112,Cardiomegaly,7,93
100,112,Pleural_Effusion,7,93
100,112,Atelectasis,2,98
100,112,Consolidation,2,98
100,113,Cardiomegaly,12,88
100,113,Pleural_Effusion,5,95
100,113,Atelectasis,4,96
100,113,Consolidation,2,98
100,114,Cardiomegaly,12,88
100,114,Pleural_Effusion,5,95
100,114,Atelectasis,2,98
100,114,Consolidation,5,95
100,115,Cardiomegaly,7,93
100,115,Pleural_Effusion,5,95
100,115,Atelectasis,4,96
100,115,Consolidation,3,97
100,116,Cardiomegaly,6,94
100,116,Pleural_Effusion,5,95
100,116,Atelectasis,4,96
100,116,Consolidation,0,100
100,117,Cardiomegaly,11,89
100,117,Pleural_Effusion,2,98
100,117,Atelectasis,3,97
100,117,Consolidation,3,97
100,118,Cardiomegaly,7,93
100,118,Pleural_Effusion,3,97
100,118,Atelectasis,1,99
100,118,Consolidation,4,96
100,119,Cardiomegaly,9,91
100,119,Pleural_Effusion,3,97
100,119,Atelectasis,2,98
100,119,Consolidation,4,96
100,120,Cardiomegaly,13,87
100,120,Pleural_Effusion,5,95
100,120,Atelectasis,5,95
100,120,Consolidation,4,96
100,121,Cardiomegaly,1,99
100,121,Pleural_Effusion,1,99
100,121,Atelectasis,2,98
100,121,Consolidation,3,97
100,122,Cardiomegaly,7,93
100,122,Pleural_Effusion,1,99
100,122,Atelectasis,1,99
100,122,Consolidation,4,96
100,123,Cardiomegaly,11,89
100,123,Pleural_Effusion,4,96
100,123,Atelectasis,5,95
100,123,Consolidation,3,97
100,124,Cardiomegaly,13,87
100,124,Pleural_Effusion,5,95
100,124,Atelectasis,3,97
100,124,Consolidation,3,97
100,125,Cardiomegaly,9,91
100,125,Pleural_Effusion,3,97
100,125,Atelectasis,1,99
100,125,Consolidation,3,97
100,126,Cardiomegaly,7,93
100,126,Pleural_Effusion,4,96
100,126,Atelectasis,5,95
100,126,Consolidation,0,100
100,127,Cardiomegaly,9,91
100,127,Pleural_Effusion,3,97
100,127,Atelectasis,1,99
100,127,Consolidation,1,99
100,128,Cardiomegaly,14,86
100,128,Pleural_Effusion,5,95
100,128,Atelectasis,3,97
100,128,Consolidation,4,96
100,129,Cardiomegaly,4,96
100,129,Pleural_Effusion,5,95
100,129,Atelectasis,4,96
100,129,Consolidation,4,96
100,130,Cardiomegaly,8,92
100,130,Pleural_Effusion,3,97
100,130,Atelectasis,4,96
100,130,Consolidation,2,98
100,131,Cardiomegaly,10,90
100,131,Pleural_Effusion,4,96
100,131,Atelectasis,2,98
100,131,Consolidation,3,97
100,132,Cardiomegaly,8,92
100,132,Pleural_Effusion,4,96
100,132,Atelectasis,1,99
100,132,Consolidation,6,94
100,133,Cardiomegaly,8,92
100,133,Pleural_Effusion,4,96
100,133,Atelectasis,3,97
100,133,Consolidation,2,98
100,134,Cardiomegaly,8,92
100,134,Pleural_Effusion,7,93
100,134,Atelectasis,4,96
100,134,Consolidation,4,96
100,135,Cardiomegaly,10,90
100,135,Pleural_Effusion,9,91
100,135,Atelectasis,5,95
100,135,Consolidation,7,93
100,136,Cardiomegaly,11,89
100,136,Pleural_Effusion,2,98
100,136,Atelectasis,0,100
100,136,Consolidation,1,99
100,137,Cardiomegaly,10,90
100,137,Pleural_Effusion,1,99
100,137,Atelectasis,5,95
100,137,Consolidation,3,97
100,138,Cardiomegaly,11,89
100,138,Pleural_Effusion,4,96
100,138,Atelectasis,1,99
100,138,Consolidation,5,95
100,139,Cardiomegaly,11,89
100,139,Pleural_Effusion,3,97
100,139,Atelectasis,6,94
100,139,Consolidation,5,95
100,140,Cardiomegaly,10,90
100,140,Pleural_Effusion,7,93
100,140,Atelectasis,1,99
100,140,Consolidation,4,96
100,141,Cardiomegaly,6,94
100,141,Pleural_Effusion,9,91
100,141,Atelectasis,7,93
100,141,Consolidation,1,99
100,142,Cardiomegaly,6,94
100,142,Pleural_Effusion,6,94
100,142,Atelectasis,3,97
100,142,Consolidation,4,96
100,143,Cardiomegaly,7,93
100,143,Pleural_Effusion,6,94
100,143,Atelectasis,4,96
100,143,Consolidation,6,94
100,144,Cardiomegaly,11,89
100,144,Pleural_Effusion,4,96
100,144,Atelectasis,1,99
100,144,Consolidation,4,96
100,145,Cardiomegaly,12,88
100,145,Pleural_Effusion,3,97
100,145,Atelectasis,1,99
100,145,Consolidation,3,97
100,146,Cardiomegaly,6,94
100,146,Pleural_Effusion,5,95
100,146,Atelectasis,4,96
100,146,Consolidation,3,97
100,147,Cardiomegaly,13,87
100,147,Pleural_Effusion,6,94
100,147,Atelectasis,2,98
100,147,Consolidation,2,98
100,148,Cardiomegaly,8,92
100,148,Pleural_Effusion,0,100
100,148,Atelectasis,2,98
100,148,Consolidation,1,99
100,149,Cardiomegaly,6,94
100,149,Pleural_Effusion,6,94
100,149,Atelectasis,6,94
100,149,Consolidation,4,96
100,150,Cardiomegaly,10,90
100,150,Pleural_Effusion,6,94
100,150,Atelectasis,4,96
100,150,Consolidation,2,98
100,151,Cardiomegaly,10,90
100,151,Pleural_Effusion,6,94
100,151,Atelectasis,4,96
100,151,Consolidation,6,94
100,152,Cardiomegaly,12,88
100,152,Pleural_Effusion,5,95
100,152,Atelectasis,4,96
100,152,Consolidation,3,97
100,153,Cardiomegaly,11,89
100,153,Pleural_Effusion,2,98
100,153,Atelectasis,6,94
100,153,Consolidation,2,98
100,154,Cardiomegaly,12,88
100,154,Pleural_Effusion,2,98
100,154,Atelectasis,4,96
100,154,Consolidation,3,97
100,155,Cardiomegaly,8,92
100,155,Pleural_Effusion,0,100
100,155,Atelectasis,3,97
100,155,Consolidation,3,97
100,156,Cardiomegaly,11,89
100,156,Pleural_Effusion,4,96
100,156,Atelectasis,0,100
100,156,Consolidation,2,98
100,157,Cardiomegaly,9,91
100,157,Pleural_Effusion,4,96
100,157,Atelectasis,3,97
100,157,Consolidation,4,96
100,158,Cardiomegaly,9,91
100,158,Pleural_Effusion,3,97
100,158,Atelectasis,2,98
100,158,Consolidation,4,96
100,159,Cardiomegaly,12,88
100,159,Pleural_Effusion,7,93
100,159,Atelectasis,3,97
100,159,Consolidation,3,97
100,160,Cardiomegaly,6,94
100,160,Pleural_Effusion,5,95
100,160,Atelectasis,1,99
100,160,Consolidation,0,100
100,161,Cardiomegaly,12,88
100,161,Pleural_Effusion,4,96
100,161,Atelectasis,2,98
100,161,Consolidation,2,98
100,162,Cardiomegaly,6,94
100,162,Pleural_Effusion,5,95
100,162,Atelectasis,4,96
100,162,Consolidation,4,96
100,163,Cardiomegaly,6,94
100,163,Pleural_Effusion,2,98
100,163,Atelectasis,2,98
100,163,Consolidation,4,96
100,164,Cardiomegaly,8,92
100,164,Pleural_Effusion,3,97
100,164,Atelectasis,6,94
100,164,Consolidation,3,97
100,165,Cardiomegaly,7,93
100,165,Pleural_Effusion,1,99
100,165,Atelectasis,0,100
100,165,Consolidation,2,98
100,166,Cardiomegaly,15,85
100,166,Pleural_Effusion,4,96
100,166,Atelectasis,1,99
100,166,Consolidation,3,97
100,167,Cardiomegaly,11,89
100,167,Pleural_Effusion,2,98
100,167,Atelectasis,1,99
100,167,Consolidation,2,98
100,168,Cardiomegaly,9,91
100,168,Pleural_Effusion,6,94
100,168,Atelectasis,3,97
100,168,Consolidation,0,100
100,169,Cardiomegaly,10,90
100,169,Pleural_Effusion,4,96
100,169,Atelectasis,2,98
100,169,Consolidation,4,96
100,170,Cardiomegaly,13,87
100,170,Pleural_Effusion,3,97
100,170,Atelectasis,5,95
100,170,Consolidation,3,97
100,171,Cardiomegaly,8,92
100,171,Pleural_Effusion,2,98
100,171,Atelectasis,2,98
100,171,Consolidation,0,100
100,172,Cardiomegaly,12,88
100,172,Pleural_Effusion,2,98
100,172,Atelectasis,2,98
100,172,Consolidation,3,97
100,173,Cardiomegaly,9,91
100,173,Pleural_Effusion,5,95
100,173,Atelectasis,6,94
100,173,Consolidation,2,98
100,174,Cardiomegaly,9,91
100,174,Pleural_Effusion,3,97
100,174,Atelectasis,3,97
100,174,Consolidation,1,99
100,175,Cardiomegaly,15,85
100,175,Pleural_Effusion,5,95
100,175,Atelectasis,3,97
100,175,Consolidation,5,95
100,176,Cardiomegaly,10,90
100,176,Pleural_Effusion,7,93
100,176,Atelectasis,4,96
100,176,Consolidation,4,96
100,177,Cardiomegaly,14,86
100,177,Pleural_Effusion,6,94
100,177,Atelectasis,5,95
100,177,Consolidation,2,98
100,178,Cardiomegaly,9,91
100,178,Pleural_Effusion,5,95
100,178,Atelectasis,3,97
100,178,Consolidation,3,97
100,179,Cardiomegaly,13,87
100,179,Pleural_Effusion,4,96
100,179,Atelectasis,2,98
100,179,Consolidation,2,98
100,180,Cardiomegaly,10,90
100,180,Pleural_Effusion,4,96
100,180,Atelectasis,3,97
100,180,Consolidation,6,94
100,181,Cardiomegaly,8,92
100,181,Pleural_Effusion,5,95
100,181,Atelectasis,4,96
100,181,Consolidation,2,98
100,182,Cardiomegaly,14,86
100,182,Pleural_Effusion,4,96
100,182,Atelectasis,2,98
100,182,Consolidation,3,97
100,183,Cardiomegaly,10,90
100,183,Pleural_Effusion,5,95
100,183,Atelectasis,2,98
100,183,Consolidation,4,96
100,184,Cardiomegaly,5,95
100,184,Pleural_Effusion,3,97
100,184,Atelectasis,4,96
100,184,Consolidation,6,94
100,185,Cardiomegaly,6,94
100,185,Pleural_Effusion,5,95
100,185,Atelectasis,3,97
100,185,Consolidation,2,98
100,186,Cardiomegaly,9,91
100,186,Pleural_Effusion,7,93
100,186,Atelectasis,3,97
100,186,Consolidation,6,94
100,187,Cardiomegaly,11,89
100,187,Pleural_Effusion,4,96
100,187,Atelectasis,3,97
100,187,Consolidation,4,96
100,188,Cardiomegaly,7,93
100,188,Pleural_Effusion,6,94
100,188,Atelectasis,3,97
100,188,Consolidation,5,95
100,189,Cardiomegaly,6,94
100,189,Pleural_Effusion,8,92
100,189,Atelectasis,5,95
100,189,Consolidation,3,97
100,190,Cardiomegaly,7,93
100,190,Pleural_Effusion,5,95
100,190,Atelectasis,2,98
100,190,Consolidation,2,98
100,191,Cardiomegaly,6,94
100,191,Pleural_Effusion,5,95
100,191,Atelectasis,1,99
100,191,Consolidation,4,96
100,192,Cardiomegaly,7,93
100,192,Pleural_Effusion,5,95
100,192,Atelectasis,3,97
100,192,Consolidation,1,99
100,193,Cardiomegaly,10,90
100,193,Pleural_Effusion,2,98
100,193,Atelectasis,2,98
100,193,Consolidation,0,100
100,194,Cardiomegaly,5,95
100,194,Pleural_Effusion,5,95
100,194,Atelectasis,6,94
100,194,Consolidation,4,96
100,195,Cardiomegaly,11,89
100,195,Pleural_Effusion,2,98
100,195,Atelectasis,2,98
100,195,Consolidation,4,96
100,196,Cardiomegaly,8,92
100,196,Pleural_Effusion,5,95
100,196,Atelectasis,2,98
100,196,Consolidation,3,97
100,197,Cardiomegaly,12,88
100,197,Pleural_Effusion,0,100
100,197,Atelectasis,2,98
100,197,Consolidation,3,97
100,198,Cardiomegaly,7,93
100,198,Pleural_Effusion,6,94
100,198,Atelectasis,4,96
100,198,Consolidation,3,97
100,199,Cardiomegaly,7,93
100,199,Pleural_Effusion,5,95
100,199,Atelectasis,2,98
100,199,Consolidation,3,97
250,0,Cardiomegaly,29,221
250,0,Pleural_Effusion,11,239
250,0,Atelectasis,7,243
250,0,Consolidation,9,241
250,1,Cardiomegaly,20,230
250,1,Pleural_Effusion,10,240
250,1,Atelectasis,8,242
250,1,Consolidation,9,241
250,2,Cardiomegaly,24,226
250,2,Pleural_Effusion,10,240
250,2,Atelectasis,7,243
250,2,Consolidation,8,242
250,3,Cardiomegaly,16,234
250,3,Pleural_Effusion,7,243
250,3,Atelectasis,7,243
250,3,Consolidation,8,242
250,4,Cardiomegaly,25,225
250,4,Pleural_Effusion,10,240
250,4,Atelectasis,4,246
250,4,Consolidation,7,243
250,5,Cardiomegaly,20,230
250,5,Pleural_Effusion,10,240
250,5,Atelectasis,5,245
250,5,Consolidation,5,245
250,6,Cardiomegaly,26,224
250,6,Pleural_Effusion,12,238
250,6,Atelectasis,8,242
250,6,Consolidation,11,239
250,7,Cardiomegaly,21,229
250,7,Pleural_Effusion,9,241
250,7,Atelectasis,8,242
250,7,Consolidation,3,247
250,8,Cardiomegaly,22,228
250,8,Pleural_Effusion,9,241
250,8,Atelectasis,6,244
250,8,Consolidation,7,243
250,9,Cardiomegaly,21,229
250,9,Pleural_Effusion,15,235
250,9,Atelectasis,14,236
250,9,Consolidation,9,241
250,10,Cardiomegaly,23,227
250,10,Pleural_Effusion,14,236
250,10,Atelectasis,7,243
250,10,Consolidation,8,242
250,11,Cardiomegaly,28,222
250,11,Pleural_Effusion,13,237
250,11,Atelectasis,6,244
250,11,Consolidation,5,245
250,12,Cardiomegaly,25,225
250,12,Pleural_Effusion,9,241
250,12,Atelectasis,5,245
250,12,Consolidation,4,246
250,13,Cardiomegaly,21,229
250,13,Pleural_Effusion,10,240
250,13,Atelectasis,9,241
250,13,Consolidation,7,243
250,14,Cardiomegaly,29,221
250,14,Pleural_Effusion,8,242
250,14,Atelectasis,8,242
250,14,Consolidation,7,243
250,15,Cardiomegaly,21,229
250,15,Pleural_Effusion,10,240
250,15,Atelectasis,6,244
250,15,Consolidation,9,241
250,16,Cardiomegaly,23,227
250,16,Pleural_Effusion,13,237
250,16,Atelectasis,8,242
250,16,Consolidation,7,243
250,17,Cardiomegaly,23,227
250,17,Pleural_Effusion,12,238
250,17,Atelectasis,8,242
250,17,Consolidation,10,240
250,18,Cardiomegaly,16,234
250,18,Pleural_Effusion,7,243
250,18,Atelectasis,4,246
250,18,Consolidation,4,246
250,19,Cardiomegaly,26,224
250,19,Pleural_Effusion,12,238
250,19,Atelectasis,8,242
250,19,Consolidation,11,239
250,20,Cardiomegaly,25,225
250,20,Pleural_Effusion,15,235
250,20,Atelectasis,7,243
250,20,Consolidation,8,242
250,21,Cardiomegaly,24,226
250,21,Pleural_Effusion,13,237
250,21,Atelectasis,13,237
250,21,Consolidation,8,242
250,22,Cardiomegaly,14,236
250,22,Pleural_Effusion,9,241
250,22,Atelectasis,4,246
250,22,Consolidation,6,244
250,23,Cardiomegaly,28,222
250,23,Pleural_Effusion,13,237
250,23,Atelectasis,11,239
250,23,Consolidation,8,242
250,24,Cardiomegaly,23,227
250,24,Pleural_Effusion,8,242
250,24,Atelectasis,6,244
250,24,Consolidation,3,247
250,25,Cardiomegaly,17,233
250,25,Pleural_Effusion,7,243
250,25,Atelectasis,9,241
250,25,Consolidation,7,243
250,26,Cardiomegaly,25,225
250,26,Pleural_Effusion,9,241
250,26,Atelectasis,8,242
250,26,Consolidation,7,243
250,27,Cardiomegaly,18,232
250,27,Pleural_Effusion,9,241
250,27,Atelectasis,4,246
250,27,Consolidation,3,247
250,28,Cardiomegaly,22,228
250,28,Pleural_Effusion,9,241
250,28,Atelectasis,12,238
250,28,Consolidation,9,241
250,29,Cardiomegaly,25,225
250,29,Pleural_Effusion,12,238
250,29,Atelectasis,8,242
250,29,Consolidation,6,244
250,30,Cardiomegaly,19,231
250,30,Pleural_Effusion,10,240
250,30,Atelectasis,8,242
250,30,Consolidation,12,238
250,31,Cardiomegaly,23,227
250,31,Pleural_Effusion,9,241
250,31,Atelectasis,7,243
250,31,Consolidation,9,241
250,32,Cardiomegaly,23,227
250,32,Pleural_Effusion,11,239
250,32,Atelectasis,4,246
250,32,Consolidation,7,243
250,33,Cardiomegaly,27,223
250,33,Pleural_Effusion,13,237
250,33,Atelectasis,6,244
250,33,Consolidation,9,241
250,34,Cardiomegaly,19,231
250,34,Pleural_Effusion,9,241
250,34,Atelectasis,3,247
250,34,Consolidation,6,244
250,35,Cardiomegaly,33,217
250,35,Pleural_Effusion,13,237
250,35,Atelectasis,13,237
250,35,Consolidation,13,237
250,36,Cardiomegaly,20,230
250,36,Pleural_Effusion,10,240
250,36,Atelectasis,11,239
250,36,Consolidation,6,244
250,37,Cardiomegaly,28,222
250,37,Pleural_Effusion,11,239
250,37,Atelectasis,11,239
250,37,Consolidation,11,239
250,38,Cardiomegaly,24,226
250,38,Pleural_Effusion,14,236
250,38,Atelectasis,7,243
250,38,Consolidation,8,242
250,39,Cardiomegaly,21,229
250,39,Pleural_Effusion,12,238
250,39,Atelectasis,8,242
250,39,Consolidation,6,244
250,40,Cardiomegaly,15,235
250,40,Pleural_Effusion,13,237
250,40,Atelectasis,8,242
250,40,Consolidation,6,244
250,41,Cardiomegaly,15,235
250,41,Pleural_Effusion,12,238
250,41,Atelectasis,6,244
250,41,Consolidation,4,246
250,42,Cardiomegaly,24,226
250,42,Pleural_Effusion,12,238
250,42,Atelectasis,8,242
250,42,Consolidation,8,242
250,43,Cardiomegaly,26,224
250,43,Pleural_Effusion,8,242
250,43,Atelectasis,6,244
250,43,Consolidation,9,241
250,44,Cardiomegaly,28,222
250,44,Pleural_Effusion,16,234
250,44,Atelectasis,8,242
250,44,Consolidation,8,242
250,45,Cardiomegaly,25,225
250,45,Pleural_Effusion,12,238
250,45,Atelectasis,7,243
250,45,Consolidation,8,242
250,46,Cardiomegaly,19,231
250,46,Pleural_Effusion,6,244
250,46,Atelectasis,6,244
250,46,Consolidation,6,244
250,47,Cardiomegaly,23,227
250,47,Pleural_Effusion,12,238
250,47,Atelectasis,12,238
250,47,Consolidation,6,244
250,48,Cardiomegaly,20,230
250,48,Pleural_Effusion,11,239
250,48,Atelectasis,6,244
250,48,Consolidation,9,241
250,49,Cardiomegaly,18,232
250,49,Pleural_Effusion,8,242
250,49,Atelectasis,5,245
250,49,Consolidation,9,241
250,50,Cardiomegaly,18,232
250,50,Pleural_Effusion,9,241
250,50,Atelectasis,9,241
250,50,Consolidation,10,240
250,51,Cardiomegaly,20,230
250,51,Pleural_Effusion,13,237
250,51,Atelectasis,10,240
250,51,Consolidation,10,240
250,52,Cardiomegaly,22,228
250,52,Pleural_Effusion,7,243
250,52,Atelectasis,7,243
250,52,Consolidation,5,245
250,53,Cardiomegaly,16,234
250,53,Pleural_Effusion,8,242
250,53,Atelectasis,9,241
250,53,Consolidation,7,243
250,54,Cardiomegaly,31,219
250,54,Pleural_Effusion,11,239
250,54,Atelectasis,9,241
250,54,Consolidation,6,244
250,55,Cardiomegaly,21,229
250,55,Pleural_Effusion,7,243
250,55,Atelectasis,4,246
250,55,Consolidation,6,244
250,56,Cardiomegaly,21,229
250,56,Pleural_Effusion,7,243
250,56,Atelectasis,9,241
250,56,Consolidation,9,241
250,57,Cardiomegaly,28,222
250,57,Pleural_Effusion,8,242
250,57,Atelectasis,7,243
250,57,Consolidation,9,241
250,58,Cardiomegaly,16,234
250,58,Pleural_Effusion,15,235
250,58,Atelectasis,13,237
250,58,Consolidation,4,246
250,59,Cardiomegaly,19,231
250,59,Pleural_Effusion,8,242
250,59,Atelectasis,6,244
250,59,Consolidation,5,245
250,60,Cardiomegaly,22,228
250,60,Pleural_Effusion,12,238
250,60,Atelectasis,12,238
250,60,Consolidation,8,242
250,61,Cardiomegaly,28,222
250,61,Pleural_Effusion,14,236
250,61,Atelectasis,9,241
250,61,Consolidation,10,240
250,62,Cardiomegaly,24,226
250,62,Pleural_Effusion,11,239
250,62,Atelectasis,6,244
250,62,Consolidation,7,243
250,63,Cardiomegaly,26,224
250,63,Pleural_Effusion,12,238
250,63,Atelectasis,9,241
250,63,Consolidation,10,240
250,64,Cardiomegaly,22,228
250,64,Pleural_Effusion,17,233
250,64,Atelectasis,10,240
250,64,Consolidation,8,242
250,65,Cardiomegaly,20,230
250,65,Pleural_Effusion,9,241
250,65,Atelectasis,2,248
250,65,Consolidation,6,244
250,66,Cardiomegaly,23,227
250,66,Pleural_Effusion,11,239
250,66,Atelectasis,4,246
250,66,Consolidation,5,245
250,67,Cardiomegaly,14,236
250,67,Pleural_Effusion,8,242
250,67,Atelectasis,12,238
250,67,Consolidation,8,242
250,68,Cardiomegaly,22,228
250,68,Pleural_Effusion,8,242
250,68,Atelectasis,5,245
250,68,Consolidation,8,242
250,69,Cardiomegaly,23,227
250,69,Pleural_Effusion,11,239
250,69,Atelectasis,9,241
250,69,Consolidation,7,243
250,70,Cardiomegaly,21,229
250,70,Pleural_Effusion,11,239
250,70,Atelectasis,9,241
250,70,Consolidation,2,248
250,71,Cardiomegaly,22,228
250,71,Pleural_Effusion,12,238
250,71,Atelectasis,7,243
250,71,Consolidation,10,240
250,72,Cardiomegaly,20,230
250,72,Pleural_Effusion,12,238
250,72,Atelectasis,7,243
250,72,Consolidation,9,241
250,73,Cardiomegaly,28,222
250,73,Pleural_Effusion,14,236
250,73,Atelectasis,7,243
250,73,Consolidation,7,243
250,74,Cardiomegaly,27,223
250,74,Pleural_Effusion,12,238
250,74,Atelectasis,9,241
250,74,Consolidation,6,244
250,75,Cardiomegaly,21,229
250,75,Pleural_Effusion,5,245
250,75,Atelectasis,6,244
250,75,Consolidation,6,244
250,76,Cardiomegaly,22,228
250,76,Pleural_Effusion,13,237
250,76,Atelectasis,8,242
250,76,Consolidation,11,239
250,77,Cardiomegaly,25,225
250,77,Pleural_Effusion,10,240
250,77,Atelectasis,4,246
250,77,Consolidation,3,247
250,78,Cardiomegaly,22,228
250,78,Pleural_Effusion,10,240
250,78,Atelectasis,7,243
250,78,Consolidation,12,238
250,79,Cardiomegaly,23,227
250,79,Pleural_Effusion,10,240
250,79,Atelectasis,9,241
250,79,Consolidation,6,244
250,80,Cardiomegaly,24,226
250,80,Pleural_Effusion,13,237
250,80,Atelectasis,7,243
250,80,Consolidation,6,244
250,81,Cardiomegaly,29,221
250,81,Pleural_Effusion,11,239
250,81,Atelectasis,5,245
250,81,Consolidation,9,241
250,82,Cardiomegaly,19,231
250,82,Pleural_Effusion,9,241
250,82,Atelectasis,9,241
250,82,Consolidation,9,241
250,83,Cardiomegaly,19,231
250,83,Pleural_Effusion,10,240
250,83,Atelectasis,8,242
250,83,Consolidation,4,246
250,84,Cardiomegaly,15,235
250,84,Pleural_Effusion,12,238
250,84,Atelectasis,10,240
250,84,Consolidation,7,243
250,85,Cardiomegaly,27,223
250,85,Pleural_Effusion,8,242
250,85,Atelectasis,7,243
250,85,Consolidation,9,241
250,86,Cardiomegaly,19,231
250,86,Pleural_Effusion,10,240
250,86,Atelectasis,6,244
250,86,Consolidation,8,242
250,87,Cardiomegaly,25,225
250,87,Pleural_Effusion,12,238
250,87,Atelectasis,6,244
250,87,Consolidation,11,239
250,88,Cardiomegaly,23,227
250,88,Pleural_Effusion,12,238
250,88,Atelectasis,7,243
250,88,Consolidation,4,246
250,89,Cardiomegaly,27,223
250,89,Pleural_Effusion,8,242
250,89,Atelectasis,6,244
250,89,Consolidation,7,243
250,90,Cardiomegaly,13,237
250,90,Pleural_Effusion,9,241
250,90,Atelectasis,5,245
250,90,Consolidation,7,243
250,91,Cardiomegaly,17,233
250,91,Pleural_Effusion,10,240
250,91,Atelectasis,7,243
250,91,Consolidation,8,242
250,92,Cardiomegaly,21,229
250,92,Pleural_Effusion,10,240
250,92,Atelectasis,6,244
250,92,Consolidation,10,240
250,93,Cardiomegaly,21,229
250,93,Pleural_Effusion,12,238
250,93,Atelectasis,9,241
250,93,Consolidation,8,242
250,94,Cardiomegaly,27,223
250,94,Pleural_Effusion,13,237
250,94,Atelectasis,5,245
250,94,Consolidation,10,240
250,95,Cardiomegaly,21,229
250,95,Pleural_Effusion,15,235
250,95,Atelectasis,13,237
250,95,Consolidation,9,241
250,96,Cardiomegaly,26,224
250,96,Pleural_Effusion,13,237
250,96,Atelectasis,6,244
250,96,Consolidation,10,240
250,97,Cardiomegaly,19,231
250,97,Pleural_Effusion,9,241
250,97,Atelectasis,6,244
250,97,Consolidation,12,238
250,98,Cardiomegaly,26,224
250,98,Pleural_Effusion,10,240
250,98,Atelectasis,7,243
250,98,Consolidation,6,244
250,99,Cardiomegaly,24,226
250,99,Pleural_Effusion,13,237
250,99,Atelectasis,7,243
250,99,Consolidation,7,243
250,100,Cardiomegaly,18,232
250,100,Pleural_Effusion,12,238
250,100,Atelectasis,7,243
250,100,Consolidation,6,244
250,101,Cardiomegaly,16,234
250,101,Pleural_Effusion,8,242
250,101,Atelectasis,10,240
250,101,Consolidation,6,244
250,102,Cardiomegaly,27,223
250,102,Pleural_Effusion,11,239
250,102,Atelectasis,7,243
250,102,Consolidation,8,242
250,103,Cardiomegaly,22,228
250,103,Pleural_Effusion,11,239
250,103,Atelectasis,8,242
250,103,Consolidation,9,241
250,104,Cardiomegaly,25,225
250,104,Pleural_Effusion,12,238
250,104,Atelectasis,6,244
250,104,Consolidation,5,245
250,105,Cardiomegaly,17,233
250,105,Pleural_Effusion,7,243
250,105,Atelectasis,4,246
250,105,Consolidation,7,243
250,106,Cardiomegaly,22,228
250,106,Pleural_Effusion,10,240
250,106,Atelectasis,6,244
250,106,Consolidation,6,244
250,107,Cardiomegaly,24,226
250,107,Pleural_Effusion,14,236
250,107,Atelectasis,9,241
250,107,Consolidation,12,238
250,108,Cardiomegaly,31,219
250,108,Pleural_Effusion,12,238
250,108,Atelectasis,8,242
250,108,Consolidation,9,241
250,109,Cardiomegaly,24,226
250,109,Pleural_Effusion,16,234
250,109,Atelectasis,5,245
250,109,Consolidation,9,241
250,110,Cardiomegaly,21,229
250,110,Pleural_Effusion,13,237
250,110,Atelectasis,6,244
250,110,Consolidation,14,236
250,111,Cardiomegaly,23,227
250,111,Pleural_Effusion,6,244
250,111,Atelectasis,6,244
250,111,Consolidation,3,247
250,112,Cardiomegaly,23,227
250,112,Pleural_Effusion,11,239
250,112,Atelectasis,8,242
250,112,Consolidation,7,243
250,113,Cardiomegaly,28,222
250,113,Pleural_Effusion,13,237
250,113,Atelectasis,12,238
250,113,Consolidation,7,243
250,114,Cardiomegaly,30,220
250,114,Pleural_Effusion,13,237
250,114,Atelectasis,6,244
250,114,Consolidation,10,240
250,115,Cardiomegaly,22,228
250,115,Pleural_Effusion,11,239
250,115,Atelectasis,8,242
250,115,Consolidation,7,243
250,116,Cardiomegaly,26,224
250,116,Pleural_Effusion,9,241
250,116,Atelectasis,8,242
250,116,Consolidation,7,243
250,117,Cardiomegaly,25,225
250,117,Pleural_Effusion,5,245
250,117,Atelectasis,8,242
250,117,Consolidation,6,244
250,118,Cardiomegaly,26,224
250,118,Pleural_Effusion,8,242
250,118,Atelectasis,5,245
250,118,Consolidation,6,244
250,119,Cardiomegaly,19,231
250,119,Pleural_Effusion,12,238
250,119,Atelectasis,8,242
250,119,Consolidation,8,242
250,120,Cardiomegaly,22,228
250,120,Pleural_Effusion,14,236
250,120,Atelectasis,8,242
250,120,Consolidation,8,242
250,121,Cardiomegaly,11,239
250,121,Pleural_Effusion,7,243
250,121,Atelectasis,5,245
250,121,Consolidation,7,243
250,122,Cardiomegaly,24,226
250,122,Pleural_Effusion,7,243
250,122,Atelectasis,8,242
250,122,Consolidation,11,239
250,123,Cardiomegaly,27,223
250,123,Pleural_Effusion,8,242
250,123,Atelectasis,8,242
250,123,Consolidation,5,245
250,124,Cardiomegaly,24,226
250,124,Pleural_Effusion,10,240
250,124,Atelectasis,10,240
250,124,Consolidation,10,240
250,125,Cardiomegaly,20,230
250,125,Pleural_Effusion,15,235
250,125,Atelectasis,12,238
250,125,Consolidation,9,241
250,126,Cardiomegaly,21,229
250,126,Pleural_Effusion,12,238
250,126,Atelectasis,10,240
250,126,Consolidation,6,244
250,127,Cardiomegaly,24,226
250,127,Pleural_Effusion,10,240
250,127,Atelectasis,5,245
250,127,Consolidation,8,242
250,128,Cardiomegaly,29,221
250,128,Pleural_Effusion,12,238
250,128,Atelectasis,11,239
250,128,Consolidation,8,242
250,129,Cardiomegaly,20,230
250,129,Pleural_Effusion,14,236
250,129,Atelectasis,11,239
250,129,Consolidation,8,242
250,130,Cardiomegaly,22,228
250,130,Pleural_Effusion,10,240
250,130,Atelectasis,10,240
250,130,Consolidation,4,246
250,131,Cardiomegaly,24,226
250,131,Pleural_Effusion,8,242
250,131,Atelectasis,8,242
250,131,Consolidation,7,243
250,132,Cardiomegaly,29,221
250,132,Pleural_Effusion,7,243
250,132,Atelectasis,4,246
250,132,Consolidation,10,240
250,133,Cardiomegaly,21,229
250,133,Pleural_Effusion,9,241
250,133,Atelectasis,6,244
250,133,Consolidation,8,242
250,134,Cardiomegaly,23,227
250,134,Pleural_Effusion,14,236
250,134,Atelectasis,10,240
250,134,Consolidation,6,244
250,135,Cardiomegaly,22,228
250,135,Pleural_Effusion,14,236
250,135,Atelectasis,11,239
250,135,Consolidation,10,240
250,136,Cardiomegaly,20,230
250,136,Pleural_Effusion,12,238
250,136,Atelectasis,5,245
250,136,Consolidation,3,247
250,137,Cardiomegaly,22,228
250,137,Pleural_Effusion,8,242
250,137,Atelectasis,10,240
250,137,Consolidation,7,243
250,138,Cardiomegaly,23,227
250,138,Pleural_Effusion,11,239
250,138,Atelectasis,7,243
250,138,Consolidation,12,238
250,139,Cardiomegaly,31,219
250,139,Pleural_Effusion,8,242
250,139,Atelectasis,9,241
250,139,Consolidation,6,244
250,140,Cardiomegaly,25,225
250,140,Pleural_Effusion,14,236
250,140,Atelectasis,7,243
250,140,Consolidation,8,242
250,141,Cardiomegaly,23,227
250,141,Pleural_Effusion,11,239
250,141,Atelectasis,10,240
250,141,Consolidation,4,246
250,142,Cardiomegaly,17,233
250,142,Pleural_Effusion,10,240
250,142,Atelectasis,8,242
250,142,Consolidation,8,242
250,143,Cardiomegaly,18,232
250,143,Pleural_Effusion,11,239
250,143,Atelectasis,9,241
250,143,Consolidation,12,238
250,144,Cardiomegaly,25,225
250,144,Pleural_Effusion,11,239
250,144,Atelectasis,9,241
250,144,Consolidation,5,245
250,145,Cardiomegaly,26,224
250,145,Pleural_Effusion,11,239
250,145,Atelectasis,6,244
250,145,Consolidation,5,245
250,146,Cardiomegaly,24,226
250,146,Pleural_Effusion,13,237
250,146,Atelectasis,10,240
250,146,Consolidation,8,242
250,147,Cardiomegaly,26,224
250,147,Pleural_Effusion,15,235
250,147,Atelectasis,7,243
250,147,Consolidation,8,242
250,148,Cardiomegaly,22,228
250,148,Pleural_Effusion,6,244
250,148,Atelectasis,6,244
250,148,Consolidation,7,243
250,149,Cardiomegaly,18,232
250,149,Pleural_Effusion,11,239
250,149,Atelectasis,9,241
250,149,Consolidation,7,243
250,150,Cardiomegaly,23,227
250,150,Pleural_Effusion,13,237
250,150,Atelectasis,11,239
250,150,Consolidation,4,246
250,151,Cardiomegaly,16,234
250,151,Pleural_Effusion,9,241
250,151,Atelectasis,9,241
250,151,Consolidation,13,237
250,152,Cardiomegaly,24,226
250,152,Pleural_Effusion,13,237
250,152,Atelectasis,8,242
250,152,Consolidation,8,242
250,153,Cardiomegaly,27,223
250,153,Pleural_Effusion,11,239
250,153,Atelectasis,10,240
250,153,Consolidation,5,245
250,154,Cardiomegaly,21,229
250,154,Pleural_Effusion,12,238
250,154,Atelectasis,9,241
250,154,Consolidation,8,242
250,155,Cardiomegaly,24,226
250,155,Pleural_Effusion,7,243
250,155,Atelectasis,7,243
250,155,Consolidation,8,242
250,156,Cardiomegaly,23,227
250,156,Pleural_Effusion,14,236
250,156,Atelectasis,6,244
250,156,Consolidation,10,240
250,157,Cardiomegaly,19,231
250,157,Pleural_Effusion,8,242
250,157,Atelectasis,7,243
250,157,Consolidation,6,244
250,158,Cardiomegaly,21,229
250,158,Pleural_Effusion,8,242
250,158,Atelectasis,8,242
250,158,Consolidation,7,243
250,159,Cardiomegaly,24,226
250,159,Pleural_Effusion,13,237
250,159,Atelectasis,9,241
250,159,Consolidation,8,242
250,160,Cardiomegaly,16,234
250,160,Pleural_Effusion,12,238
250,160,Atelectasis,5,245
250,160,Consolidation,7,243
250,161,Cardiomegaly,19,231
250,161,Pleural_Effusion,16,234
250,161,Atelectasis,10,240
250,161,Consolidation,8,242
250,162,Cardiomegaly,19,231
250,162,Pleural_Effusion,10,240
250,162,Atelectasis,6,244
250,162,Consolidation,6,244
250,163,Cardiomegaly,19,231
250,163,Pleural_Effusion,8,242
250,163,Atelectasis,9,241
250,163,Consolidation,10,240
250,164,Cardiomegaly,27,223
250,164,Pleural_Effusion,9,241
250,164,Atelectasis,9,241
250,164,Consolidation,5,245
250,165,Cardiomegaly,19,231
250,165,Pleural_Effusion,7,243
250,165,Atelectasis,4,246
250,165,Consolidation,5,245
250,166,Cardiomegaly,27,223
250,166,Pleural_Effusion,15,235
250,166,Atelectasis,7,243
250,166,Consolidation,5,245
250,167,Cardiomegaly,30,220
250,167,Pleural_Effusion,8,242
250,167,Atelectasis,8,242
250,167,Consolidation,7,243
250,168,Cardiomegaly,25,225
250,168,Pleural_Effusion,11,239
250,168,Atelectasis,7,243
250,168,Consolidation,6,244
250,169,Cardiomegaly,23,227
250,169,Pleural_Effusion,12,238
250,169,Atelectasis,9,241
250,169,Consolidation,9,241
250,170,Cardiomegaly,30,220
250,170,Pleural_Effusion,11,239
250,170,Atelectasis,12,238
250,170,Consolidation,13,237
250,171,Cardiomegaly,21,229
250,171,Pleural_Effusion,8,242
250,171,Atelectasis,4,246
250,171,Consolidation,5,245
250,172,Cardiomegaly,20,230
250,172,Pleural_Effusion,8,242
250,172,Atelectasis,8,242
250,172,Consolidation,6,244
250,173,Cardiomegaly,25,225
250,173,Pleural_Effusion,16,234
250,173,Atelectasis,11,239
250,173,Consolidation,6,244
250,174,Cardiomegaly,26,224
250,174,Pleural_Effusion,13,237
250,174,Atelectasis,5,245
250,174,Consolidation,11,239
250,175,Cardiomegaly,30,220
250,175,Pleural_Effusion,10,240
250,175,Atelectasis,5,245
250,175,Consolidation,13,237
250,176,Cardiomegaly,18,232
250,176,Pleural_Effusion,13,237
250,176,Atelectasis,10,240
250,176,Consolidation,9,241
250,177,Cardiomegaly,30,220
250,177,Pleural_Effusion,11,239
250,177,Atelectasis,10,240
250,177,Consolidation,6,244
250,178,Cardiomegaly,26,224
250,178,Pleural_Effusion,10,240
250,178,Atelectasis,9,241
250,178,Consolidation,8,242
250,179,Cardiomegaly,25,225
250,179,Pleural_Effusion,12,238
250,179,Atelectasis,9,241
250,179,Consolidation,8,242
250,180,Cardiomegaly,21,229
250,180,Pleural_Effusion,10,240
250,180,Atelectasis,8,242
250,180,Consolidation,12,238
250,181,Cardiomegaly,19,231
250,181,Pleural_Effusion,14,236
250,181,Atelectasis,11,239
250,181,Consolidation,9,241
250,182,Cardiomegaly,24,226
250,182,Pleural_Effusion,10,240
250,182,Atelectasis,5,245
250,182,Consolidation,7,243
250,183,Cardiomegaly,24,226
250,183,Pleural_Effusion,10,240
250,183,Atelectasis,6,244
250,183,Consolidation,7,243
250,184,Cardiomegaly,24,226
250,184,Pleural_Effusion,15,235
250,184,Atelectasis,11,239
250,184,Consolidation,10,240
250,185,Cardiomegaly,20,230
250,185,Pleural_Effusion,11,239
250,185,Atelectasis,8,242
250,185,Consolidation,9,241
250,186,Cardiomegaly,23,227
250,186,Pleural_Effusion,17,233
250,186,Atelectasis,6,244
250,186,Consolidation,9,241
250,187,Cardiomegaly,23,227
250,187,Pleural_Effusion,10,240
250,187,Atelectasis,7,243
250,187,Consolidation,6,244
250,188,Cardiomegaly,28,222
250,188,Pleural_Effusion,12,238
250,188,Atelectasis,8,242
250,188,Consolidation,10,240
250,189,Cardiomegaly,17,233
250,189,Pleural_Effusion,14,236
250,189,Atelectasis,8,242
250,189,Consolidation,8,242
250,190,Cardiomegaly,24,226
250,190,Pleural_Effusion,10,240
250,190,Atelectasis,5,245
250,190,Consolidation,6,244
250,191,Cardiomegaly,24,226
250,191,Pleural_Effusion,9,241
250,191,Atelectasis,7,243
250,191,Consolidation,8,242
250,192,Cardiomegaly,20,230
250,192,Pleural_Effusion,11,239
250,192,Atelectasis,3,247
250,192,Consolidation,4,246
250,193,Cardiomegaly,24,226
250,193,Pleural_Effusion,9,241
250,193,Atelectasis,5,245
250,193,Consolidation,4,246
250,194,Cardiomegaly,22,228
250,194,Pleural_Effusion,12,238
250,194,Atelectasis,11,239
250,194,Consolidation,7,243
250,195,Cardiomegaly,24,226
250,195,Pleural_Effusion,7,243
250,195,Atelectasis,5,245
250,195,Consolidation,9,241
250,196,Cardiomegaly,22,228
250,196,Pleural_Effusion,13,237
250,196,Atelectasis,5,245
250,196,Consolidation,6,244
250,197,Cardiomegaly,25,225
250,197,Pleural_Effusion,6,244
250,197,Atelectasis,6,244
250,197,Consolidation,10,240
250,198,Cardiomegaly,20,230
250,198,Pleural_Effusion,13,237
250,198,Atelectasis,10,240
250,198,Consolidation,6,244
250,199,Cardiomegaly,26,224
250,199,Pleural_Effusion,12,238
250,199,Atelectasis,5,245
250,199,Consolidation,4,246
500,0,Cardiomegaly,51,449
500,0,Pleural_Effusion,20,480
500,0,Atelectasis,15,485
500,0,Consolidation,16,484
500,1,Cardiomegaly,45,455
500,1,Pleural_Effusion,19,481
500,1,Atelectasis,15,485
500,1,Consolidation,18,482
500,2,Cardiomegaly,49,451
500,2,Pleural_Effusion,23,477
500,2,Atelectasis,15,485
500,2,Consolidation,12,488
500,3,Cardiomegaly,42,458
500,3,Pleural_Effusion,15,485
500,3,Atelectasis,13,487
500,3,Consolidation,14,486
500,4,Cardiomegaly,46,454
500,4,Pleural_Effusion,23,477
500,4,Atelectasis,13,487
500,4,Consolidation,12,488
500,5,Cardiomegaly,50,450
500,5,Pleural_Effusion,25,475
500,5,Atelectasis,11,489
500,5,Consolidation,14,486
500,6,Cardiomegaly,42,458
500,6,Pleural_Effusion,24,476
500,6,Atelectasis,13,487
500,6,Consolidation,18,482
500,7,Cardiomegaly,42,458
500,7,Pleural_Effusion,21,479
500,7,Atelectasis,20,480
500,7,Consolidation,10,490
500,8,Cardiomegaly,46,454
500,8,Pleural_Effusion,20,480
500,8,Atelectasis,11,489
500,8,Consolidation,13,487
500,9,Cardiomegaly,50,450
500,9,Pleural_Effusion,25,475
500,9,Atelectasis,18,482
500,9,Consolidation,15,485
500,10,Cardiomegaly,45,455
500,10,Pleural_Effusion,22,478
500,10,Atelectasis,20,480
500,10,Consolidation,14,486
500,11,Cardiomegaly,46,454
500,11,Pleural_Effusion,25,475
500,11,Atelectasis,11,489
500,11,Consolidation,14,486
500,12,Cardiomegaly,44,456
500,12,Pleural_Effusion,19,481
500,12,Atelectasis,14,486
500,12,Consolidation,14,486
500,13,Cardiomegaly,49,451
500,13,Pleural_Effusion,23,477
500,13,Atelectasis,20,480
500,13,Consolidation,17,483
500,14,Cardiomegaly,49,451
500,14,Pleural_Effusion,24,476
500,14,Atelectasis,15,485
500,14,Consolidation,17,483
500,15,Cardiomegaly,46,454
500,15,Pleural_Effusion,22,478
500,15,Atelectasis,13,487
500,15,Consolidation,14,486
500,16,Cardiomegaly,45,455
500,16,Pleural_Effusion,28,472
500,16,Atelectasis,20,480
500,16,Consolidation,18,482
500,17,Cardiomegaly,43,457
500,17,Pleural_Effusion,25,475
500,17,Atelectasis,14,486
500,17,Consolidation,17,483
500,18,Cardiomegaly,42,458
500,18,Pleural_Effusion,20,480
500,18,Atelectasis,12,488
500,18,Consolidation,14,486
500,19,Cardiomegaly,49,451
500,19,Pleural_Effusion,20,480
500,19,Atelectasis,18,482
500,19,Consolidation,17,483
500,20,Cardiomegaly,44,456
500,20,Pleural_Effusion,25,475
500,20,Atelectasis,10,490
500,20,Consolidation,14,486
500,21,Cardiomegaly,53,447
500,21,Pleural_Effusion,23,477
500,21,Atelectasis,19,481
500,21,Consolidation,15,485
500,22,Cardiomegaly,42,458
500,22,Pleural_Effusion,22,478
500,22,Atelectasis,13,487
500,22,Consolidation,16,484
500,23,Cardiomegaly,58,442
500,23,Pleural_Effusion,19,481
500,23,Atelectasis,18,482
500,23,Consolidation,18,482
500,24,Cardiomegaly,46,454
500,24,Pleural_Effusion,21,479
500,24,Atelectasis,15,485
500,24,Consolidation,15,485
500,25,Cardiomegaly,37,463
500,25,Pleural_Effusion,18,482
500,25,Atelectasis,20,480
500,25,Consolidation,11,489
500,26,Cardiomegaly,42,458
500,26,Pleural_Effusion,19,481
500,26,Atelectasis,11,489
500,26,Consolidation,12,488
500,27,Cardiomegaly,43,457
500,27,Pleural_Effusion,19,481
500,27,Atelectasis,13,487
500,27,Consolidation,15,485
500,28,Cardiomegaly,48,452
500,28,Pleural_Effusion,19,481
500,28,Atelectasis,24,476
500,28,Consolidation,15,485
500,29,Cardiomegaly,48,452
500,29,Pleural_Effusion,20,480
500,29,Atelectasis,15,485
500,29,Consolidation,10,490
500,30,Cardiomegaly,43,457
500,30,Pleural_Effusion,23,477
500,30,Atelectasis,14,486
500,30,Consolidation,19,481
500,31,Cardiomegaly,52,448
500,31,Pleural_Effusion,18,482
500,31,Atelectasis,13,487
500,31,Consolidation,16,484
500,32,Cardiomegaly,42,458
500,32,Pleural_Effusion,18,482
500,32,Atelectasis,7,493
500,32,Consolidation,12,488
500,33,Cardiomegaly,51,449
500,33,Pleural_Effusion,23,477
500,33,Atelectasis,16,484
500,33,Consolidation,18,482
500,34,Cardiomegaly,40,460
500,34,Pleural_Effusion,18,482
500,34,Atelectasis,11,489
500,34,Consolidation,12,488
500,35,Cardiomegaly,52,448
500,35,Pleural_Effusion,20,480
500,35,Atelectasis,19,481
500,35,Consolidation,18,482
500,36,Cardiomegaly,48,452
500,36,Pleural_Effusion,24,476
500,36,Atelectasis,20,480
500,36,Consolidation,12,488
500,37,Cardiomegaly,54,446
500,37,Pleural_Effusion,21,479
500,37,Atelectasis,15,485
500,37,Consolidation,17,483
500,38,Cardiomegaly,47,453
500,38,Pleural_Effusion,23,477
500,38,Atelectasis,15,485
500,38,Consolidation,16,484
500,39,Cardiomegaly,40,460
500,39,Pleural_Effusion,24,476
500,39,Atelectasis,14,486
500,39,Consolidation,14,486
500,40,Cardiomegaly,41,459
500,40,Pleural_Effusion,25,475
500,40,Atelectasis,15,485
500,40,Consolidation,13,487
500,41,Cardiomegaly,38,462
500,41,Pleural_Effusion,25,475
500,41,Atelectasis,14,486
500,41,Consolidation,16,484
500,42,Cardiomegaly,47,453
500,42,Pleural_Effusion,19,481
500,42,Atelectasis,12,488
500,42,Consolidation,17,483
500,43,Cardiomegaly,55,445
500,43,Pleural_Effusion,16,484
500,43,Atelectasis,15,485
500,43,Consolidation,18,482
500,44,Cardiomegaly,46,454
500,44,Pleural_Effusion,22,478
500,44,Atelectasis,14,486
500,44,Consolidation,17,483
500,45,Cardiomegaly,43,457
500,45,Pleural_Effusion,26,474
500,45,Atelectasis,13,487
500,45,Consolidation,14,486
500,46,Cardiomegaly,43,457
500,46,Pleural_Effusion,20,480
500,46,Atelectasis,12,488
500,46,Consolidation,14,486
500,47,Cardiomegaly,47,453
500,47,Pleural_Effusion,25,475
500,47,Atelectasis,17,483
500,47,Consolidation,15,485
500,48,Cardiomegaly,43,457
500,48,Pleural_Effusion,24,476
500,48,Atelectasis,14,486
500,48,Consolidation,19,481
500,49,Cardiomegaly,43,457
500,49,Pleural_Effusion,18,482
500,49,Atelectasis,12,488
500,49,Consolidation,17,483
500,50,Cardiomegaly,47,453
500,50,Pleural_Effusion,17,483
500,50,Atelectasis,17,483
500,50,Consolidation,20,480
500,51,Cardiomegaly,40,460
500,51,Pleural_Effusion,24,476
500,51,Atelectasis,17,483
500,51,Consolidation,19,481
500,52,Cardiomegaly,48,452
500,52,Pleural_Effusion,20,480
500,52,Atelectasis,15,485
500,52,Consolidation,12,488
500,53,Cardiomegaly,42,458
500,53,Pleural_Effusion,20,480
500,53,Atelectasis,13,487
500,53,Consolidation,14,486
500,54,Cardiomegaly,53,447
500,54,Pleural_Effusion,24,476
500,54,Atelectasis,18,482
500,54,Consolidation,18,482
500,55,Cardiomegaly,50,450
500,55,Pleural_Effusion,20,480
500,55,Atelectasis,11,489
500,55,Consolidation,15,485
500,56,Cardiomegaly,49,451
500,56,Pleural_Effusion,20,480
500,56,Atelectasis,17,483
500,56,Consolidation,16,484
500,57,Cardiomegaly,51,449
500,57,Pleural_Effusion,17,483
500,57,Atelectasis,16,484
500,57,Consolidation,16,484
500,58,Cardiomegaly,48,452
500,58,Pleural_Effusion,25,475
500,58,Atelectasis,18,482
500,58,Consolidation,12,488
500,59,Cardiomegaly,45,455
500,59,Pleural_Effusion,24,476
500,59,Atelectasis,11,489
500,59,Consolidation,17,483
500,60,Cardiomegaly,39,461
500,60,Pleural_Effusion,15,485
500,60,Atelectasis,15,485
500,60,Consolidation,12,488
500,61,Cardiomegaly,53,447
500,61,Pleural_Effusion,25,475
500,61,Atelectasis,16,484
500,61,Consolidation,19,481
500,62,Cardiomegaly,45,455
500,62,Pleural_Effusion,19,481
500,62,Atelectasis,17,483
500,62,Consolidation,18,482
500,63,Cardiomegaly,49,451
500,63,Pleural_Effusion,24,476
500,63,Atelectasis,18,482
500,63,Consolidation,18,482
500,64,Cardiomegaly,42,458
500,64,Pleural_Effusion,27,473
500,64,Atelectasis,20,480
500,64,Consolidation,15,485
500,65,Cardiomegaly,40,460
500,65,Pleural_Effusion,22,478
500,65,Atelectasis,10,490
500,65,Consolidation,12,488
500,66,Cardiomegaly,37,463
500,66,Pleural_Effusion,21,479
500,66,Atelectasis,12,488
500,66,Consolidation,16,484
500,67,Cardiomegaly,35,465
500,67,Pleural_Effusion,17,483
500,67,Atelectasis,17,483
500,67,Consolidation,15,485
500,68,Cardiomegaly,38,462
500,68,Pleural_Effusion,17,483
500,68,Atelectasis,9,491
500,68,Consolidation,17,483
500,69,Cardiomegaly,47,453
500,69,Pleural_Effusion,24,476
500,69,Atelectasis,15,485
500,69,Consolidation,18,482
500,70,Cardiomegaly,41,459
500,70,Pleural_Effusion,26,474
500,70,Atelectasis,17,483
500,70,Consolidation,12,488
500,71,Cardiomegaly,42,458
500,71,Pleural_Effusion,20,480
500,71,Atelectasis,12,488
500,71,Consolidation,19,481
500,72,Cardiomegaly,45,455
500,72,Pleural_Effusion,22,478
500,72,Atelectasis,11,489
500,72,Consolidation,18,482
500,73,Cardiomegaly,45,455
500,73,Pleural_Effusion,24,476
500,73,Atelectasis,15,485
500,73,Consolidation,16,484
500,74,Cardiomegaly,48,452
500,74,Pleural_Effusion,21,479
500,74,Atelectasis,15,485
500,74,Consolidation,12,488
500,75,Cardiomegaly,44,456
500,75,Pleural_Effusion,18,482
500,75,Atelectasis,19,481
500,75,Consolidation,15,485
500,76,Cardiomegaly,43,457
500,76,Pleural_Effusion,22,478
500,76,Atelectasis,11,489
500,76,Consolidation,15,485
500,77,Cardiomegaly,46,454
500,77,Pleural_Effusion,17,483
500,77,Atelectasis,11,489
500,77,Consolidation,13,487
500,78,Cardiomegaly,41,459
500,78,Pleural_Effusion,19,481
500,78,Atelectasis,16,484
500,78,Consolidation,19,481
500,79,Cardiomegaly,50,450
500,79,Pleural_Effusion,22,478
500,79,Atelectasis,12,488
500,79,Consolidation,11,489
500,80,Cardiomegaly,40,460
500,80,Pleural_Effusion,22,478
500,80,Atelectasis,15,485
500,80,Consolidation,13,487
500,81,Cardiomegaly,41,459
500,81,Pleural_Effusion,18,482
500,81,Atelectasis,9,491
500,81,Consolidation,14,486
500,82,Cardiomegaly,41,459
500,82,Pleural_Effusion,23,477
500,82,Atelectasis,16,484
500,82,Consolidation,12,488
500,83,Cardiomegaly,45,455
500,83,Pleural_Effusion,23,477
500,83,Atelectasis,17,483
500,83,Consolidation,13,487
500,84,Cardiomegaly,36,464
500,84,Pleural_Effusion,21,479
500,84,Atelectasis,19,481
500,84,Consolidation,17,483
500,85,Cardiomegaly,51,449
500,85,Pleural_Effusion,21,479
500,85,Atelectasis,12,488
500,85,Consolidation,19,481
500,86,Cardiomegaly,40,460
500,86,Pleural_Effusion,18,482
500,86,Atelectasis,10,490
500,86,Consolidation,18,482
500,87,Cardiomegaly,56,444
500,87,Pleural_Effusion,23,477
500,87,Atelectasis,10,490
500,87,Consolidation,23,477
500,88,Cardiomegaly,43,457
500,88,Pleural_Effusion,21,479
500,88,Atelectasis,16,484
500,88,Consolidation,14,486
500,89,Cardiomegaly,45,455
500,89,Pleural_Effusion,17,483
500,89,Atelectasis,11,489
500,89,Consolidation,14,486
500,90,Cardiomegaly,34,466
500,90,Pleural_Effusion,14,486
500,90,Atelectasis,9,491
500,90,Consolidation,10,490
500,91,Cardiomegaly,44,456
500,91,Pleural_Effusion,19,481
500,91,Atelectasis,13,487
500,91,Consolidation,18,482
500,92,Cardiomegaly,48,452
500,92,Pleural_Effusion,19,481
500,92,Atelectasis,12,488
500,92,Consolidation,12,488
500,93,Cardiomegaly,44,456
500,93,Pleural_Effusion,21,479
500,93,Atelectasis,16,484
500,93,Consolidation,14,486
500,94,Cardiomegaly,53,447
500,94,Pleural_Effusion,27,473
500,94,Atelectasis,13,487
500,94,Consolidation,17,483
500,95,Cardiomegaly,40,460
500,95,Pleural_Effusion,22,478
500,95,Atelectasis,15,485
500,95,Consolidation,16,484
500,96,Cardiomegaly,52,448
500,96,Pleural_Effusion,20,480
500,96,Atelectasis,12,488
500,96,Consolidation,15,485
500,97,Cardiomegaly,45,455
500,97,Pleural_Effusion,17,483
500,97,Atelectasis,17,483
500,97,Consolidation,18,482
500,98,Cardiomegaly,41,459
500,98,Pleural_Effusion,19,481
500,98,Atelectasis,14,486
500,98,Consolidation,15,485
500,99,Cardiomegaly,55,445
500,99,Pleural_Effusion,23,477
500,99,Atelectasis,12,488
500,99,Consolidation,15,485
500,100,Cardiomegaly,36,464
500,100,Pleural_Effusion,25,475
500,100,Atelectasis,13,487
500,100,Consolidation,17,483
500,101,Cardiomegaly,37,463
500,101,Pleural_Effusion,20,480
500,101,Atelectasis,18,482
500,101,Consolidation,12,488
500,102,Cardiomegaly,52,448
500,102,Pleural_Effusion,21,479
500,102,Atelectasis,12,488
500,102,Consolidation,14,486
500,103,Cardiomegaly,46,454
500,103,Pleural_Effusion,23,477
500,103,Atelectasis,15,485
500,103,Consolidation,19,481
500,104,Cardiomegaly,44,456
500,104,Pleural_Effusion,24,476
500,104,Atelectasis,15,485
500,104,Consolidation,10,490
500,105,Cardiomegaly,45,455
500,105,Pleural_Effusion,19,481
500,105,Atelectasis,16,484
500,105,Consolidation,15,485
500,106,Cardiomegaly,45,455
500,106,Pleural_Effusion,22,478
500,106,Atelectasis,16,484
500,106,Consolidation,18,482
500,107,Cardiomegaly,54,446
500,107,Pleural_Effusion,25,475
500,107,Atelectasis,16,484
500,107,Consolidation,19,481
500,108,Cardiomegaly,53,447
500,108,Pleural_Effusion,24,476
500,108,Atelectasis,17,483
500,108,Consolidation,15,485
500,109,Cardiomegaly,51,449
500,109,Pleural_Effusion,27,473
500,109,Atelectasis,17,483
500,109,Consolidation,18,482
500,110,Cardiomegaly,48,452
500,110,Pleural_Effusion,24,476
500,110,Atelectasis,15,485
500,110,Consolidation,21,479
500,111,Cardiomegaly,43,457
500,111,Pleural_Effusion,16,484
500,111,Atelectasis,14,486
500,111,Consolidation,10,490
500,112,Cardiomegaly,49,451
500,112,Pleural_Effusion,27,473
500,112,Atelectasis,17,483
500,112,Consolidation,17,483
500,113,Cardiomegaly,52,448
500,113,Pleural_Effusion,19,481
500,113,Atelectasis,15,485
500,113,Consolidation,15,485
500,114,Cardiomegaly,54,446
500,114,Pleural_Effusion,25,475
500,114,Atelectasis,14,486
500,114,Consolidation,18,482
500,115,Cardiomegaly,44,456
500,115,Pleural_Effusion,21,479
500,115,Atelectasis,15,485
500,115,Consolidation,15,485
500,116,Cardiomegaly,51,449
500,116,Pleural_Effusion,19,481
500,116,Atelectasis,14,486
500,116,Consolidation,18,482
500,117,Cardiomegaly,48,452
500,117,Pleural_Effusion,18,482
500,117,Atelectasis,16,484
500,117,Consolidation,14,486
500,118,Cardiomegaly,45,455
500,118,Pleural_Effusion,18,482
500,118,Atelectasis,13,487
500,118,Consolidation,15,485
500,119,Cardiomegaly,43,457
500,119,Pleural_Effusion,24,476
500,119,Atelectasis,15,485
500,119,Consolidation,13,487
500,120,Cardiomegaly,36,464
500,120,Pleural_Effusion,20,480
500,120,Atelectasis,13,487
500,120,Consolidation,12,488
500,121,Cardiomegaly,36,464
500,121,Pleural_Effusion,16,484
500,121,Atelectasis,10,490
500,121,Consolidation,18,482
500,122,Cardiomegaly,45,455
500,122,Pleural_Effusion,19,481
500,122,Atelectasis,14,486
500,122,Consolidation,18,482
500,123,Cardiomegaly,45,455
500,123,Pleural_Effusion,17,483
500,123,Atelectasis,13,487
500,123,Consolidation,12,488
500,124,Cardiomegaly,54,446
500,124,Pleural_Effusion,17,483
500,124,Atelectasis,20,480
500,124,Consolidation,19,481
500,125,Cardiomegaly,47,453
500,125,Pleural_Effusion,27,473
500,125,Atelectasis,16,484
500,125,Consolidation,17,483
500,126,Cardiomegaly,50,450
500,126,Pleural_Effusion,23,477
500,126,Atelectasis,16,484
500,126,Consolidation,14,486
500,127,Cardiomegaly,53,447
500,127,Pleural_Effusion,24,476
500,127,Atelectasis,12,488
500,127,Consolidation,19,481
500,128,Cardiomegaly,49,451
500,128,Pleural_Effusion,21,479
500,128,Atelectasis,20,480
500,128,Consolidation,16,484
500,129,Cardiomegaly,45,455
500,129,Pleural_Effusion,23,477
500,129,Atelectasis,18,482
500,129,Consolidation,16,484
500,130,Cardiomegaly,39,461
500,130,Pleural_Effusion,17,483
500,130,Atelectasis,14,486
500,130,Consolidation,8,492
500,131,Cardiomegaly,50,450
500,131,Pleural_Effusion,20,480
500,131,Atelectasis,14,486
500,131,Consolidation,16,484
500,132,Cardiomegaly,47,453
500,132,Pleural_Effusion,23,477
500,132,Atelectasis,10,490
500,132,Consolidation,21,479
500,133,Cardiomegaly,39,461
500,133,Pleural_Effusion,19,481
500,133,Atelectasis,13,487
500,133,Consolidation,17,483
500,134,Cardiomegaly,45,455
500,134,Pleural_Effusion,24,476
500,134,Atelectasis,16,484
500,134,Consolidation,15,485
500,135,Cardiomegaly,45,455
500,135,Pleural_Effusion,23,477
500,135,Atelectasis,17,483
500,135,Consolidation,17,483
500,136,Cardiomegaly,54,446
500,136,Pleural_Effusion,23,477
500,136,Atelectasis,11,489
500,136,Consolidation,17,483
500,137,Cardiomegaly,44,456
500,137,Pleural_Effusion,21,479
500,137,Atelectasis,16,484
500,137,Consolidation,15,485
500,138,Cardiomegaly,50,450
500,138,Pleural_Effusion,22,478
500,138,Atelectasis,14,486
500,138,Consolidation,18,482
500,139,Cardiomegaly,48,452
500,139,Pleural_Effusion,18,482
500,139,Atelectasis,17,483
500,139,Consolidation,11,489
500,140,Cardiomegaly,47,453
500,140,Pleural_Effusion,25,475
500,140,Atelectasis,20,480
500,140,Consolidation,18,482
500,141,Cardiomegaly,43,457
500,141,Pleural_Effusion,25,475
500,141,Atelectasis,19,481
500,141,Consolidation,14,486
500,142,Cardiomegaly,40,460
500,142,Pleural_Effusion,22,478
500,142,Atelectasis,16,484
500,142,Consolidation,16,484
500,143,Cardiomegaly,38,462
500,143,Pleural_Effusion,22,478
500,143,Atelectasis,14,486
500,143,Consolidation,22,478
500,144,Cardiomegaly,53,447
500,144,Pleural_Effusion,20,480
500,144,Atelectasis,15,485
500,144,Consolidation,12,488
500,145,Cardiomegaly,43,457
500,145,Pleural_Effusion,25,475
500,145,Atelectasis,17,483
500,145,Consolidation,12,488
500,146,Cardiomegaly,48,452
500,146,Pleural_Effusion,25,475
500,146,Atelectasis,18,482
500,146,Consolidation,15,485
500,147,Cardiomegaly,43,457
500,147,Pleural_Effusion,22,478
500,147,Atelectasis,13,487
500,147,Consolidation,15,485
500,148,Cardiomegaly,44,456
500,148,Pleural_Effusion,22,478
500,148,Atelectasis,14,486
500,148,Consolidation,17,483
500,149,Cardiomegaly,42,458
500,149,Pleural_Effusion,19,481
500,149,Atelectasis,15,485
500,149,Consolidation,16,484
500,150,Cardiomegaly,48,452
500,150,Pleural_Effusion,25,475
500,150,Atelectasis,19,481
500,150,Consolidation,13,487
500,151,Cardiomegaly,42,458
500,151,Pleural_Effusion,22,478
500,151,Atelectasis,17,483
500,151,Consolidation,16,484
500,152,Cardiomegaly,39,461
500,152,Pleural_Effusion,24,476
500,152,Atelectasis,16,484
500,152,Consolidation,14,486
500,153,Cardiomegaly,53,447
500,153,Pleural_Effusion,21,479
500,153,Atelectasis,17,483
500,153,Consolidation,16,484
500,154,Cardiomegaly,41,459
500,154,Pleural_Effusion,25,475
500,154,Atelectasis,16,484
500,154,Consolidation,15,485
500,155,Cardiomegaly,40,460
500,155,Pleural_Effusion,17,483
500,155,Atelectasis,16,484
500,155,Consolidation,14,486
500,156,Cardiomegaly,45,455
500,156,Pleural_Effusion,21,479
500,156,Atelectasis,14,486
500,156,Consolidation,17,483
500,157,Cardiomegaly,45,455
500,157,Pleural_Effusion,18,482
500,157,Atelectasis,15,485
500,157,Consolidation,16,484
500,158,Cardiomegaly,46,454
500,158,Pleural_Effusion,20,480
500,158,Atelectasis,16,484
500,158,Consolidation,14,486
500,159,Cardiomegaly,43,457
500,159,Pleural_Effusion,19,481
500,159,Atelectasis,14,486
500,159,Consolidation,16,484
500,160,Cardiomegaly,44,456
500,160,Pleural_Effusion,22,478
500,160,Atelectasis,14,486
500,160,Consolidation,15,485
500,161,Cardiomegaly,42,458
500,161,Pleural_Effusion,27,473
500,161,Atelectasis,19,481
500,161,Consolidation,13,487
500,162,Cardiomegaly,41,459
500,162,Pleural_Effusion,15,485
500,162,Atelectasis,12,488
500,162,Consolidation,13,487
500,163,Cardiomegaly,45,455
500,163,Pleural_Effusion,22,478
500,163,Atelectasis,18,482
500,163,Consolidation,14,486
500,164,Cardiomegaly,43,457
500,164,Pleural_Effusion,15,485
500,164,Atelectasis,16,484
500,164,Consolidation,8,492
500,165,Cardiomegaly,45,455
500,165,Pleural_Effusion,23,477
500,165,Atelectasis,16,484
500,165,Consolidation,18,482
500,166,Cardiomegaly,46,454
500,166,Pleural_Effusion,21,479
500,166,Atelectasis,13,487
500,166,Consolidation,9,491
500,167,Cardiomegaly,50,450
500,167,Pleural_Effusion,22,478
500,167,Atelectasis,17,483
500,167,Consolidation,14,486
500,168,Cardiomegaly,48,452
500,168,Pleural_Effusion,23,477
500,168,Atelectasis,12,488
500,168,Consolidation,13,487
500,169,Cardiomegaly,47,453
500,169,Pleural_Effusion,27,473
500,169,Atelectasis,17,483
500,169,Consolidation,18,482
500,170,Cardiomegaly,53,447
500,170,Pleural_Effusion,19,481
500,170,Atelectasis,16,484
500,170,Consolidation,19,481
500,171,Cardiomegaly,44,456
500,171,Pleural_Effusion,16,484
500,171,Atelectasis,10,490
500,171,Consolidation,15,485
500,172,Cardiomegaly,42,458
500,172,Pleural_Effusion,26,474
500,172,Atelectasis,17,483
500,172,Consolidation,15,485
500,173,Cardiomegaly,47,453
500,173,Pleural_Effusion,22,478
500,173,Atelectasis,17,483
500,173,Consolidation,11,489
500,174,Cardiomegaly,45,455
500,174,Pleural_Effusion,26,474
500,174,Atelectasis,13,487
500,174,Consolidation,21,479
500,175,Cardiomegaly,48,452
500,175,Pleural_Effusion,20,480
500,175,Atelectasis,11,489
500,175,Consolidation,19,481
500,176,Cardiomegaly,30,470
500,176,Pleural_Effusion,26,474
500,176,Atelectasis,18,482
500,176,Consolidation,16,484
500,177,Cardiomegaly,56,444
500,177,Pleural_Effusion,22,478
500,177,Atelectasis,15,485
500,177,Consolidation,19,481
500,178,Cardiomegaly,45,455
500,178,Pleural_Effusion,16,484
500,178,Atelectasis,14,486
500,178,Consolidation,16,484
500,179,Cardiomegaly,51,449
500,179,Pleural_Effusion,19,481
500,179,Atelectasis,14,486
500,179,Consolidation,19,481
500,180,Cardiomegaly,41,459
500,180,Pleural_Effusion,23,477
500,180,Atelectasis,18,482
500,180,Consolidation,18,482
500,181,Cardiomegaly,47,453
500,181,Pleural_Effusion,24,476
500,181,Atelectasis,19,481
500,181,Consolidation,23,477
500,182,Cardiomegaly,43,457
500,182,Pleural_Effusion,17,483
500,182,Atelectasis,13,487
500,182,Consolidation,14,486
500,183,Cardiomegaly,49,451
500,183,Pleural_Effusion,19,481
500,183,Atelectasis,16,484
500,183,Consolidation,16,484
500,184,Cardiomegaly,52,448
500,184,Pleural_Effusion,27,473
500,184,Atelectasis,15,485
500,184,Consolidation,20,480
500,185,Cardiomegaly,43,457
500,185,Pleural_Effusion,22,478
500,185,Atelectasis,16,484
500,185,Consolidation,17,483
500,186,Cardiomegaly,48,452
500,186,Pleural_Effusion,27,473
500,186,Atelectasis,14,486
500,186,Consolidation,17,483
500,187,Cardiomegaly,55,445
500,187,Pleural_Effusion,18,482
500,187,Atelectasis,10,490
500,187,Consolidation,15,485
500,188,Cardiomegaly,49,451
500,188,Pleural_Effusion,23,477
500,188,Atelectasis,18,482
500,188,Consolidation,16,484
500,189,Cardiomegaly,43,457
500,189,Pleural_Effusion,23,477
500,189,Atelectasis,17,483
500,189,Consolidation,14,486
500,190,Cardiomegaly,43,457
500,190,Pleural_Effusion,24,476
500,190,Atelectasis,16,484
500,190,Consolidation,19,481
500,191,Cardiomegaly,46,454
500,191,Pleural_Effusion,21,479
500,191,Atelectasis,16,484
500,191,Consolidation,18,482
500,192,Cardiomegaly,42,458
500,192,Pleural_Effusion,22,478
500,192,Atelectasis,12,488
500,192,Consolidation,12,488
500,193,Cardiomegaly,43,457
500,193,Pleural_Effusion,20,480
500,193,Atelectasis,16,484
500,193,Consolidation,11,489
500,194,Cardiomegaly,53,447
500,194,Pleural_Effusion,21,479
500,194,Atelectasis,17,483
500,194,Consolidation,17,483
500,195,Cardiomegaly,45,455
500,195,Pleural_Effusion,15,485
500,195,Atelectasis,11,489
500,195,Consolidation,19,481
500,196,Cardiomegaly,45,455
500,196,Pleural_Effusion,18,482
500,196,Atelectasis,12,488
500,196,Consolidation,15,485
500,197,Cardiomegaly,42,458
500,197,Pleural_Effusion,20,480
500,197,Atelectasis,15,485
500,197,Consolidation,14,486
500,198,Cardiomegaly,42,458
500,198,Pleural_Effusion,21,479
500,198,Atelectasis,16,484
500,198,Consolidation,13,487
500,199,Cardiomegaly,42,458
500,199,Pleural_Effusion,26,474
500,199,Atelectasis,15,485
500,199,Consolidation,13,487
750,0,Cardiomegaly,71,679
750,0,Pleural_Effusion,30,720
750,0,Atelectasis,25,725
750,0,Consolidation,26,724
750,1,Cardiomegaly,67,683
750,1,Pleural_Effusion,32,718
750,1,Atelectasis,24,726
750,1,Consolidation,22,728
750,2,Cardiomegaly,75,675
750,2,Pleural_Effusion,35,715
750,2,Atelectasis,22,728
750,2,Consolidation,24,726
750,3,Cardiomegaly,64,686
750,3,Pleural_Effusion,31,719
750,3,Atelectasis,22,728
750,3,Consolidation,22,728
750,4,Cardiomegaly,68,682
750,4,Pleural_Effusion,32,718
750,4,Atelectasis,19,731
750,4,Consolidation,23,727
750,5,Cardiomegaly,69,681
750,5,Pleural_Effusion,34,716
750,5,Atelectasis,23,727
750,5,Consolidation,22,728
750,6,Cardiomegaly,65,685
750,6,Pleural_Effusion,33,717
750,6,Atelectasis,21,729
750,6,Consolidation,25,725
750,7,Cardiomegaly,67,683
750,7,Pleural_Effusion,31,719
750,7,Atelectasis,23,727
750,7,Consolidation,19,731
750,8,Cardiomegaly,65,685
750,8,Pleural_Effusion,32,718
750,8,Atelectasis,21,729
750,8,Consolidation,20,730
750,9,Cardiomegaly,69,681
750,9,Pleural_Effusion,31,719
750,9,Atelectasis,23,727
750,9,Consolidation,21,729
750,10,Cardiomegaly,70,680
750,10,Pleural_Effusion,34,716
750,10,Atelectasis,25,725
750,10,Consolidation,23,727
750,11,Cardiomegaly,70,680
750,11,Pleural_Effusion,35,715
750,11,Atelectasis,21,729
750,11,Consolidation,24,726
750,12,Cardiomegaly,63,687
750,12,Pleural_Effusion,35,715
750,12,Atelectasis,24,726
750,12,Consolidation,24,726
750,13,Cardiomegaly,67,683
750,13,Pleural_Effusion,33,717
750,13,Atelectasis,23,727
750,13,Consolidation,22,728
750,14,Cardiomegaly,72,678
750,14,Pleural_Effusion,36,714
750,14,Atelectasis,23,727
750,14,Consolidation,25,725
750,15,Cardiomegaly,71,679
750,15,Pleural_Effusion,30,720
750,15,Atelectasis,21,729
750,15,Consolidation,24,726
750,16,Cardiomegaly,72,678
750,16,Pleural_Effusion,33,717
750,16,Atelectasis,23,727
750,16,Consolidation,27,723
750,17,Cardiomegaly,71,679
750,17,Pleural_Effusion,31,719
750,17,Atelectasis,23,727
750,17,Consolidation,25,725
750,18,Cardiomegaly,64,686
750,18,Pleural_Effusion,32,718
750,18,Atelectasis,17,733
750,18,Consolidation,22,728
750,19,Cardiomegaly,70,680
750,19,Pleural_Effusion,32,718
750,19,Atelectasis,23,727
750,19,Consolidation,24,726
750,20,Cardiomegaly,70,680
750,20,Pleural_Effusion,32,718
750,20,Atelectasis,23,727
750,20,Consolidation,24,726
750,21,Cardiomegaly,70,680
750,21,Pleural_Effusion,34,716
750,21,Atelectasis,26,724
750,21,Consolidation,26,724
750,22,Cardiomegaly,70,680
750,22,Pleural_Effusion,36,714
750,22,Atelectasis,24,726
750,22,Consolidation,21,729
750,23,Cardiomegaly,71,679
750,23,Pleural_Effusion,30,720
750,23,Atelectasis,22,728
750,23,Consolidation,23,727
750,24,Cardiomegaly,68,682
750,24,Pleural_Effusion,31,719
750,24,Atelectasis,25,725
750,24,Consolidation,20,730
750,25,Cardiomegaly,62,688
750,25,Pleural_Effusion,27,723
750,25,Atelectasis,25,725
750,25,Consolidation,18,732
750,26,Cardiomegaly,69,681
750,26,Pleural_Effusion,31,719
750,26,Atelectasis,20,730
750,26,Consolidation,16,734
750,27,Cardiomegaly,69,681
750,27,Pleural_Effusion,27,723
750,27,Atelectasis,21,729
750,27,Consolidation,25,725
750,28,Cardiomegaly,73,677
750,28,Pleural_Effusion,32,718
750,28,Atelectasis,28,722
750,28,Consolidation,23,727
750,29,Cardiomegaly,72,678
750,29,Pleural_Effusion,32,718
750,29,Atelectasis,22,728
750,29,Consolidation,21,729
750,30,Cardiomegaly,73,677
750,30,Pleural_Effusion,34,716
750,30,Atelectasis,22,728
750,30,Consolidation,25,725
750,31,Cardiomegaly,75,675
750,31,Pleural_Effusion,29,721
750,31,Atelectasis,20,730
750,31,Consolidation,25,725
750,32,Cardiomegaly,61,689
750,32,Pleural_Effusion,36,714
750,32,Atelectasis,21,729
750,32,Consolidation,19,731
750,33,Cardiomegaly,72,678
750,33,Pleural_Effusion,32,718
750,33,Atelectasis,22,728
750,33,Consolidation,23,727
750,34,Cardiomegaly,65,685
750,34,Pleural_Effusion,28,722
750,34,Atelectasis,18,732
750,34,Consolidation,21,729
750,35,Cardiomegaly,71,679
750,35,Pleural_Effusion,33,717
750,35,Atelectasis,25,725
750,35,Consolidation,27,723
750,36,Cardiomegaly,73,677
750,36,Pleural_Effusion,35,715
750,36,Atelectasis,25,725
750,36,Consolidation,22,728
750,37,Cardiomegaly,74,676
750,37,Pleural_Effusion,31,719
750,37,Atelectasis,20,730
750,37,Consolidation,24,726
750,38,Cardiomegaly,71,679
750,38,Pleural_Effusion,36,714
750,38,Atelectasis,26,724
750,38,Consolidation,25,725
750,39,Cardiomegaly,64,686
750,39,Pleural_Effusion,31,719
750,39,Atelectasis,21,729
750,39,Consolidation,23,727
750,40,Cardiomegaly,72,678
750,40,Pleural_Effusion,34,716
750,40,Atelectasis,20,730
750,40,Consolidation,24,726
750,41,Cardiomegaly,61,689
750,41,Pleural_Effusion,30,720
750,41,Atelectasis,21,729
750,41,Consolidation,22,728
750,42,Cardiomegaly,64,686
750,42,Pleural_Effusion,31,719
750,42,Atelectasis,19,731
750,42,Consolidation,23,727
750,43,Cardiomegaly,72,678
750,43,Pleural_Effusion,28,722
750,43,Atelectasis,25,725
750,43,Consolidation,27,723
750,44,Cardiomegaly,66,684
750,44,Pleural_Effusion,33,717
750,44,Atelectasis,22,728
750,44,Consolidation,22,728
750,45,Cardiomegaly,69,681
750,45,Pleural_Effusion,33,717
750,45,Atelectasis,19,731
750,45,Consolidation,19,731
750,46,Cardiomegaly,66,684
750,46,Pleural_Effusion,27,723
750,46,Atelectasis,20,730
750,46,Consolidation,21,729
750,47,Cardiomegaly,69,681
750,47,Pleural_Effusion,36,714
750,47,Atelectasis,21,729
750,47,Consolidation,21,729
750,48,Cardiomegaly,69,681
750,48,Pleural_Effusion,37,713
750,48,Atelectasis,24,726
750,48,Consolidation,26,724
750,49,Cardiomegaly,72,678
750,49,Pleural_Effusion,29,721
750,49,Atelectasis,21,729
750,49,Consolidation,22,728
750,50,Cardiomegaly,68,682
750,50,Pleural_Effusion,26,724
750,50,Atelectasis,22,728
750,50,Consolidation,25,725
750,51,Cardiomegaly,76,674
750,51,Pleural_Effusion,35,715
750,51,Atelectasis,25,725
750,51,Consolidation,25,725
750,52,Cardiomegaly,65,685
750,52,Pleural_Effusion,33,717
750,52,Atelectasis,23,727
750,52,Consolidation,22,728
750,53,Cardiomegaly,63,687
750,53,Pleural_Effusion,29,721
750,53,Atelectasis,21,729
750,53,Consolidation,23,727
750,54,Cardiomegaly,78,672
750,54,Pleural_Effusion,36,714
750,54,Atelectasis,26,724
750,54,Consolidation,25,725
750,55,Cardiomegaly,69,681
750,55,Pleural_Effusion,27,723
750,55,Atelectasis,20,730
750,55,Consolidation,22,728
750,56,Cardiomegaly,72,678
750,56,Pleural_Effusion,30,720
750,56,Atelectasis,21,729
750,56,Consolidation,23,727
750,57,Cardiomegaly,75,675
750,57,Pleural_Effusion,31,719
750,57,Atelectasis,22,728
750,57,Consolidation,21,729
750,58,Cardiomegaly,72,678
750,58,Pleural_Effusion,31,719
750,58,Atelectasis,22,728
750,58,Consolidation,22,728
750,59,Cardiomegaly,66,684
750,59,Pleural_Effusion,31,719
750,59,Atelectasis,19,731
750,59,Consolidation,22,728
750,60,Cardiomegaly,62,688
750,60,Pleural_Effusion,31,719
750,60,Atelectasis,21,729
750,60,Consolidation,19,731
750,61,Cardiomegaly,73,677
750,61,Pleural_Effusion,35,715
750,61,Atelectasis,23,727
750,61,Consolidation,25,725
750,62,Cardiomegaly,66,684
750,62,Pleural_Effusion,31,719
750,62,Atelectasis,24,726
750,62,Consolidation,26,724
750,63,Cardiomegaly,71,679
750,63,Pleural_Effusion,33,717
750,63,Atelectasis,24,726
750,63,Consolidation,28,722
750,64,Cardiomegaly,64,686
750,64,Pleural_Effusion,35,715
750,64,Atelectasis,23,727
750,64,Consolidation,23,727
750,65,Cardiomegaly,71,679
750,65,Pleural_Effusion,35,715
750,65,Atelectasis,21,729
750,65,Consolidation,19,731
750,66,Cardiomegaly,63,687
750,66,Pleural_Effusion,31,719
750,66,Atelectasis,20,730
750,66,Consolidation,25,725
750,67,Cardiomegaly,62,688
750,67,Pleural_Effusion,29,721
750,67,Atelectasis,24,726
750,67,Consolidation,21,729
750,68,Cardiomegaly,65,685
750,68,Pleural_Effusion,28,722
750,68,Atelectasis,20,730
750,68,Consolidation,24,726
750,69,Cardiomegaly,77,673
750,69,Pleural_Effusion,34,716
750,69,Atelectasis,19,731
750,69,Consolidation,24,726
750,70,Cardiomegaly,67,683
750,70,Pleural_Effusion,36,714
750,70,Atelectasis,24,726
750,70,Consolidation,21,729
750,71,Cardiomegaly,68,682
750,71,Pleural_Effusion,30,720
750,71,Atelectasis,21,729
750,71,Consolidation,23,727
750,72,Cardiomegaly,66,684
750,72,Pleural_Effusion,34,716
750,72,Atelectasis,20,730
750,72,Consolidation,27,723
750,73,Cardiomegaly,69,681
750,73,Pleural_Effusion,34,716
750,73,Atelectasis,22,728
750,73,Consolidation,24,726
750,74,Cardiomegaly,66,684
750,74,Pleural_Effusion,33,717
750,74,Atelectasis,23,727
750,74,Consolidation,23,727
750,75,Cardiomegaly,68,682
750,75,Pleural_Effusion,30,720
750,75,Atelectasis,25,725
750,75,Consolidation,18,732
750,76,Cardiomegaly,59,691
750,76,Pleural_Effusion,31,719
750,76,Atelectasis,21,729
750,76,Consolidation,18,732
750,77,Cardiomegaly,70,680
750,77,Pleural_Effusion,28,722
750,77,Atelectasis,20,730
750,77,Consolidation,18,732
750,78,Cardiomegaly,66,684
750,78,Pleural_Effusion,30,720
750,78,Atelectasis,24,726
750,78,Consolidation,23,727
750,79,Cardiomegaly,69,681
750,79,Pleural_Effusion,34,716
750,79,Atelectasis,22,728
750,79,Consolidation,20,730
750,80,Cardiomegaly,67,683
750,80,Pleural_Effusion,33,717
750,80,Atelectasis,21,729
750,80,Consolidation,23,727
750,81,Cardiomegaly,66,684
750,81,Pleural_Effusion,31,719
750,81,Atelectasis,21,729
750,81,Consolidation,20,730
750,82,Cardiomegaly,76,674
750,82,Pleural_Effusion,32,718
750,82,Atelectasis,22,728
750,82,Consolidation,23,727
750,83,Cardiomegaly,68,682
750,83,Pleural_Effusion,28,722
750,83,Atelectasis,24,726
750,83,Consolidation,19,731
750,84,Cardiomegaly,58,692
750,84,Pleural_Effusion,30,720
750,84,Atelectasis,22,728
750,84,Consolidation,22,728
750,85,Cardiomegaly,69,681
750,85,Pleural_Effusion,24,726
750,85,Atelectasis,18,732
750,85,Consolidation,24,726
750,86,Cardiomegaly,68,682
750,86,Pleural_Effusion,28,722
750,86,Atelectasis,17,733
750,86,Consolidation,24,726
750,87,Cardiomegaly,75,675
750,87,Pleural_Effusion,34,716
750,87,Atelectasis,18,732
750,87,Consolidation,28,722
750,88,Cardiomegaly,65,685
750,88,Pleural_Effusion,28,722
750,88,Atelectasis,24,726
750,88,Consolidation,24,726
750,89,Cardiomegaly,73,677
750,89,Pleural_Effusion,31,719
750,89,Atelectasis,20,730
750,89,Consolidation,20,730
750,90,Cardiomegaly,65,685
750,90,Pleural_Effusion,23,727
750,90,Atelectasis,19,731
750,90,Consolidation,23,727
750,91,Cardiomegaly,65,685
750,91,Pleural_Effusion,32,718
750,91,Atelectasis,21,729
750,91,Consolidation,28,722
750,92,Cardiomegaly,71,679
750,92,Pleural_Effusion,32,718
750,92,Atelectasis,16,734
750,92,Consolidation,24,726
750,93,Cardiomegaly,65,685
750,93,Pleural_Effusion,35,715
750,93,Atelectasis,22,728
750,93,Consolidation,22,728
750,94,Cardiomegaly,73,677
750,94,Pleural_Effusion,36,714
750,94,Atelectasis,25,725
750,94,Consolidation,23,727
750,95,Cardiomegaly,67,683
750,95,Pleural_Effusion,36,714
750,95,Atelectasis,23,727
750,95,Consolidation,23,727
750,96,Cardiomegaly,70,680
750,96,Pleural_Effusion,30,720
750,96,Atelectasis,21,729
750,96,Consolidation,25,725
750,97,Cardiomegaly,66,684
750,97,Pleural_Effusion,26,724
750,97,Atelectasis,23,727
750,97,Consolidation,25,725
750,98,Cardiomegaly,72,678
750,98,Pleural_Effusion,32,718
750,98,Atelectasis,21,729
750,98,Consolidation,26,724
750,99,Cardiomegaly,71,679
750,99,Pleural_Effusion,30,720
750,99,Atelectasis,21,729
750,99,Consolidation,22,728
750,100,Cardiomegaly,58,692
750,100,Pleural_Effusion,33,717
750,100,Atelectasis,21,729
750,100,Consolidation,25,725
750,101,Cardiomegaly,66,684
750,101,Pleural_Effusion,30,720
750,101,Atelectasis,24,726
750,101,Consolidation,23,727
750,102,Cardiomegaly,69,681
750,102,Pleural_Effusion,31,719
750,102,Atelectasis,17,733
750,102,Consolidation,21,729
750,103,Cardiomegaly,69,681
750,103,Pleural_Effusion,36,714
750,103,Atelectasis,21,729
750,103,Consolidation,24,726
750,104,Cardiomegaly,70,680
750,104,Pleural_Effusion,32,718
750,104,Atelectasis,22,728
750,104,Consolidation,22,728
750,105,Cardiomegaly,75,675
750,105,Pleural_Effusion,33,717
750,105,Atelectasis,22,728
750,105,Consolidation,23,727
750,106,Cardiomegaly,72,678
750,106,Pleural_Effusion,29,721
750,106,Atelectasis,19,731
750,106,Consolidation,25,725
750,107,Cardiomegaly,73,677
750,107,Pleural_Effusion,31,719
750,107,Atelectasis,22,728
750,107,Consolidation,25,725
750,108,Cardiomegaly,73,677
750,108,Pleural_Effusion,34,716
750,108,Atelectasis,24,726
750,108,Consolidation,23,727
750,109,Cardiomegaly,69,681
750,109,Pleural_Effusion,35,715
750,109,Atelectasis,25,725
750,109,Consolidation,27,723
750,110,Cardiomegaly,70,680
750,110,Pleural_Effusion,37,713
750,110,Atelectasis,23,727
750,110,Consolidation,26,724
750,111,Cardiomegaly,68,682
750,111,Pleural_Effusion,26,724
750,111,Atelectasis,26,724
750,111,Consolidation,24,726
750,112,Cardiomegaly,67,683
750,112,Pleural_Effusion,36,714
750,112,Atelectasis,22,728
750,112,Consolidation,27,723
750,113,Cardiomegaly,68,682
750,113,Pleural_Effusion,30,720
750,113,Atelectasis,19,731
750,113,Consolidation,21,729
750,114,Cardiomegaly,72,678
750,114,Pleural_Effusion,32,718
750,114,Atelectasis,24,726
750,114,Consolidation,23,727
750,115,Cardiomegaly,66,684
750,115,Pleural_Effusion,31,719
750,115,Atelectasis,20,730
750,115,Consolidation,22,728
750,116,Cardiomegaly,66,684
750,116,Pleural_Effusion,29,721
750,116,Atelectasis,21,729
750,116,Consolidation,22,728
750,117,Cardiomegaly,72,678
750,117,Pleural_Effusion,31,719
750,117,Atelectasis,23,727
750,117,Consolidation,26,724
750,118,Cardiomegaly,66,684
750,118,Pleural_Effusion,29,721
750,118,Atelectasis,19,731
750,118,Consolidation,22,728
750,119,Cardiomegaly,69,681
750,119,Pleural_Effusion,34,716
750,119,Atelectasis,22,728
750,119,Consolidation,24,726
750,120,Cardiomegaly,61,689
750,120,Pleural_Effusion,31,719
750,120,Atelectasis,22,728
750,120,Consolidation,21,729
750,121,Cardiomegaly,71,679
750,121,Pleural_Effusion,31,719
750,121,Atelectasis,19,731
750,121,Consolidation,23,727
750,122,Cardiomegaly,73,677
750,122,Pleural_Effusion,32,718
750,122,Atelectasis,22,728
750,122,Consolidation,25,725
750,123,Cardiomegaly,63,687
750,123,Pleural_Effusion,25,725
750,123,Atelectasis,19,731
750,123,Consolidation,22,728
750,124,Cardiomegaly,76,674
750,124,Pleural_Effusion,31,719
750,124,Atelectasis,23,727
750,124,Consolidation,29,721
750,125,Cardiomegaly,67,683
750,125,Pleural_Effusion,35,715
750,125,Atelectasis,21,729
750,125,Consolidation,27,723
750,126,Cardiomegaly,74,676
750,126,Pleural_Effusion,32,718
750,126,Atelectasis,24,726
750,126,Consolidation,20,730
750,127,Cardiomegaly,73,677
750,127,Pleural_Effusion,30,720
750,127,Atelectasis,20,730
750,127,Consolidation,28,722
750,128,Cardiomegaly,70,680
750,128,Pleural_Effusion,28,722
750,128,Atelectasis,22,728
750,128,Consolidation,25,725
750,129,Cardiomegaly,69,681
750,129,Pleural_Effusion,34,716
750,129,Atelectasis,23,727
750,129,Consolidation,23,727
750,130,Cardiomegaly,67,683
750,130,Pleural_Effusion,31,719
750,130,Atelectasis,20,730
750,130,Consolidation,23,727
750,131,Cardiomegaly,73,677
750,131,Pleural_Effusion,29,721
750,131,Atelectasis,23,727
750,131,Consolidation,25,725
750,132,Cardiomegaly,68,682
750,132,Pleural_Effusion,32,718
750,132,Atelectasis,20,730
750,132,Consolidation,27,723
750,133,Cardiomegaly,61,689
750,133,Pleural_Effusion,32,718
750,133,Atelectasis,20,730
750,133,Consolidation,24,726
750,134,Cardiomegaly,65,685
750,134,Pleural_Effusion,35,715
750,134,Atelectasis,22,728
750,134,Consolidation,25,725
750,135,Cardiomegaly,70,680
750,135,Pleural_Effusion,31,719
750,135,Atelectasis,21,729
750,135,Consolidation,24,726
750,136,Cardiomegaly,77,673
750,136,Pleural_Effusion,33,717
750,136,Atelectasis,21,729
750,136,Consolidation,24,726
750,137,Cardiomegaly,67,683
750,137,Pleural_Effusion,27,723
750,137,Atelectasis,23,727
750,137,Consolidation,25,725
750,138,Cardiomegaly,73,677
750,138,Pleural_Effusion,32,718
750,138,Atelectasis,21,729
750,138,Consolidation,26,724
750,139,Cardiomegaly,72,678
750,139,Pleural_Effusion,29,721
750,139,Atelectasis,23,727
750,139,Consolidation,22,728
750,140,Cardiomegaly,70,680
750,140,Pleural_Effusion,34,716
750,140,Atelectasis,26,724
750,140,Consolidation,25,725
750,141,Cardiomegaly,68,682
750,141,Pleural_Effusion,33,717
750,141,Atelectasis,23,727
750,141,Consolidation,20,730
750,142,Cardiomegaly,63,687
750,142,Pleural_Effusion,33,717
750,142,Atelectasis,23,727
750,142,Consolidation,25,725
750,143,Cardiomegaly,64,686
750,143,Pleural_Effusion,33,717
750,143,Atelectasis,23,727
750,143,Consolidation,26,724
750,144,Cardiomegaly,66,684
750,144,Pleural_Effusion,34,716
750,144,Atelectasis,21,729
750,144,Consolidation,22,728
750,145,Cardiomegaly,68,682
750,145,Pleural_Effusion,32,718
750,145,Atelectasis,24,726
750,145,Consolidation,22,728
750,146,Cardiomegaly,73,677
750,146,Pleural_Effusion,34,716
750,146,Atelectasis,24,726
750,146,Consolidation,23,727
750,147,Cardiomegaly,70,680
750,147,Pleural_Effusion,32,718
750,147,Atelectasis,20,730
750,147,Consolidation,22,728
750,148,Cardiomegaly,70,680
750,148,Pleural_Effusion,33,717
750,148,Atelectasis,20,730
750,148,Consolidation,26,724
750,149,Cardiomegaly,69,681
750,149,Pleural_Effusion,30,720
750,149,Atelectasis,27,723
750,149,Consolidation,25,725
750,150,Cardiomegaly,68,682
750,150,Pleural_Effusion,34,716
750,150,Atelectasis,22,728
750,150,Consolidation,22,728
750,151,Cardiomegaly,62,688
750,151,Pleural_Effusion,30,720
750,151,Atelectasis,22,728
750,151,Consolidation,22,728
750,152,Cardiomegaly,58,692
750,152,Pleural_Effusion,34,716
750,152,Atelectasis,22,728
750,152,Consolidation,26,724
750,153,Cardiomegaly,71,679
750,153,Pleural_Effusion,33,717
750,153,Atelectasis,24,726
750,153,Consolidation,23,727
750,154,Cardiomegaly,62,688
750,154,Pleural_Effusion,33,717
750,154,Atelectasis,22,728
750,154,Consolidation,24,726
750,155,Cardiomegaly,61,689
750,155,Pleural_Effusion,31,719
750,155,Atelectasis,24,726
750,155,Consolidation,21,729
750,156,Cardiomegaly,67,683
750,156,Pleural_Effusion,30,720
750,156,Atelectasis,22,728
750,156,Consolidation,24,726
750,157,Cardiomegaly,69,681
750,157,Pleural_Effusion,36,714
750,157,Atelectasis,23,727
750,157,Consolidation,24,726
750,158,Cardiomegaly,67,683
750,158,Pleural_Effusion,27,723
750,158,Atelectasis,20,730
750,158,Consolidation,22,728
750,159,Cardiomegaly,63,687
750,159,Pleural_Effusion,30,720
750,159,Atelectasis,22,728
750,159,Consolidation,24,726
750,160,Cardiomegaly,66,684
750,160,Pleural_Effusion,29,721
750,160,Atelectasis,21,729
750,160,Consolidation,22,728
750,161,Cardiomegaly,70,680
750,161,Pleural_Effusion,33,717
750,161,Atelectasis,24,726
750,161,Consolidation,24,726
750,162,Cardiomegaly,63,687
750,162,Pleural_Effusion,26,724
750,162,Atelectasis,23,727
750,162,Consolidation,22,728
750,163,Cardiomegaly,68,682
750,163,Pleural_Effusion,34,716
750,163,Atelectasis,25,725
750,163,Consolidation,27,723
750,164,Cardiomegaly,66,684
750,164,Pleural_Effusion,28,722
750,164,Atelectasis,22,728
750,164,Consolidation,18,732
750,165,Cardiomegaly,66,684
750,165,Pleural_Effusion,36,714
750,165,Atelectasis,22,728
750,165,Consolidation,24,726
750,166,Cardiomegaly,74,676
750,166,Pleural_Effusion,35,715
750,166,Atelectasis,22,728
750,166,Consolidation,21,729
750,167,Cardiomegaly,71,679
750,167,Pleural_Effusion,32,718
750,167,Atelectasis,24,726
750,167,Consolidation,24,726
750,168,Cardiomegaly,71,679
750,168,Pleural_Effusion,32,718
750,168,Atelectasis,23,727
750,168,Consolidation,24,726
750,169,Cardiomegaly,69,681
750,169,Pleural_Effusion,38,712
750,169,Atelectasis,24,726
750,169,Consolidation,22,728
750,170,Cardiomegaly,66,684
750,170,Pleural_Effusion,33,717
750,170,Atelectasis,22,728
750,170,Consolidation,24,726
750,171,Cardiomegaly,71,679
750,171,Pleural_Effusion,28,722
750,171,Atelectasis,17,733
750,171,Consolidation,24,726
750,172,Cardiomegaly,64,686
750,172,Pleural_Effusion,35,715
750,172,Atelectasis,21,729
750,172,Consolidation,26,724
750,173,Cardiomegaly,70,680
750,173,Pleural_Effusion,31,719
750,173,Atelectasis,24,726
750,173,Consolidation,22,728
750,174,Cardiomegaly,67,683
750,174,Pleural_Effusion,36,714
750,174,Atelectasis,23,727
750,174,Consolidation,27,723
750,175,Cardiomegaly,73,677
750,175,Pleural_Effusion,24,726
750,175,Atelectasis,19,731
750,175,Consolidation,24,726
750,176,Cardiomegaly,62,688
750,176,Pleural_Effusion,33,717
750,176,Atelectasis,23,727
750,176,Consolidation,21,729
750,177,Cardiomegaly,76,674
750,177,Pleural_Effusion,33,717
750,177,Atelectasis,22,728
750,177,Consolidation,25,725
750,178,Cardiomegaly,72,678
750,178,Pleural_Effusion,26,724
750,178,Atelectasis,21,729
750,178,Consolidation,22,728
750,179,Cardiomegaly,68,682
750,179,Pleural_Effusion,33,717
750,179,Atelectasis,27,723
750,179,Consolidation,24,726
750,180,Cardiomegaly,64,686
750,180,Pleural_Effusion,35,715
750,180,Atelectasis,23,727
750,180,Consolidation,24,726
750,181,Cardiomegaly,74,676
750,181,Pleural_Effusion,31,719
750,181,Atelectasis,26,724
750,181,Consolidation,27,723
750,182,Cardiomegaly,63,687
750,182,Pleural_Effusion,27,723
750,182,Atelectasis,23,727
750,182,Consolidation,22,728
750,183,Cardiomegaly,69,681
750,183,Pleural_Effusion,35,715
750,183,Atelectasis,20,730
750,183,Consolidation,24,726
750,184,Cardiomegaly,65,685
750,184,Pleural_Effusion,32,718
750,184,Atelectasis,23,727
750,184,Consolidation,25,725
750,185,Cardiomegaly,61,689
750,185,Pleural_Effusion,31,719
750,185,Atelectasis,22,728
750,185,Consolidation,26,724
750,186,Cardiomegaly,73,677
750,186,Pleural_Effusion,31,719
750,186,Atelectasis,20,730
750,186,Consolidation,22,728
750,187,Cardiomegaly,75,675
750,187,Pleural_Effusion,28,722
750,187,Atelectasis,19,731
750,187,Consolidation,22,728
750,188,Cardiomegaly,66,684
750,188,Pleural_Effusion,34,716
750,188,Atelectasis,23,727
750,188,Consolidation,20,730
750,189,Cardiomegaly,62,688
750,189,Pleural_Effusion,33,717
750,189,Atelectasis,23,727
750,189,Consolidation,23,727
750,190,Cardiomegaly,62,688
750,190,Pleural_Effusion,31,719
750,190,Atelectasis,22,728
750,190,Consolidation,25,725
750,191,Cardiomegaly,69,681
750,191,Pleural_Effusion,33,717
750,191,Atelectasis,23,727
750,191,Consolidation,26,724
750,192,Cardiomegaly,69,681
750,192,Pleural_Effusion,33,717
750,192,Atelectasis,20,730
750,192,Consolidation,19,731
750,193,Cardiomegaly,66,684
750,193,Pleural_Effusion,30,720
750,193,Atelectasis,22,728
750,193,Consolidation,21,729
750,194,Cardiomegaly,72,678
750,194,Pleural_Effusion,33,717
750,194,Atelectasis,22,728
750,194,Consolidation,24,726
750,195,Cardiomegaly,68,682
750,195,Pleural_Effusion,30,720
750,195,Atelectasis,20,730
750,195,Consolidation,28,722
750,196,Cardiomegaly,70,680
750,196,Pleural_Effusion,32,718
750,196,Atelectasis,26,724
750,196,Consolidation,27,723
750,197,Cardiomegaly,64,686
750,197,Pleural_Effusion,32,718
750,197,Atelectasis,24,726
750,197,Consolidation,18,732
750,198,Cardiomegaly,64,686
750,198,Pleural_Effusion,34,716
750,198,Atelectasis,24,726
750,198,Consolidation,23,727
750,199,Cardiomegaly,60,690
750,199,Pleural_Effusion,34,716
750,199,Atelectasis,23,727
750,199,Consolidation,20,730
1000,0,Cardiomegaly,91,909
1000,0,Pleural_Effusion,42,958
1000,0,Atelectasis,29,971
1000,0,Consolidation,31,969
