source,head_budget,head_loss,finding,AUROC,Brier,recalibrated_Brier,empirical_sensitivity,empirical_specificity,guarded_sensitivity,guarded_specificity
chexpert,250,balanced,Cardiomegaly,0.9288673345757954,0.0703917271560895,0.05542548731949593,0.8628950050968399,0.8297792742237187,0.9250764525993884,0.7336326225215114
chexpert,250,balanced,Pleural_Effusion,0.9763332557784632,0.0217785525199468,0.015659350319823444,0.9001610305958132,0.9560964382300478,0.9726247987117552,0.7759940157661546
chexpert,250,unweighted,Cardiomegaly,0.9319463178620501,0.05459555192007225,0.054451891661631266,0.8598369011213047,0.8426237685496945,0.926605504587156,0.7401172215987031
chexpert,250,unweighted,Pleural_Effusion,0.9781745585001388,0.01581257897338829,0.015556167578116743,0.8985507246376812,0.9573623338511997,0.9774557165861515,0.7811726796708671
chexpert,500,balanced,Atelectasis,0.7834331066988108,0.033403231475747,0.0265209456461775,0.8538011695906432,0.5170698232973066,0.9532163742690059,0.1705266769600274
chexpert,500,balanced,Cardiomegaly,0.9352635541048725,0.07048112539153384,0.05309546832278199,0.8435270132517839,0.861952861952862,0.9378185524974515,0.7384337199152013
chexpert,500,balanced,Consolidation,0.8911654409328827,0.025513774723503118,0.02458327648601748,0.882051282051282,0.696124031007752,0.9666666666666668,0.19302325581395344
chexpert,500,balanced,Pleural_Effusion,0.9788700505607717,0.021915361046604933,0.015130459360382443,0.8824476650563606,0.9688129351516197,0.9742351046698874,0.8399217446343288
chexpert,500,unweighted,Atelectasis,0.8163237051283209,0.027256584446719,0.0264084931477556,0.8362573099415206,0.627551895693944,0.9415204678362574,0.22285126093669574
chexpert,500,unweighted,Cardiomegaly,0.9390584403326502,0.05194085133423577,0.05224346529596258,0.8557594291539246,0.8559047262750966,0.9342507645259938,0.7506546950991395
chexpert,500,unweighted,Consolidation,0.9046379116146559,0.02684912375882523,0.024094784711123887,0.8794871794871795,0.7823428079242033,0.9820512820512821,0.21576227390180877
chexpert,500,unweighted,Pleural_Effusion,0.979677288348173,0.015020268175124578,0.014878700641894822,0.8840579710144927,0.9694458829621957,0.9758454106280193,0.8167903791932792
chexpert,1000,balanced,Atelectasis,0.8318179218848286,0.031168257140433475,0.026395082117382555,0.8752436647173489,0.5708240407159604,0.9454191033138402,0.2423514610853777
chexpert,1000,balanced,Cardiomegaly,0.9481967139969179,0.06851126144357057,0.04988621099594482,0.8506625891946993,0.8879536101758324,0.9388379204892965,0.7844494325975808
chexpert,1000,balanced,Consolidation,0.8818489807637094,0.026557234225700256,0.02528852518195291,0.8495726495726497,0.7720356014929659,0.9555555555555555,0.3019810508182601
chexpert,1000,balanced,Pleural_Effusion,0.9772422322126239,0.019906242593052587,0.014877907586867224,0.8486312399355878,0.974567006156856,0.9581320450885669,0.8662753898383105
chexpert,1000,unweighted,Atelectasis,0.853054750446196,0.02772612640481609,0.026261601513520347,0.8869395711500975,0.6317264253445417,0.9415204678362572,0.3194944816149139
chexpert,1000,unweighted,Cardiomegaly,0.9503478550369479,0.04845785944918751,0.049072197436937734,0.8542303771661569,0.891258261628632,0.9393476044852191,0.7970445192667415
chexpert,1000,unweighted,Consolidation,0.899257492435787,0.02754585201560581,0.02453223731236911,0.8632478632478633,0.7965546942291128,0.964102564102564,0.3140970427792133
chexpert,1000,unweighted,Pleural_Effusion,0.9779885935966364,0.014423655932114289,0.014455559695249646,0.8470209339774557,0.9750848725473271,0.9694041867954911,0.8458484377697221
chexpert,2000,balanced,Atelectasis,0.7802698545987545,0.0296934086112689,0.02647349361315799,0.9142300194931775,0.34968833990964715,0.9629629629629631,0.1876822782638531
chexpert,2000,balanced,Cardiomegaly,0.9483840557574842,0.06948346929754745,0.0508469343129011,0.8435270132517839,0.8974934530490086,0.935270132517839,0.7970445192667415
chexpert,2000,balanced,Consolidation,0.8817897921773891,0.0257893956030034,0.024471567644395936,0.8615384615384616,0.7194372667240885,0.947008547008547,0.3463106517370083
chexpert,2000,balanced,Pleural_Effusion,0.9744160660333853,0.021067221761771643,0.015417217192424143,0.8438003220611916,0.9750848725473271,0.9404186795491144,0.9215144714885781
chexpert,2000,unweighted,Atelectasis,0.8395379424715502,0.027590958415354812,0.026072325789756778,0.8986354775828461,0.5454337507862984,0.9551656920077973,0.29947961342711726
chexpert,2000,unweighted,Cardiomegaly,0.9516515248761256,0.048904230738659356,0.04959237773824592,0.8435270132517839,0.9034168848983664,0.9413863404689093,0.8018456166604315
chexpert,2000,unweighted,Consolidation,0.9024563263322953,0.026536441079448234,0.023707669003788734,0.8769230769230769,0.7758828596037898,0.964102564102564,0.33878840080390465
chexpert,2000,unweighted,Pleural_Effusion,0.9760839127015698,0.01489918178255169,0.014837392169070644,0.8421900161030595,0.9761206053282697,0.9468599033816426,0.9116750100696243
nih,250,balanced,Cardiomegaly,0.927656620572013,0.07435667126968687,0.059178636524020604,0.8848114169215087,0.819553560294301,0.9327217125382263,0.731325601695972
nih,250,balanced,Pleural_Effusion,0.9695334449122756,0.024104324067634856,0.016882302218253143,0.8389694041867954,0.9349214569307784,0.9645732689210951,0.8131653144599804
nih,250,unweighted,Cardiomegaly,0.9287400565857923,0.05866453232938704,0.05877147381643345,0.873598369011213,0.8226088040902856,0.9311926605504587,0.7369996258885148
nih,250,unweighted,Pleural_Effusion,0.9714222812639943,0.01675280012534039,0.01638296899594551,0.8438003220611916,0.9409056907762241,0.9645732689210951,0.8270901662926521
nih,500,balanced,Atelectasis,0.8275139727857987,0.032303633020598466,0.02700468645517193,0.888888888888889,0.5812317721736147,0.9298245614035089,0.4487905301080803
nih,500,balanced,Cardiomegaly,0.9355286927492161,0.07242329559370488,0.05612474287881797,0.8710499490316004,0.8443696221474,0.9332313965341488,0.764683875794987
nih,500,balanced,Consolidation,0.8686053137215929,0.028210823666407883,0.0270405121654476,0.8794871794871795,0.5472006890611542,0.9974358974358974,0.07614125753660632
nih,500,balanced,Pleural_Effusion,0.9735437822259249,0.024196642360074565,0.015449669698351,0.8518518518518519,0.9528166177570631,0.9533011272141708,0.841532884515795
nih,500,unweighted,Atelectasis,0.8447177301634597,0.027471623711624604,0.026895973906287868,0.8947368421052632,0.6157145307943043,0.9239766081871346,0.5488076857093841
nih,500,unweighted,Cardiomegaly,0.93667848492857,0.05590957878423914,0.055753914300135925,0.8659531090723751,0.8492954233694975,0.9322120285423038,0.7694226212744731
nih,500,unweighted,Consolidation,0.8789955608560259,0.028955722889240487,0.026786933177993664,0.8871794871794871,0.5883720930232558,0.9974358974358974,0.07829457364341082
nih,500,unweighted,Pleural_Effusion,0.9746937625036379,0.015327434123072322,0.015157084603774122,0.8534621578099839,0.9545428390586339,0.961352657004831,0.8505092352839634
nih,1000,balanced,Atelectasis,0.8375996604996794,0.02997877362141951,0.026746884426873577,0.8908382066276803,0.5767141304969406,0.939571150097466,0.43283582089552236
nih,1000,balanced,Cardiomegaly,0.9469839978674501,0.07279169975864054,0.05249136635953003,0.8705402650356778,0.8754832273350792,0.920998980632008,0.8257887517146777
nih,1000,balanced,Consolidation,0.8395865633074935,0.029027082970964464,0.027932597479449976,0.9008547008547008,0.4976744186046511,0.982905982905983,0.20200976169968415
nih,1000,balanced,Pleural_Effusion,0.9734653934325203,0.022389929474352234,0.014868432899255312,0.8357487922705313,0.9517808849761207,0.9307568438003221,0.8852062834455378
nih,1000,unweighted,Atelectasis,0.8559451181278523,0.02778868849906561,0.02655975421678571,0.8791423001949318,0.6546005604163093,0.9376218323586745,0.4896780465488648
nih,1000,unweighted,Cardiomegaly,0.9471092737317678,0.052020739876128645,0.05233827200090249,0.8710499490316005,0.8789749345304901,0.916921508664628,0.8255393440578627
nih,1000,unweighted,Consolidation,0.8646772234369133,0.029609254077300647,0.02743051842083949,0.9059829059829059,0.5368934826299168,0.9863247863247864,0.19104220499569335
nih,1000,unweighted,Pleural_Effusion,0.9747888297637244,0.0144939070455962,0.0144997328918837,0.8405797101449275,0.9575349559813569,0.925925925925926,0.8914782208412453
nih,2000,balanced,Atelectasis,0.8234166935036453,0.029529549077457733,0.02684561625159258,0.8966861598440546,0.5448047120718248,0.9512670565302144,0.37016069079887914
nih,2000,balanced,Cardiomegaly,0.950258331417013,0.07131920721147536,0.05105616787872713,0.8613659531090724,0.8838383838383838,0.9250764525993884,0.8337697967327596
nih,2000,balanced,Consolidation,0.8532714945118046,0.029168926644267155,0.027353517158718244,0.8905982905982905,0.5568762561010623,0.9863247863247864,0.19850703416594886
nih,2000,balanced,Pleural_Effusion,0.972768233525219,0.022132855808280436,0.014502079947260346,0.8148148148148148,0.963749352667012,0.9291465378421901,0.8848610391852235
nih,2000,unweighted,Atelectasis,0.8558387734647994,0.027899416037452978,0.026552679982769133,0.8752436647173489,0.6495682507005204,0.9571150097465887,0.4554812146165723
nih,2000,unweighted,Cardiomegaly,0.9510354422009196,0.0503346449954535,0.050551097473182344,0.8577981651376148,0.8880159620900362,0.9250764525993884,0.8343933158747974
nih,2000,unweighted,Consolidation,0.8814823648932175,0.0288822510423311,0.026853150864239055,0.9059829059829059,0.6045937410278496,0.9948717948717949,0.18662072925638812
nih,2000,unweighted,Pleural_Effusion,0.9753508940909027,0.014101729073695323,0.01408930787676201,0.8148148148148148,0.9667990102997871,0.9339774557165862,0.8955636112549629
