run_id,source,model_seed,head_budget,sampling_seed,head_loss,finding,fitting_positives,fitting_negatives,status,iterations
chexpert_nall_seed1_densenet121_matched,chexpert,1,250,492001,unweighted,Cardiomegaly,28,222,fitted,24.0
chexpert_nall_seed1_densenet121_matched,chexpert,1,250,492001,unweighted,Pleural_Effusion,10,240,fitted,24.0
chexpert_nall_seed1_densenet121_matched,chexpert,1,250,492001,unweighted,Atelectasis,0,250,fewer_than_five_per_class,
chexpert_nall_seed1_densenet121_matched,chexpert,1,250,492001,unweighted,Consolidation,3,247,fewer_than_five_per_class,
chexpert_nall_seed1_densenet121_matched,chexpert,1,250,492001,balanced,Cardiomegaly,28,222,fitted,27.0
chexpert_nall_seed1_densenet121_matched,chexpert,1,250,492001,balanced,Pleural_Effusion,10,240,fitted,23.0
chexpert_nall_seed1_densenet121_matched,chexpert,1,250,492001,balanced,Atelectasis,0,250,fewer_than_five_per_class,
chexpert_nall_seed1_densenet121_matched,chexpert,1,250,492001,balanced,Consolidation,3,247,fewer_than_five_per_class,
chexpert_nall_seed1_densenet121_matched,chexpert,1,250,492002,unweighted,Cardiomegaly,29,221,fitted,27.0
chexpert_nall_seed1_densenet121_matched,chexpert,1,250,492002,unweighted,Pleural_Effusion,14,236,fitted,22.0
chexpert_nall_seed1_densenet121_matched,chexpert,1,250,492002,unweighted,Atelectasis,1,249,fewer_than_five_per_class,
chexpert_nall_seed1_densenet121_matched,chexpert,1,250,492002,unweighted,Consolidation,3,247,fewer_than_five_per_class,
chexpert_nall_seed1_densenet121_matched,chexpert,1,250,492002,balanced,Cardiomegaly,29,221,fitted,29.0
chexpert_nall_seed1_densenet121_matched,chexpert,1,250,492002,balanced,Pleural_Effusion,14,236,fitted,24.0
chexpert_nall_seed1_densenet121_matched,chexpert,1,250,492002,balanced,Atelectasis,1,249,fewer_than_five_per_class,
chexpert_nall_seed1_densenet121_matched,chexpert,1,250,492002,balanced,Consolidation,3,247,fewer_than_five_per_class,
chexpert_nall_seed1_densenet121_matched,chexpert,1,250,492003,unweighted,Cardiomegaly,28,222,fitted,24.0
chexpert_nall_seed1_densenet121_matched,chexpert,1,250,492003,unweighted,Pleural_Effusion,14,236,fitted,28.0
chexpert_nall_seed1_densenet121_matched,chexpert,1,250,492003,unweighted,Atelectasis,3,247,fewer_than_five_per_class,
chexpert_nall_seed1_densenet121_matched,chexpert,1,250,492003,unweighted,Consolidation,3,247,fewer_than_five_per_class,
chexpert_nall_seed1_densenet121_matched,chexpert,1,250,492003,balanced,Cardiomegaly,28,222,fitted,28.0
chexpert_nall_seed1_densenet121_matched,chexpert,1,250,492003,balanced,Pleural_Effusion,14,236,fitted,25.0
chexpert_nall_seed1_densenet121_matched,chexpert,1,250,492003,balanced,Atelectasis,3,247,fewer_than_five_per_class,
chexpert_nall_seed1_densenet121_matched,chexpert,1,250,492003,balanced,Consolidation,3,247,fewer_than_five_per_class,
chexpert_nall_seed1_densenet121_matched,chexpert,1,500,492001,unweighted,Cardiomegaly,50,450,fitted,27.0
chexpert_nall_seed1_densenet121_matched,chexpert,1,500,492001,unweighted,Pleural_Effusion,27,473,fitted,27.0
chexpert_nall_seed1_densenet121_matched,chexpert,1,500,492001,unweighted,Atelectasis,1,499,fewer_than_five_per_class,
chexpert_nall_seed1_densenet121_matched,chexpert,1,500,492001,unweighted,Consolidation,7,493,fitted,28.0
chexpert_nall_seed1_densenet121_matched,chexpert,1,500,492001,balanced,Cardiomegaly,50,450,fitted,34.0
chexpert_nall_seed1_densenet121_matched,chexpert,1,500,492001,balanced,Pleural_Effusion,27,473,fitted,32.0
chexpert_nall_seed1_densenet121_matched,chexpert,1,500,492001,balanced,Atelectasis,1,499,fewer_than_five_per_class,
chexpert_nall_seed1_densenet121_matched,chexpert,1,500,492001,balanced,Consolidation,7,493,fitted,42.0
chexpert_nall_seed1_densenet121_matched,chexpert,1,500,492002,unweighted,Cardiomegaly,58,442,fitted,33.0
chexpert_nall_seed1_densenet121_matched,chexpert,1,500,492002,unweighted,Pleural_Effusion,33,467,fitted,30.0
chexpert_nall_seed1_densenet121_matched,chexpert,1,500,492002,unweighted,Atelectasis,2,498,fewer_than_five_per_class,
chexpert_nall_seed1_densenet121_matched,chexpert,1,500,492002,unweighted,Consolidation,5,495,fitted,26.0
chexpert_nall_seed1_densenet121_matched,chexpert,1,500,492002,balanced,Cardiomegaly,58,442,fitted,36.0
chexpert_nall_seed1_densenet121_matched,chexpert,1,500,492002,balanced,Pleural_Effusion,33,467,fitted,31.0
chexpert_nall_seed1_densenet121_matched,chexpert,1,500,492002,balanced,Atelectasis,2,498,fewer_than_five_per_class,
chexpert_nall_seed1_densenet121_matched,chexpert,1,500,492002,balanced,Consolidation,5,495,fitted,40.0
chexpert_nall_seed1_densenet121_matched,chexpert,1,500,492003,unweighted,Cardiomegaly,56,444,fitted,29.0
chexpert_nall_seed1_densenet121_matched,chexpert,1,500,492003,unweighted,Pleural_Effusion,27,473,fitted,27.0
chexpert_nall_seed1_densenet121_matched,chexpert,1,500,492003,unweighted,Atelectasis,5,495,fitted,21.0
chexpert_nall_seed1_densenet121_matched,chexpert,1,500,492003,unweighted,Consolidation,4,496,fewer_than_five_per_class,
chexpert_nall_seed1_densenet121_matched,chexpert,1,500,492003,balanced,Cardiomegaly,56,444,fitted,34.0
chexpert_nall_seed1_densenet121_matched,chexpert,1,500,492003,balanced,Pleural_Effusion,27,473,fitted,31.0
chexpert_nall_seed1_densenet121_matched,chexpert,1,500,492003,balanced,Atelectasis,5,495,fitted,31.0
chexpert_nall_seed1_densenet121_matched,chexpert,1,500,492003,balanced,Consolidation,4,496,fewer_than_five_per_class,
chexpert_nall_seed1_densenet121_matched,chexpert,1,1000,492001,unweighted,Cardiomegaly,108,892,fitted,38.0
chexpert_nall_seed1_densenet121_matched,chexpert,1,1000,492001,unweighted,Pleural_Effusion,52,948,fitted,40.0
chexpert_nall_seed1_densenet121_matched,chexpert,1,1000,492001,unweighted,Atelectasis,5,995,fitted,23.0
chexpert_nall_seed1_densenet121_matched,chexpert,1,1000,492001,unweighted,Consolidation,13,987,fitted,29.0
chexpert_nall_seed1_densenet121_matched,chexpert,1,1000,492001,balanced,Cardiomegaly,108,892,fitted,51.0
chexpert_nall_seed1_densenet121_matched,chexpert,1,1000,492001,balanced,Pleural_Effusion,52,948,fitted,42.0
chexpert_nall_seed1_densenet121_matched,chexpert,1,1000,492001,balanced,Atelectasis,5,995,fitted,45.0
chexpert_nall_seed1_densenet121_matched,chexpert,1,1000,492001,balanced,Consolidation,13,987,fitted,56.0
chexpert_nall_seed1_densenet121_matched,chexpert,1,1000,492002,unweighted,Cardiomegaly,112,888,fitted,43.0
chexpert_nall_seed1_densenet121_matched,chexpert,1,1000,492002,unweighted,Pleural_Effusion,50,950,fitted,34.0
chexpert_nall_seed1_densenet121_matched,chexpert,1,1000,492002,unweighted,Atelectasis,5,995,fitted,19.0
chexpert_nall_seed1_densenet121_matched,chexpert,1,1000,492002,unweighted,Consolidation,7,993,fitted,23.0
chexpert_nall_seed1_densenet121_matched,chexpert,1,1000,492002,balanced,Cardiomegaly,112,888,fitted,43.0
chexpert_nall_seed1_densenet121_matched,chexpert,1,1000,492002,balanced,Pleural_Effusion,50,950,fitted,34.0
chexpert_nall_seed1_densenet121_matched,chexpert,1,1000,492002,balanced,Atelectasis,5,995,fitted,36.0
chexpert_nall_seed1_densenet121_matched,chexpert,1,1000,492002,balanced,Consolidation,7,993,fitted,43.0
chexpert_nall_seed1_densenet121_matched,chexpert,1,1000,492003,unweighted,Cardiomegaly,117,883,fitted,39.0
chexpert_nall_seed1_densenet121_matched,chexpert,1,1000,492003,unweighted,Pleural_Effusion,46,954,fitted,34.0
chexpert_nall_seed1_densenet121_matched,chexpert,1,1000,492003,unweighted,Atelectasis,8,992,fitted,21.0
chexpert_nall_seed1_densenet121_matched,chexpert,1,1000,492003,unweighted,Consolidation,8,992,fitted,23.0
chexpert_nall_seed1_densenet121_matched,chexpert,1,1000,492003,balanced,Cardiomegaly,117,883,fitted,45.0
chexpert_nall_seed1_densenet121_matched,chexpert,1,1000,492003,balanced,Pleural_Effusion,46,954,fitted,37.0
chexpert_nall_seed1_densenet121_matched,chexpert,1,1000,492003,balanced,Atelectasis,8,992,fitted,37.0
chexpert_nall_seed1_densenet121_matched,chexpert,1,1000,492003,balanced,Consolidation,8,992,fitted,36.0
chexpert_nall_seed1_densenet121_matched,chexpert,1,2000,492001,unweighted,Cardiomegaly,236,1764,fitted,41.0
chexpert_nall_seed1_densenet121_matched,chexpert,1,2000,492001,unweighted,Pleural_Effusion,100,1900,fitted,39.0
chexpert_nall_seed1_densenet121_matched,chexpert,1,2000,492001,unweighted,Atelectasis,9,1991,fitted,18.0
chexpert_nall_seed1_densenet121_matched,chexpert,1,2000,492001,unweighted,Consolidation,21,1979,fitted,30.0
chexpert_nall_seed1_densenet121_matched,chexpert,1,2000,492001,balanced,Cardiomegaly,236,1764,fitted,50.0
chexpert_nall_seed1_densenet121_matched,chexpert,1,2000,492001,balanced,Pleural_Effusion,100,1900,fitted,39.0
chexpert_nall_seed1_densenet121_matched,chexpert,1,2000,492001,balanced,Atelectasis,9,1991,fitted,39.0
chexpert_nall_seed1_densenet121_matched,chexpert,1,2000,492001,balanced,Consolidation,21,1979,fitted,63.0
chexpert_nall_seed1_densenet121_matched,chexpert,1,2000,492002,unweighted,Cardiomegaly,244,1756,fitted,49.0
chexpert_nall_seed1_densenet121_matched,chexpert,1,2000,492002,unweighted,Pleural_Effusion,94,1906,fitted,33.0
chexpert_nall_seed1_densenet121_matched,chexpert,1,2000,492002,unweighted,Atelectasis,7,1993,fitted,19.0
chexpert_nall_seed1_densenet121_matched,chexpert,1,2000,492002,unweighted,Consolidation,16,1984,fitted,28.0
chexpert_nall_seed1_densenet121_matched,chexpert,1,2000,492002,balanced,Cardiomegaly,244,1756,fitted,57.0
chexpert_nall_seed1_densenet121_matched,chexpert,1,2000,492002,balanced,Pleural_Effusion,94,1906,fitted,57.0
chexpert_nall_seed1_densenet121_matched,chexpert,1,2000,492002,balanced,Atelectasis,7,1993,fitted,49.0
chexpert_nall_seed1_densenet121_matched,chexpert,1,2000,492002,balanced,Consolidation,16,1984,fitted,65.0
chexpert_nall_seed1_densenet121_matched,chexpert,1,2000,492003,unweighted,Cardiomegaly,241,1759,fitted,52.0
chexpert_nall_seed1_densenet121_matched,chexpert,1,2000,492003,unweighted,Pleural_Effusion,92,1908,fitted,30.0
chexpert_nall_seed1_densenet121_matched,chexpert,1,2000,492003,unweighted,Atelectasis,9,1991,fitted,19.0
chexpert_nall_seed1_densenet121_matched,chexpert,1,2000,492003,unweighted,Consolidation,18,1982,fitted,30.0
chexpert_nall_seed1_densenet121_matched,chexpert,1,2000,492003,balanced,Cardiomegaly,241,1759,fitted,57.0
chexpert_nall_seed1_densenet121_matched,chexpert,1,2000,492003,balanced,Pleural_Effusion,92,1908,fitted,48.0
chexpert_nall_seed1_densenet121_matched,chexpert,1,2000,492003,balanced,Atelectasis,9,1991,fitted,41.0
chexpert_nall_seed1_densenet121_matched,chexpert,1,2000,492003,balanced,Consolidation,18,1982,fitted,61.0
nih_nall_seed1_densenet121_matched,nih,1,250,492001,unweighted,Cardiomegaly,28,222,fitted,22.0
nih_nall_seed1_densenet121_matched,nih,1,250,492001,unweighted,Pleural_Effusion,10,240,fitted,22.0
nih_nall_seed1_densenet121_matched,nih,1,250,492001,unweighted,Atelectasis,0,250,fewer_than_five_per_class,
nih_nall_seed1_densenet121_matched,nih,1,250,492001,unweighted,Consolidation,3,247,fewer_than_five_per_class,
nih_nall_seed1_densenet121_matched,nih,1,250,492001,balanced,Cardiomegaly,28,222,fitted,24.0
nih_nall_seed1_densenet121_matched,nih,1,250,492001,balanced,Pleural_Effusion,10,240,fitted,26.0
nih_nall_seed1_densenet121_matched,nih,1,250,492001,balanced,Atelectasis,0,250,fewer_than_five_per_class,
nih_nall_seed1_densenet121_matched,nih,1,250,492001,balanced,Consolidation,3,247,fewer_than_five_per_class,
nih_nall_seed1_densenet121_matched,nih,1,250,492002,unweighted,Cardiomegaly,29,221,fitted,24.0
nih_nall_seed1_densenet121_matched,nih,1,250,492002,unweighted,Pleural_Effusion,14,236,fitted,22.0
nih_nall_seed1_densenet121_matched,nih,1,250,492002,unweighted,Atelectasis,1,249,fewer_than_five_per_class,
nih_nall_seed1_densenet121_matched,nih,1,250,492002,unweighted,Consolidation,3,247,fewer_than_five_per_class,
nih_nall_seed1_densenet121_matched,nih,1,250,492002,balanced,Cardiomegaly,29,221,fitted,26.0
nih_nall_seed1_densenet121_matched,nih,1,250,492002,balanced,Pleural_Effusion,14,236,fitted,24.0
nih_nall_seed1_densenet121_matched,nih,1,250,492002,balanced,Atelectasis,1,249,fewer_than_five_per_class,
nih_nall_seed1_densenet121_matched,nih,1,250,492002,balanced,Consolidation,3,247,fewer_than_five_per_class,
nih_nall_seed1_densenet121_matched,nih,1,250,492003,unweighted,Cardiomegaly,28,222,fitted,24.0
nih_nall_seed1_densenet121_matched,nih,1,250,492003,unweighted,Pleural_Effusion,14,236,fitted,24.0
nih_nall_seed1_densenet121_matched,nih,1,250,492003,unweighted,Atelectasis,3,247,fewer_than_five_per_class,
nih_nall_seed1_densenet121_matched,nih,1,250,492003,unweighted,Consolidation,3,247,fewer_than_five_per_class,
nih_nall_seed1_densenet121_matched,nih,1,250,492003,balanced,Cardiomegaly,28,222,fitted,23.0
nih_nall_seed1_densenet121_matched,nih,1,250,492003,balanced,Pleural_Effusion,14,236,fitted,25.0
nih_nall_seed1_densenet121_matched,nih,1,250,492003,balanced,Atelectasis,3,247,fewer_than_five_per_class,
nih_nall_seed1_densenet121_matched,nih,1,250,492003,balanced,Consolidation,3,247,fewer_than_five_per_class,
nih_nall_seed1_densenet121_matched,nih,1,500,492001,unweighted,Cardiomegaly,50,450,fitted,28.0
nih_nall_seed1_densenet121_matched,nih,1,500,492001,unweighted,Pleural_Effusion,27,473,fitted,24.0
nih_nall_seed1_densenet121_matched,nih,1,500,492001,unweighted,Atelectasis,1,499,fewer_than_five_per_class,
nih_nall_seed1_densenet121_matched,nih,1,500,492001,unweighted,Consolidation,7,493,fitted,19.0
nih_nall_seed1_densenet121_matched,nih,1,500,492001,balanced,Cardiomegaly,50,450,fitted,32.0
nih_nall_seed1_densenet121_matched,nih,1,500,492001,balanced,Pleural_Effusion,27,473,fitted,26.0
nih_nall_seed1_densenet121_matched,nih,1,500,492001,balanced,Atelectasis,1,499,fewer_than_five_per_class,
nih_nall_seed1_densenet121_matched,nih,1,500,492001,balanced,Consolidation,7,493,fitted,26.0
nih_nall_seed1_densenet121_matched,nih,1,500,492002,unweighted,Cardiomegaly,58,442,fitted,27.0
nih_nall_seed1_densenet121_matched,nih,1,500,492002,unweighted,Pleural_Effusion,33,467,fitted,25.0
nih_nall_seed1_densenet121_matched,nih,1,500,492002,unweighted,Atelectasis,2,498,fewer_than_five_per_class,
nih_nall_seed1_densenet121_matched,nih,1,500,492002,unweighted,Consolidation,5,495,fitted,20.0
nih_nall_seed1_densenet121_matched,nih,1,500,492002,balanced,Cardiomegaly,58,442,fitted,30.0
nih_nall_seed1_densenet121_matched,nih,1,500,492002,balanced,Pleural_Effusion,33,467,fitted,26.0
nih_nall_seed1_densenet121_matched,nih,1,500,492002,balanced,Atelectasis,2,498,fewer_than_five_per_class,
nih_nall_seed1_densenet121_matched,nih,1,500,492002,balanced,Consolidation,5,495,fitted,27.0
nih_nall_seed1_densenet121_matched,nih,1,500,492003,unweighted,Cardiomegaly,56,444,fitted,26.0
nih_nall_seed1_densenet121_matched,nih,1,500,492003,unweighted,Pleural_Effusion,27,473,fitted,26.0
nih_nall_seed1_densenet121_matched,nih,1,500,492003,unweighted,Atelectasis,5,495,fitted,18.0
nih_nall_seed1_densenet121_matched,nih,1,500,492003,unweighted,Consolidation,4,496,fewer_than_five_per_class,
nih_nall_seed1_densenet121_matched,nih,1,500,492003,balanced,Cardiomegaly,56,444,fitted,29.0
nih_nall_seed1_densenet121_matched,nih,1,500,492003,balanced,Pleural_Effusion,27,473,fitted,26.0
nih_nall_seed1_densenet121_matched,nih,1,500,492003,balanced,Atelectasis,5,495,fitted,30.0
nih_nall_seed1_densenet121_matched,nih,1,500,492003,balanced,Consolidation,4,496,fewer_than_five_per_class,
nih_nall_seed1_densenet121_matched,nih,1,1000,492001,unweighted,Cardiomegaly,108,892,fitted,32.0
nih_nall_seed1_densenet121_matched,nih,1,1000,492001,unweighted,Pleural_Effusion,52,948,fitted,27.0
nih_nall_seed1_densenet121_matched,nih,1,1000,492001,unweighted,Atelectasis,5,995,fitted,18.0
nih_nall_seed1_densenet121_matched,nih,1,1000,492001,unweighted,Consolidation,13,987,fitted,19.0
nih_nall_seed1_densenet121_matched,nih,1,1000,492001,balanced,Cardiomegaly,108,892,fitted,40.0
nih_nall_seed1_densenet121_matched,nih,1,1000,492001,balanced,Pleural_Effusion,52,948,fitted,32.0
nih_nall_seed1_densenet121_matched,nih,1,1000,492001,balanced,Atelectasis,5,995,fitted,29.0
nih_nall_seed1_densenet121_matched,nih,1,1000,492001,balanced,Consolidation,13,987,fitted,32.0
nih_nall_seed1_densenet121_matched,nih,1,1000,492002,unweighted,Cardiomegaly,112,888,fitted,35.0
nih_nall_seed1_densenet121_matched,nih,1,1000,492002,unweighted,Pleural_Effusion,50,950,fitted,25.0
nih_nall_seed1_densenet121_matched,nih,1,1000,492002,unweighted,Atelectasis,5,995,fitted,18.0
nih_nall_seed1_densenet121_matched,nih,1,1000,492002,unweighted,Consolidation,7,993,fitted,18.0
nih_nall_seed1_densenet121_matched,nih,1,1000,492002,balanced,Cardiomegaly,112,888,fitted,39.0
nih_nall_seed1_densenet121_matched,nih,1,1000,492002,balanced,Pleural_Effusion,50,950,fitted,33.0
nih_nall_seed1_densenet121_matched,nih,1,1000,492002,balanced,Atelectasis,5,995,fitted,31.0
nih_nall_seed1_densenet121_matched,nih,1,1000,492002,balanced,Consolidation,7,993,fitted,33.0
nih_nall_seed1_densenet121_matched,nih,1,1000,492003,unweighted,Cardiomegaly,117,883,fitted,33.0
nih_nall_seed1_densenet121_matched,nih,1,1000,492003,unweighted,Pleural_Effusion,46,954,fitted,25.0
nih_nall_seed1_densenet121_matched,nih,1,1000,492003,unweighted,Atelectasis,8,992,fitted,19.0
nih_nall_seed1_densenet121_matched,nih,1,1000,492003,unweighted,Consolidation,8,992,fitted,18.0
nih_nall_seed1_densenet121_matched,nih,1,1000,492003,balanced,Cardiomegaly,117,883,fitted,39.0
nih_nall_seed1_densenet121_matched,nih,1,1000,492003,balanced,Pleural_Effusion,46,954,fitted,34.0
nih_nall_seed1_densenet121_matched,nih,1,1000,492003,balanced,Atelectasis,8,992,fitted,36.0
nih_nall_seed1_densenet121_matched,nih,1,1000,492003,balanced,Consolidation,8,992,fitted,31.0
nih_nall_seed1_densenet121_matched,nih,1,2000,492001,unweighted,Cardiomegaly,236,1764,fitted,41.0
nih_nall_seed1_densenet121_matched,nih,1,2000,492001,unweighted,Pleural_Effusion,100,1900,fitted,31.0
nih_nall_seed1_densenet121_matched,nih,1,2000,492001,unweighted,Atelectasis,9,1991,fitted,19.0
nih_nall_seed1_densenet121_matched,nih,1,2000,492001,unweighted,Consolidation,21,1979,fitted,22.0
nih_nall_seed1_densenet121_matched,nih,1,2000,492001,balanced,Cardiomegaly,236,1764,fitted,57.0
nih_nall_seed1_densenet121_matched,nih,1,2000,492001,balanced,Pleural_Effusion,100,1900,fitted,34.0
nih_nall_seed1_densenet121_matched,nih,1,2000,492001,balanced,Atelectasis,9,1991,fitted,37.0
nih_nall_seed1_densenet121_matched,nih,1,2000,492001,balanced,Consolidation,21,1979,fitted,40.0
nih_nall_seed1_densenet121_matched,nih,1,2000,492002,unweighted,Cardiomegaly,244,1756,fitted,51.0
nih_nall_seed1_densenet121_matched,nih,1,2000,492002,unweighted,Pleural_Effusion,94,1906,fitted,31.0
nih_nall_seed1_densenet121_matched,nih,1,2000,492002,unweighted,Atelectasis,7,1993,fitted,17.0
nih_nall_seed1_densenet121_matched,nih,1,2000,492002,unweighted,Consolidation,16,1984,fitted,19.0
nih_nall_seed1_densenet121_matched,nih,1,2000,492002,balanced,Cardiomegaly,244,1756,fitted,45.0
nih_nall_seed1_densenet121_matched,nih,1,2000,492002,balanced,Pleural_Effusion,94,1906,fitted,37.0
nih_nall_seed1_densenet121_matched,nih,1,2000,492002,balanced,Atelectasis,7,1993,fitted,35.0
nih_nall_seed1_densenet121_matched,nih,1,2000,492002,balanced,Consolidation,16,1984,fitted,49.0
nih_nall_seed1_densenet121_matched,nih,1,2000,492003,unweighted,Cardiomegaly,241,1759,fitted,49.0
nih_nall_seed1_densenet121_matched,nih,1,2000,492003,unweighted,Pleural_Effusion,92,1908,fitted,35.0
nih_nall_seed1_densenet121_matched,nih,1,2000,492003,unweighted,Atelectasis,9,1991,fitted,18.0
nih_nall_seed1_densenet121_matched,nih,1,2000,492003,unweighted,Consolidation,18,1982,fitted,20.0
nih_nall_seed1_densenet121_matched,nih,1,2000,492003,balanced,Cardiomegaly,241,1759,fitted,47.0
nih_nall_seed1_densenet121_matched,nih,1,2000,492003,balanced,Pleural_Effusion,92,1908,fitted,38.0
nih_nall_seed1_densenet121_matched,nih,1,2000,492003,balanced,Atelectasis,9,1991,fitted,32.0
nih_nall_seed1_densenet121_matched,nih,1,2000,492003,balanced,Consolidation,18,1982,fitted,36.0
chexpert_nall_seed2_densenet121_matched,chexpert,2,250,492001,unweighted,Cardiomegaly,28,222,fitted,28.0
chexpert_nall_seed2_densenet121_matched,chexpert,2,250,492001,unweighted,Pleural_Effusion,10,240,fitted,25.0
chexpert_nall_seed2_densenet121_matched,chexpert,2,250,492001,unweighted,Atelectasis,0,250,fewer_than_five_per_class,
chexpert_nall_seed2_densenet121_matched,chexpert,2,250,492001,unweighted,Consolidation,3,247,fewer_than_five_per_class,
chexpert_nall_seed2_densenet121_matched,chexpert,2,250,492001,balanced,Cardiomegaly,28,222,fitted,29.0
chexpert_nall_seed2_densenet121_matched,chexpert,2,250,492001,balanced,Pleural_Effusion,10,240,fitted,24.0
chexpert_nall_seed2_densenet121_matched,chexpert,2,250,492001,balanced,Atelectasis,0,250,fewer_than_five_per_class,
chexpert_nall_seed2_densenet121_matched,chexpert,2,250,492001,balanced,Consolidation,3,247,fewer_than_five_per_class,
chexpert_nall_seed2_densenet121_matched,chexpert,2,250,492002,unweighted,Cardiomegaly,29,221,fitted,25.0
chexpert_nall_seed2_densenet121_matched,chexpert,2,250,492002,unweighted,Pleural_Effusion,14,236,fitted,22.0
chexpert_nall_seed2_densenet121_matched,chexpert,2,250,492002,unweighted,Atelectasis,1,249,fewer_than_five_per_class,
chexpert_nall_seed2_densenet121_matched,chexpert,2,250,492002,unweighted,Consolidation,3,247,fewer_than_five_per_class,
chexpert_nall_seed2_densenet121_matched,chexpert,2,250,492002,balanced,Cardiomegaly,29,221,fitted,30.0
chexpert_nall_seed2_densenet121_matched,chexpert,2,250,492002,balanced,Pleural_Effusion,14,236,fitted,24.0
chexpert_nall_seed2_densenet121_matched,chexpert,2,250,492002,balanced,Atelectasis,1,249,fewer_than_five_per_class,
chexpert_nall_seed2_densenet121_matched,chexpert,2,250,492002,balanced,Consolidation,3,247,fewer_than_five_per_class,
chexpert_nall_seed2_densenet121_matched,chexpert,2,250,492003,unweighted,Cardiomegaly,28,222,fitted,24.0
chexpert_nall_seed2_densenet121_matched,chexpert,2,250,492003,unweighted,Pleural_Effusion,14,236,fitted,20.0
chexpert_nall_seed2_densenet121_matched,chexpert,2,250,492003,unweighted,Atelectasis,3,247,fewer_than_five_per_class,
chexpert_nall_seed2_densenet121_matched,chexpert,2,250,492003,unweighted,Consolidation,3,247,fewer_than_five_per_class,
chexpert_nall_seed2_densenet121_matched,chexpert,2,250,492003,balanced,Cardiomegaly,28,222,fitted,26.0
chexpert_nall_seed2_densenet121_matched,chexpert,2,250,492003,balanced,Pleural_Effusion,14,236,fitted,23.0
chexpert_nall_seed2_densenet121_matched,chexpert,2,250,492003,balanced,Atelectasis,3,247,fewer_than_five_per_class,
chexpert_nall_seed2_densenet121_matched,chexpert,2,250,492003,balanced,Consolidation,3,247,fewer_than_five_per_class,
chexpert_nall_seed2_densenet121_matched,chexpert,2,500,492001,unweighted,Cardiomegaly,50,450,fitted,29.0
chexpert_nall_seed2_densenet121_matched,chexpert,2,500,492001,unweighted,Pleural_Effusion,27,473,fitted,28.0
chexpert_nall_seed2_densenet121_matched,chexpert,2,500,492001,unweighted,Atelectasis,1,499,fewer_than_five_per_class,
chexpert_nall_seed2_densenet121_matched,chexpert,2,500,492001,unweighted,Consolidation,7,493,fitted,23.0
chexpert_nall_seed2_densenet121_matched,chexpert,2,500,492001,balanced,Cardiomegaly,50,450,fitted,38.0
chexpert_nall_seed2_densenet121_matched,chexpert,2,500,492001,balanced,Pleural_Effusion,27,473,fitted,33.0
chexpert_nall_seed2_densenet121_matched,chexpert,2,500,492001,balanced,Atelectasis,1,499,fewer_than_five_per_class,
chexpert_nall_seed2_densenet121_matched,chexpert,2,500,492001,balanced,Consolidation,7,493,fitted,30.0
chexpert_nall_seed2_densenet121_matched,chexpert,2,500,492002,unweighted,Cardiomegaly,58,442,fitted,33.0
chexpert_nall_seed2_densenet121_matched,chexpert,2,500,492002,unweighted,Pleural_Effusion,33,467,fitted,26.0
chexpert_nall_seed2_densenet121_matched,chexpert,2,500,492002,unweighted,Atelectasis,2,498,fewer_than_five_per_class,
chexpert_nall_seed2_densenet121_matched,chexpert,2,500,492002,unweighted,Consolidation,5,495,fitted,25.0
chexpert_nall_seed2_densenet121_matched,chexpert,2,500,492002,balanced,Cardiomegaly,58,442,fitted,35.0
chexpert_nall_seed2_densenet121_matched,chexpert,2,500,492002,balanced,Pleural_Effusion,33,467,fitted,30.0
chexpert_nall_seed2_densenet121_matched,chexpert,2,500,492002,balanced,Atelectasis,2,498,fewer_than_five_per_class,
chexpert_nall_seed2_densenet121_matched,chexpert,2,500,492002,balanced,Consolidation,5,495,fitted,37.0
chexpert_nall_seed2_densenet121_matched,chexpert,2,500,492003,unweighted,Cardiomegaly,56,444,fitted,29.0
chexpert_nall_seed2_densenet121_matched,chexpert,2,500,492003,unweighted,Pleural_Effusion,27,473,fitted,30.0
chexpert_nall_seed2_densenet121_matched,chexpert,2,500,492003,unweighted,Atelectasis,5,495,fitted,19.0
chexpert_nall_seed2_densenet121_matched,chexpert,2,500,492003,unweighted,Consolidation,4,496,fewer_than_five_per_class,
chexpert_nall_seed2_densenet121_matched,chexpert,2,500,492003,balanced,Cardiomegaly,56,444,fitted,32.0
chexpert_nall_seed2_densenet121_matched,chexpert,2,500,492003,balanced,Pleural_Effusion,27,473,fitted,26.0
chexpert_nall_seed2_densenet121_matched,chexpert,2,500,492003,balanced,Atelectasis,5,495,fitted,32.0
chexpert_nall_seed2_densenet121_matched,chexpert,2,500,492003,balanced,Consolidation,4,496,fewer_than_five_per_class,
chexpert_nall_seed2_densenet121_matched,chexpert,2,1000,492001,unweighted,Cardiomegaly,108,892,fitted,33.0
chexpert_nall_seed2_densenet121_matched,chexpert,2,1000,492001,unweighted,Pleural_Effusion,52,948,fitted,34.0
chexpert_nall_seed2_densenet121_matched,chexpert,2,1000,492001,unweighted,Atelectasis,5,995,fitted,23.0
chexpert_nall_seed2_densenet121_matched,chexpert,2,1000,492001,unweighted,Consolidation,13,987,fitted,28.0
chexpert_nall_seed2_densenet121_matched,chexpert,2,1000,492001,balanced,Cardiomegaly,108,892,fitted,41.0
chexpert_nall_seed2_densenet121_matched,chexpert,2,1000,492001,balanced,Pleural_Effusion,52,948,fitted,36.0
chexpert_nall_seed2_densenet121_matched,chexpert,2,1000,492001,balanced,Atelectasis,5,995,fitted,47.0
chexpert_nall_seed2_densenet121_matched,chexpert,2,1000,492001,balanced,Consolidation,13,987,fitted,50.0
chexpert_nall_seed2_densenet121_matched,chexpert,2,1000,492002,unweighted,Cardiomegaly,112,888,fitted,42.0
chexpert_nall_seed2_densenet121_matched,chexpert,2,1000,492002,unweighted,Pleural_Effusion,50,950,fitted,32.0
chexpert_nall_seed2_densenet121_matched,chexpert,2,1000,492002,unweighted,Atelectasis,5,995,fitted,18.0
chexpert_nall_seed2_densenet121_matched,chexpert,2,1000,492002,unweighted,Consolidation,7,993,fitted,22.0
chexpert_nall_seed2_densenet121_matched,chexpert,2,1000,492002,balanced,Cardiomegaly,112,888,fitted,50.0
chexpert_nall_seed2_densenet121_matched,chexpert,2,1000,492002,balanced,Pleural_Effusion,50,950,fitted,34.0
chexpert_nall_seed2_densenet121_matched,chexpert,2,1000,492002,balanced,Atelectasis,5,995,fitted,36.0
chexpert_nall_seed2_densenet121_matched,chexpert,2,1000,492002,balanced,Consolidation,7,993,fitted,41.0
chexpert_nall_seed2_densenet121_matched,chexpert,2,1000,492003,unweighted,Cardiomegaly,117,883,fitted,35.0
chexpert_nall_seed2_densenet121_matched,chexpert,2,1000,492003,unweighted,Pleural_Effusion,46,954,fitted,39.0
chexpert_nall_seed2_densenet121_matched,chexpert,2,1000,492003,unweighted,Atelectasis,8,992,fitted,22.0
chexpert_nall_seed2_densenet121_matched,chexpert,2,1000,492003,unweighted,Consolidation,8,992,fitted,23.0
chexpert_nall_seed2_densenet121_matched,chexpert,2,1000,492003,balanced,Cardiomegaly,117,883,fitted,44.0
chexpert_nall_seed2_densenet121_matched,chexpert,2,1000,492003,balanced,Pleural_Effusion,46,954,fitted,34.0
chexpert_nall_seed2_densenet121_matched,chexpert,2,1000,492003,balanced,Atelectasis,8,992,fitted,45.0
chexpert_nall_seed2_densenet121_matched,chexpert,2,1000,492003,balanced,Consolidation,8,992,fitted,46.0
chexpert_nall_seed2_densenet121_matched,chexpert,2,2000,492001,unweighted,Cardiomegaly,236,1764,fitted,51.0
chexpert_nall_seed2_densenet121_matched,chexpert,2,2000,492001,unweighted,Pleural_Effusion,100,1900,fitted,33.0
chexpert_nall_seed2_densenet121_matched,chexpert,2,2000,492001,unweighted,Atelectasis,9,1991,fitted,17.0
chexpert_nall_seed2_densenet121_matched,chexpert,2,2000,492001,unweighted,Consolidation,21,1979,fitted,30.0
chexpert_nall_seed2_densenet121_matched,chexpert,2,2000,492001,balanced,Cardiomegaly,236,1764,fitted,51.0
chexpert_nall_seed2_densenet121_matched,chexpert,2,2000,492001,balanced,Pleural_Effusion,100,1900,fitted,48.0
chexpert_nall_seed2_densenet121_matched,chexpert,2,2000,492001,balanced,Atelectasis,9,1991,fitted,39.0
chexpert_nall_seed2_densenet121_matched,chexpert,2,2000,492001,balanced,Consolidation,21,1979,fitted,59.0
chexpert_nall_seed2_densenet121_matched,chexpert,2,2000,492002,unweighted,Cardiomegaly,244,1756,fitted,43.0
chexpert_nall_seed2_densenet121_matched,chexpert,2,2000,492002,unweighted,Pleural_Effusion,94,1906,fitted,42.0
chexpert_nall_seed2_densenet121_matched,chexpert,2,2000,492002,unweighted,Atelectasis,7,1993,fitted,18.0
chexpert_nall_seed2_densenet121_matched,chexpert,2,2000,492002,unweighted,Consolidation,16,1984,fitted,27.0
chexpert_nall_seed2_densenet121_matched,chexpert,2,2000,492002,balanced,Cardiomegaly,244,1756,fitted,57.0
chexpert_nall_seed2_densenet121_matched,chexpert,2,2000,492002,balanced,Pleural_Effusion,94,1906,fitted,48.0
chexpert_nall_seed2_densenet121_matched,chexpert,2,2000,492002,balanced,Atelectasis,7,1993,fitted,41.0
chexpert_nall_seed2_densenet121_matched,chexpert,2,2000,492002,balanced,Consolidation,16,1984,fitted,65.0
chexpert_nall_seed2_densenet121_matched,chexpert,2,2000,492003,unweighted,Cardiomegaly,241,1759,fitted,53.0
chexpert_nall_seed2_densenet121_matched,chexpert,2,2000,492003,unweighted,Pleural_Effusion,92,1908,fitted,41.0
chexpert_nall_seed2_densenet121_matched,chexpert,2,2000,492003,unweighted,Atelectasis,9,1991,fitted,17.0
chexpert_nall_seed2_densenet121_matched,chexpert,2,2000,492003,unweighted,Consolidation,18,1982,fitted,26.0
chexpert_nall_seed2_densenet121_matched,chexpert,2,2000,492003,balanced,Cardiomegaly,241,1759,fitted,54.0
chexpert_nall_seed2_densenet121_matched,chexpert,2,2000,492003,balanced,Pleural_Effusion,92,1908,fitted,43.0
chexpert_nall_seed2_densenet121_matched,chexpert,2,2000,492003,balanced,Atelectasis,9,1991,fitted,48.0
chexpert_nall_seed2_densenet121_matched,chexpert,2,2000,492003,balanced,Consolidation,18,1982,fitted,60.0
nih_nall_seed2_densenet121_matched,nih,2,250,492001,unweighted,Cardiomegaly,28,222,fitted,24.0
nih_nall_seed2_densenet121_matched,nih,2,250,492001,unweighted,Pleural_Effusion,10,240,fitted,25.0
nih_nall_seed2_densenet121_matched,nih,2,250,492001,unweighted,Atelectasis,0,250,fewer_than_five_per_class,
nih_nall_seed2_densenet121_matched,nih,2,250,492001,unweighted,Consolidation,3,247,fewer_than_five_per_class,
nih_nall_seed2_densenet121_matched,nih,2,250,492001,balanced,Cardiomegaly,28,222,fitted,24.0
nih_nall_seed2_densenet121_matched,nih,2,250,492001,balanced,Pleural_Effusion,10,240,fitted,25.0
nih_nall_seed2_densenet121_matched,nih,2,250,492001,balanced,Atelectasis,0,250,fewer_than_five_per_class,
nih_nall_seed2_densenet121_matched,nih,2,250,492001,balanced,Consolidation,3,247,fewer_than_five_per_class,
nih_nall_seed2_densenet121_matched,nih,2,250,492002,unweighted,Cardiomegaly,29,221,fitted,24.0
nih_nall_seed2_densenet121_matched,nih,2,250,492002,unweighted,Pleural_Effusion,14,236,fitted,24.0
nih_nall_seed2_densenet121_matched,nih,2,250,492002,unweighted,Atelectasis,1,249,fewer_than_five_per_class,
nih_nall_seed2_densenet121_matched,nih,2,250,492002,unweighted,Consolidation,3,247,fewer_than_five_per_class,
nih_nall_seed2_densenet121_matched,nih,2,250,492002,balanced,Cardiomegaly,29,221,fitted,25.0
nih_nall_seed2_densenet121_matched,nih,2,250,492002,balanced,Pleural_Effusion,14,236,fitted,23.0
nih_nall_seed2_densenet121_matched,nih,2,250,492002,balanced,Atelectasis,1,249,fewer_than_five_per_class,
nih_nall_seed2_densenet121_matched,nih,2,250,492002,balanced,Consolidation,3,247,fewer_than_five_per_class,
nih_nall_seed2_densenet121_matched,nih,2,250,492003,unweighted,Cardiomegaly,28,222,fitted,23.0
nih_nall_seed2_densenet121_matched,nih,2,250,492003,unweighted,Pleural_Effusion,14,236,fitted,23.0
nih_nall_seed2_densenet121_matched,nih,2,250,492003,unweighted,Atelectasis,3,247,fewer_than_five_per_class,
nih_nall_seed2_densenet121_matched,nih,2,250,492003,unweighted,Consolidation,3,247,fewer_than_five_per_class,
nih_nall_seed2_densenet121_matched,nih,2,250,492003,balanced,Cardiomegaly,28,222,fitted,26.0
nih_nall_seed2_densenet121_matched,nih,2,250,492003,balanced,Pleural_Effusion,14,236,fitted,24.0
nih_nall_seed2_densenet121_matched,nih,2,250,492003,balanced,Atelectasis,3,247,fewer_than_five_per_class,
nih_nall_seed2_densenet121_matched,nih,2,250,492003,balanced,Consolidation,3,247,fewer_than_five_per_class,
nih_nall_seed2_densenet121_matched,nih,2,500,492001,unweighted,Cardiomegaly,50,450,fitted,28.0
nih_nall_seed2_densenet121_matched,nih,2,500,492001,unweighted,Pleural_Effusion,27,473,fitted,28.0
nih_nall_seed2_densenet121_matched,nih,2,500,492001,unweighted,Atelectasis,1,499,fewer_than_five_per_class,
nih_nall_seed2_densenet121_matched,nih,2,500,492001,unweighted,Consolidation,7,493,fitted,22.0
nih_nall_seed2_densenet121_matched,nih,2,500,492001,balanced,Cardiomegaly,50,450,fitted,29.0
nih_nall_seed2_densenet121_matched,nih,2,500,492001,balanced,Pleural_Effusion,27,473,fitted,27.0
nih_nall_seed2_densenet121_matched,nih,2,500,492001,balanced,Atelectasis,1,499,fewer_than_five_per_class,
nih_nall_seed2_densenet121_matched,nih,2,500,492001,balanced,Consolidation,7,493,fitted,27.0
nih_nall_seed2_densenet121_matched,nih,2,500,492002,unweighted,Cardiomegaly,58,442,fitted,28.0
nih_nall_seed2_densenet121_matched,nih,2,500,492002,unweighted,Pleural_Effusion,33,467,fitted,23.0
nih_nall_seed2_densenet121_matched,nih,2,500,492002,unweighted,Atelectasis,2,498,fewer_than_five_per_class,
nih_nall_seed2_densenet121_matched,nih,2,500,492002,unweighted,Consolidation,5,495,fitted,21.0
nih_nall_seed2_densenet121_matched,nih,2,500,492002,balanced,Cardiomegaly,58,442,fitted,34.0
nih_nall_seed2_densenet121_matched,nih,2,500,492002,balanced,Pleural_Effusion,33,467,fitted,27.0
nih_nall_seed2_densenet121_matched,nih,2,500,492002,balanced,Atelectasis,2,498,fewer_than_five_per_class,
nih_nall_seed2_densenet121_matched,nih,2,500,492002,balanced,Consolidation,5,495,fitted,26.0
nih_nall_seed2_densenet121_matched,nih,2,500,492003,unweighted,Cardiomegaly,56,444,fitted,26.0
nih_nall_seed2_densenet121_matched,nih,2,500,492003,unweighted,Pleural_Effusion,27,473,fitted,26.0
nih_nall_seed2_densenet121_matched,nih,2,500,492003,unweighted,Atelectasis,5,495,fitted,18.0
nih_nall_seed2_densenet121_matched,nih,2,500,492003,unweighted,Consolidation,4,496,fewer_than_five_per_class,
nih_nall_seed2_densenet121_matched,nih,2,500,492003,balanced,Cardiomegaly,56,444,fitted,31.0
nih_nall_seed2_densenet121_matched,nih,2,500,492003,balanced,Pleural_Effusion,27,473,fitted,26.0
nih_nall_seed2_densenet121_matched,nih,2,500,492003,balanced,Atelectasis,5,495,fitted,30.0
nih_nall_seed2_densenet121_matched,nih,2,500,492003,balanced,Consolidation,4,496,fewer_than_five_per_class,
nih_nall_seed2_densenet121_matched,nih,2,1000,492001,unweighted,Cardiomegaly,108,892,fitted,35.0
nih_nall_seed2_densenet121_matched,nih,2,1000,492001,unweighted,Pleural_Effusion,52,948,fitted,31.0
nih_nall_seed2_densenet121_matched,nih,2,1000,492001,unweighted,Atelectasis,5,995,fitted,18.0
nih_nall_seed2_densenet121_matched,nih,2,1000,492001,unweighted,Consolidation,13,987,fitted,20.0
nih_nall_seed2_densenet121_matched,nih,2,1000,492001,balanced,Cardiomegaly,108,892,fitted,40.0
nih_nall_seed2_densenet121_matched,nih,2,1000,492001,balanced,Pleural_Effusion,52,948,fitted,29.0
nih_nall_seed2_densenet121_matched,nih,2,1000,492001,balanced,Atelectasis,5,995,fitted,28.0
nih_nall_seed2_densenet121_matched,nih,2,1000,492001,balanced,Consolidation,13,987,fitted,36.0
nih_nall_seed2_densenet121_matched,nih,2,1000,492002,unweighted,Cardiomegaly,112,888,fitted,34.0
nih_nall_seed2_densenet121_matched,nih,2,1000,492002,unweighted,Pleural_Effusion,50,950,fitted,27.0
nih_nall_seed2_densenet121_matched,nih,2,1000,492002,unweighted,Atelectasis,5,995,fitted,17.0
nih_nall_seed2_densenet121_matched,nih,2,1000,492002,unweighted,Consolidation,7,993,fitted,18.0
nih_nall_seed2_densenet121_matched,nih,2,1000,492002,balanced,Cardiomegaly,112,888,fitted,37.0
nih_nall_seed2_densenet121_matched,nih,2,1000,492002,balanced,Pleural_Effusion,50,950,fitted,32.0
nih_nall_seed2_densenet121_matched,nih,2,1000,492002,balanced,Atelectasis,5,995,fitted,28.0
nih_nall_seed2_densenet121_matched,nih,2,1000,492002,balanced,Consolidation,7,993,fitted,31.0
nih_nall_seed2_densenet121_matched,nih,2,1000,492003,unweighted,Cardiomegaly,117,883,fitted,35.0
nih_nall_seed2_densenet121_matched,nih,2,1000,492003,unweighted,Pleural_Effusion,46,954,fitted,25.0
nih_nall_seed2_densenet121_matched,nih,2,1000,492003,unweighted,Atelectasis,8,992,fitted,19.0
nih_nall_seed2_densenet121_matched,nih,2,1000,492003,unweighted,Consolidation,8,992,fitted,18.0
nih_nall_seed2_densenet121_matched,nih,2,1000,492003,balanced,Cardiomegaly,117,883,fitted,41.0
nih_nall_seed2_densenet121_matched,nih,2,1000,492003,balanced,Pleural_Effusion,46,954,fitted,30.0
nih_nall_seed2_densenet121_matched,nih,2,1000,492003,balanced,Atelectasis,8,992,fitted,27.0
nih_nall_seed2_densenet121_matched,nih,2,1000,492003,balanced,Consolidation,8,992,fitted,29.0
nih_nall_seed2_densenet121_matched,nih,2,2000,492001,unweighted,Cardiomegaly,236,1764,fitted,40.0
nih_nall_seed2_densenet121_matched,nih,2,2000,492001,unweighted,Pleural_Effusion,100,1900,fitted,33.0
nih_nall_seed2_densenet121_matched,nih,2,2000,492001,unweighted,Atelectasis,9,1991,fitted,18.0
nih_nall_seed2_densenet121_matched,nih,2,2000,492001,unweighted,Consolidation,21,1979,fitted,20.0
nih_nall_seed2_densenet121_matched,nih,2,2000,492001,balanced,Cardiomegaly,236,1764,fitted,58.0
nih_nall_seed2_densenet121_matched,nih,2,2000,492001,balanced,Pleural_Effusion,100,1900,fitted,39.0
nih_nall_seed2_densenet121_matched,nih,2,2000,492001,balanced,Atelectasis,9,1991,fitted,32.0
nih_nall_seed2_densenet121_matched,nih,2,2000,492001,balanced,Consolidation,21,1979,fitted,39.0
nih_nall_seed2_densenet121_matched,nih,2,2000,492002,unweighted,Cardiomegaly,244,1756,fitted,39.0
nih_nall_seed2_densenet121_matched,nih,2,2000,492002,unweighted,Pleural_Effusion,94,1906,fitted,32.0
nih_nall_seed2_densenet121_matched,nih,2,2000,492002,unweighted,Atelectasis,7,1993,fitted,17.0
nih_nall_seed2_densenet121_matched,nih,2,2000,492002,unweighted,Consolidation,16,1984,fitted,19.0
nih_nall_seed2_densenet121_matched,nih,2,2000,492002,balanced,Cardiomegaly,244,1756,fitted,49.0
nih_nall_seed2_densenet121_matched,nih,2,2000,492002,balanced,Pleural_Effusion,94,1906,fitted,46.0
nih_nall_seed2_densenet121_matched,nih,2,2000,492002,balanced,Atelectasis,7,1993,fitted,32.0
nih_nall_seed2_densenet121_matched,nih,2,2000,492002,balanced,Consolidation,16,1984,fitted,39.0
nih_nall_seed2_densenet121_matched,nih,2,2000,492003,unweighted,Cardiomegaly,241,1759,fitted,49.0
nih_nall_seed2_densenet121_matched,nih,2,2000,492003,unweighted,Pleural_Effusion,92,1908,fitted,30.0
nih_nall_seed2_densenet121_matched,nih,2,2000,492003,unweighted,Atelectasis,9,1991,fitted,18.0
nih_nall_seed2_densenet121_matched,nih,2,2000,492003,unweighted,Consolidation,18,1982,fitted,19.0
nih_nall_seed2_densenet121_matched,nih,2,2000,492003,balanced,Cardiomegaly,241,1759,fitted,48.0
nih_nall_seed2_densenet121_matched,nih,2,2000,492003,balanced,Pleural_Effusion,92,1908,fitted,46.0
nih_nall_seed2_densenet121_matched,nih,2,2000,492003,balanced,Atelectasis,9,1991,fitted,31.0
nih_nall_seed2_densenet121_matched,nih,2,2000,492003,balanced,Consolidation,18,1982,fitted,39.0
chexpert_nall_seed3_densenet121_matched,chexpert,3,250,492001,unweighted,Cardiomegaly,28,222,fitted,25.0
chexpert_nall_seed3_densenet121_matched,chexpert,3,250,492001,unweighted,Pleural_Effusion,10,240,fitted,26.0
chexpert_nall_seed3_densenet121_matched,chexpert,3,250,492001,unweighted,Atelectasis,0,250,fewer_than_five_per_class,
chexpert_nall_seed3_densenet121_matched,chexpert,3,250,492001,unweighted,Consolidation,3,247,fewer_than_five_per_class,
chexpert_nall_seed3_densenet121_matched,chexpert,3,250,492001,balanced,Cardiomegaly,28,222,fitted,26.0
chexpert_nall_seed3_densenet121_matched,chexpert,3,250,492001,balanced,Pleural_Effusion,10,240,fitted,27.0
chexpert_nall_seed3_densenet121_matched,chexpert,3,250,492001,balanced,Atelectasis,0,250,fewer_than_five_per_class,
chexpert_nall_seed3_densenet121_matched,chexpert,3,250,492001,balanced,Consolidation,3,247,fewer_than_five_per_class,
chexpert_nall_seed3_densenet121_matched,chexpert,3,250,492002,unweighted,Cardiomegaly,29,221,fitted,26.0
chexpert_nall_seed3_densenet121_matched,chexpert,3,250,492002,unweighted,Pleural_Effusion,14,236,fitted,27.0
chexpert_nall_seed3_densenet121_matched,chexpert,3,250,492002,unweighted,Atelectasis,1,249,fewer_than_five_per_class,
chexpert_nall_seed3_densenet121_matched,chexpert,3,250,492002,unweighted,Consolidation,3,247,fewer_than_five_per_class,
chexpert_nall_seed3_densenet121_matched,chexpert,3,250,492002,balanced,Cardiomegaly,29,221,fitted,28.0
chexpert_nall_seed3_densenet121_matched,chexpert,3,250,492002,balanced,Pleural_Effusion,14,236,fitted,25.0
chexpert_nall_seed3_densenet121_matched,chexpert,3,250,492002,balanced,Atelectasis,1,249,fewer_than_five_per_class,
chexpert_nall_seed3_densenet121_matched,chexpert,3,250,492002,balanced,Consolidation,3,247,fewer_than_five_per_class,
chexpert_nall_seed3_densenet121_matched,chexpert,3,250,492003,unweighted,Cardiomegaly,28,222,fitted,24.0
chexpert_nall_seed3_densenet121_matched,chexpert,3,250,492003,unweighted,Pleural_Effusion,14,236,fitted,24.0
chexpert_nall_seed3_densenet121_matched,chexpert,3,250,492003,unweighted,Atelectasis,3,247,fewer_than_five_per_class,
chexpert_nall_seed3_densenet121_matched,chexpert,3,250,492003,unweighted,Consolidation,3,247,fewer_than_five_per_class,
chexpert_nall_seed3_densenet121_matched,chexpert,3,250,492003,balanced,Cardiomegaly,28,222,fitted,24.0
chexpert_nall_seed3_densenet121_matched,chexpert,3,250,492003,balanced,Pleural_Effusion,14,236,fitted,23.0
chexpert_nall_seed3_densenet121_matched,chexpert,3,250,492003,balanced,Atelectasis,3,247,fewer_than_five_per_class,
chexpert_nall_seed3_densenet121_matched,chexpert,3,250,492003,balanced,Consolidation,3,247,fewer_than_five_per_class,
chexpert_nall_seed3_densenet121_matched,chexpert,3,500,492001,unweighted,Cardiomegaly,50,450,fitted,29.0
chexpert_nall_seed3_densenet121_matched,chexpert,3,500,492001,unweighted,Pleural_Effusion,27,473,fitted,25.0
chexpert_nall_seed3_densenet121_matched,chexpert,3,500,492001,unweighted,Atelectasis,1,499,fewer_than_five_per_class,
chexpert_nall_seed3_densenet121_matched,chexpert,3,500,492001,unweighted,Consolidation,7,493,fitted,29.0
chexpert_nall_seed3_densenet121_matched,chexpert,3,500,492001,balanced,Cardiomegaly,50,450,fitted,34.0
chexpert_nall_seed3_densenet121_matched,chexpert,3,500,492001,balanced,Pleural_Effusion,27,473,fitted,32.0
chexpert_nall_seed3_densenet121_matched,chexpert,3,500,492001,balanced,Atelectasis,1,499,fewer_than_five_per_class,
chexpert_nall_seed3_densenet121_matched,chexpert,3,500,492001,balanced,Consolidation,7,493,fitted,31.0
chexpert_nall_seed3_densenet121_matched,chexpert,3,500,492002,unweighted,Cardiomegaly,58,442,fitted,30.0
chexpert_nall_seed3_densenet121_matched,chexpert,3,500,492002,unweighted,Pleural_Effusion,33,467,fitted,29.0
chexpert_nall_seed3_densenet121_matched,chexpert,3,500,492002,unweighted,Atelectasis,2,498,fewer_than_five_per_class,
chexpert_nall_seed3_densenet121_matched,chexpert,3,500,492002,unweighted,Consolidation,5,495,fitted,28.0
chexpert_nall_seed3_densenet121_matched,chexpert,3,500,492002,balanced,Cardiomegaly,58,442,fitted,35.0
chexpert_nall_seed3_densenet121_matched,chexpert,3,500,492002,balanced,Pleural_Effusion,33,467,fitted,27.0
chexpert_nall_seed3_densenet121_matched,chexpert,3,500,492002,balanced,Atelectasis,2,498,fewer_than_five_per_class,
chexpert_nall_seed3_densenet121_matched,chexpert,3,500,492002,balanced,Consolidation,5,495,fitted,44.0
chexpert_nall_seed3_densenet121_matched,chexpert,3,500,492003,unweighted,Cardiomegaly,56,444,fitted,26.0
chexpert_nall_seed3_densenet121_matched,chexpert,3,500,492003,unweighted,Pleural_Effusion,27,473,fitted,28.0
chexpert_nall_seed3_densenet121_matched,chexpert,3,500,492003,unweighted,Atelectasis,5,495,fitted,19.0
chexpert_nall_seed3_densenet121_matched,chexpert,3,500,492003,unweighted,Consolidation,4,496,fewer_than_five_per_class,
chexpert_nall_seed3_densenet121_matched,chexpert,3,500,492003,balanced,Cardiomegaly,56,444,fitted,32.0
chexpert_nall_seed3_densenet121_matched,chexpert,3,500,492003,balanced,Pleural_Effusion,27,473,fitted,26.0
chexpert_nall_seed3_densenet121_matched,chexpert,3,500,492003,balanced,Atelectasis,5,495,fitted,33.0
chexpert_nall_seed3_densenet121_matched,chexpert,3,500,492003,balanced,Consolidation,4,496,fewer_than_five_per_class,
chexpert_nall_seed3_densenet121_matched,chexpert,3,1000,492001,unweighted,Cardiomegaly,108,892,fitted,36.0
chexpert_nall_seed3_densenet121_matched,chexpert,3,1000,492001,unweighted,Pleural_Effusion,52,948,fitted,38.0
chexpert_nall_seed3_densenet121_matched,chexpert,3,1000,492001,unweighted,Atelectasis,5,995,fitted,23.0
chexpert_nall_seed3_densenet121_matched,chexpert,3,1000,492001,unweighted,Consolidation,13,987,fitted,30.0
chexpert_nall_seed3_densenet121_matched,chexpert,3,1000,492001,balanced,Cardiomegaly,108,892,fitted,39.0
chexpert_nall_seed3_densenet121_matched,chexpert,3,1000,492001,balanced,Pleural_Effusion,52,948,fitted,39.0
chexpert_nall_seed3_densenet121_matched,chexpert,3,1000,492001,balanced,Atelectasis,5,995,fitted,46.0
chexpert_nall_seed3_densenet121_matched,chexpert,3,1000,492001,balanced,Consolidation,13,987,fitted,50.0
chexpert_nall_seed3_densenet121_matched,chexpert,3,1000,492002,unweighted,Cardiomegaly,112,888,fitted,34.0
chexpert_nall_seed3_densenet121_matched,chexpert,3,1000,492002,unweighted,Pleural_Effusion,50,950,fitted,34.0
chexpert_nall_seed3_densenet121_matched,chexpert,3,1000,492002,unweighted,Atelectasis,5,995,fitted,18.0
chexpert_nall_seed3_densenet121_matched,chexpert,3,1000,492002,unweighted,Consolidation,7,993,fitted,20.0
chexpert_nall_seed3_densenet121_matched,chexpert,3,1000,492002,balanced,Cardiomegaly,112,888,fitted,50.0
chexpert_nall_seed3_densenet121_matched,chexpert,3,1000,492002,balanced,Pleural_Effusion,50,950,fitted,40.0
chexpert_nall_seed3_densenet121_matched,chexpert,3,1000,492002,balanced,Atelectasis,5,995,fitted,35.0
chexpert_nall_seed3_densenet121_matched,chexpert,3,1000,492002,balanced,Consolidation,7,993,fitted,38.0
chexpert_nall_seed3_densenet121_matched,chexpert,3,1000,492003,unweighted,Cardiomegaly,117,883,fitted,34.0
chexpert_nall_seed3_densenet121_matched,chexpert,3,1000,492003,unweighted,Pleural_Effusion,46,954,fitted,32.0
chexpert_nall_seed3_densenet121_matched,chexpert,3,1000,492003,unweighted,Atelectasis,8,992,fitted,23.0
chexpert_nall_seed3_densenet121_matched,chexpert,3,1000,492003,unweighted,Consolidation,8,992,fitted,22.0
chexpert_nall_seed3_densenet121_matched,chexpert,3,1000,492003,balanced,Cardiomegaly,117,883,fitted,43.0
chexpert_nall_seed3_densenet121_matched,chexpert,3,1000,492003,balanced,Pleural_Effusion,46,954,fitted,38.0
chexpert_nall_seed3_densenet121_matched,chexpert,3,1000,492003,balanced,Atelectasis,8,992,fitted,38.0
chexpert_nall_seed3_densenet121_matched,chexpert,3,1000,492003,balanced,Consolidation,8,992,fitted,41.0
chexpert_nall_seed3_densenet121_matched,chexpert,3,2000,492001,unweighted,Cardiomegaly,236,1764,fitted,47.0
chexpert_nall_seed3_densenet121_matched,chexpert,3,2000,492001,unweighted,Pleural_Effusion,100,1900,fitted,45.0
chexpert_nall_seed3_densenet121_matched,chexpert,3,2000,492001,unweighted,Atelectasis,9,1991,fitted,18.0
chexpert_nall_seed3_densenet121_matched,chexpert,3,2000,492001,unweighted,Consolidation,21,1979,fitted,33.0
chexpert_nall_seed3_densenet121_matched,chexpert,3,2000,492001,balanced,Cardiomegaly,236,1764,fitted,59.0
chexpert_nall_seed3_densenet121_matched,chexpert,3,2000,492001,balanced,Pleural_Effusion,100,1900,fitted,41.0
chexpert_nall_seed3_densenet121_matched,chexpert,3,2000,492001,balanced,Atelectasis,9,1991,fitted,41.0
chexpert_nall_seed3_densenet121_matched,chexpert,3,2000,492001,balanced,Consolidation,21,1979,fitted,68.0
chexpert_nall_seed3_densenet121_matched,chexpert,3,2000,492002,unweighted,Cardiomegaly,244,1756,fitted,53.0
chexpert_nall_seed3_densenet121_matched,chexpert,3,2000,492002,unweighted,Pleural_Effusion,94,1906,fitted,40.0
chexpert_nall_seed3_densenet121_matched,chexpert,3,2000,492002,unweighted,Atelectasis,7,1993,fitted,17.0
chexpert_nall_seed3_densenet121_matched,chexpert,3,2000,492002,unweighted,Consolidation,16,1984,fitted,31.0
chexpert_nall_seed3_densenet121_matched,chexpert,3,2000,492002,balanced,Cardiomegaly,244,1756,fitted,54.0
chexpert_nall_seed3_densenet121_matched,chexpert,3,2000,492002,balanced,Pleural_Effusion,94,1906,fitted,48.0
chexpert_nall_seed3_densenet121_matched,chexpert,3,2000,492002,balanced,Atelectasis,7,1993,fitted,39.0
chexpert_nall_seed3_densenet121_matched,chexpert,3,2000,492002,balanced,Consolidation,16,1984,fitted,60.0
chexpert_nall_seed3_densenet121_matched,chexpert,3,2000,492003,unweighted,Cardiomegaly,241,1759,fitted,42.0
chexpert_nall_seed3_densenet121_matched,chexpert,3,2000,492003,unweighted,Pleural_Effusion,92,1908,fitted,45.0
chexpert_nall_seed3_densenet121_matched,chexpert,3,2000,492003,unweighted,Atelectasis,9,1991,fitted,18.0
chexpert_nall_seed3_densenet121_matched,chexpert,3,2000,492003,unweighted,Consolidation,18,1982,fitted,27.0
chexpert_nall_seed3_densenet121_matched,chexpert,3,2000,492003,balanced,Cardiomegaly,241,1759,fitted,55.0
chexpert_nall_seed3_densenet121_matched,chexpert,3,2000,492003,balanced,Pleural_Effusion,92,1908,fitted,49.0
chexpert_nall_seed3_densenet121_matched,chexpert,3,2000,492003,balanced,Atelectasis,9,1991,fitted,40.0
chexpert_nall_seed3_densenet121_matched,chexpert,3,2000,492003,balanced,Consolidation,18,1982,fitted,69.0
nih_nall_seed3_densenet121_matched,nih,3,250,492001,unweighted,Cardiomegaly,28,222,fitted,22.0
nih_nall_seed3_densenet121_matched,nih,3,250,492001,unweighted,Pleural_Effusion,10,240,fitted,23.0
nih_nall_seed3_densenet121_matched,nih,3,250,492001,unweighted,Atelectasis,0,250,fewer_than_five_per_class,
nih_nall_seed3_densenet121_matched,nih,3,250,492001,unweighted,Consolidation,3,247,fewer_than_five_per_class,
nih_nall_seed3_densenet121_matched,nih,3,250,492001,balanced,Cardiomegaly,28,222,fitted,26.0
nih_nall_seed3_densenet121_matched,nih,3,250,492001,balanced,Pleural_Effusion,10,240,fitted,24.0
nih_nall_seed3_densenet121_matched,nih,3,250,492001,balanced,Atelectasis,0,250,fewer_than_five_per_class,
nih_nall_seed3_densenet121_matched,nih,3,250,492001,balanced,Consolidation,3,247,fewer_than_five_per_class,
nih_nall_seed3_densenet121_matched,nih,3,250,492002,unweighted,Cardiomegaly,29,221,fitted,24.0
nih_nall_seed3_densenet121_matched,nih,3,250,492002,unweighted,Pleural_Effusion,14,236,fitted,22.0
nih_nall_seed3_densenet121_matched,nih,3,250,492002,unweighted,Atelectasis,1,249,fewer_than_five_per_class,
nih_nall_seed3_densenet121_matched,nih,3,250,492002,unweighted,Consolidation,3,247,fewer_than_five_per_class,
nih_nall_seed3_densenet121_matched,nih,3,250,492002,balanced,Cardiomegaly,29,221,fitted,26.0
nih_nall_seed3_densenet121_matched,nih,3,250,492002,balanced,Pleural_Effusion,14,236,fitted,22.0
nih_nall_seed3_densenet121_matched,nih,3,250,492002,balanced,Atelectasis,1,249,fewer_than_five_per_class,
nih_nall_seed3_densenet121_matched,nih,3,250,492002,balanced,Consolidation,3,247,fewer_than_five_per_class,
nih_nall_seed3_densenet121_matched,nih,3,250,492003,unweighted,Cardiomegaly,28,222,fitted,23.0
nih_nall_seed3_densenet121_matched,nih,3,250,492003,unweighted,Pleural_Effusion,14,236,fitted,21.0
nih_nall_seed3_densenet121_matched,nih,3,250,492003,unweighted,Atelectasis,3,247,fewer_than_five_per_class,
nih_nall_seed3_densenet121_matched,nih,3,250,492003,unweighted,Consolidation,3,247,fewer_than_five_per_class,
nih_nall_seed3_densenet121_matched,nih,3,250,492003,balanced,Cardiomegaly,28,222,fitted,23.0
nih_nall_seed3_densenet121_matched,nih,3,250,492003,balanced,Pleural_Effusion,14,236,fitted,23.0
nih_nall_seed3_densenet121_matched,nih,3,250,492003,balanced,Atelectasis,3,247,fewer_than_five_per_class,
nih_nall_seed3_densenet121_matched,nih,3,250,492003,balanced,Consolidation,3,247,fewer_than_five_per_class,
nih_nall_seed3_densenet121_matched,nih,3,500,492001,unweighted,Cardiomegaly,50,450,fitted,27.0
nih_nall_seed3_densenet121_matched,nih,3,500,492001,unweighted,Pleural_Effusion,27,473,fitted,24.0
nih_nall_seed3_densenet121_matched,nih,3,500,492001,unweighted,Atelectasis,1,499,fewer_than_five_per_class,
nih_nall_seed3_densenet121_matched,nih,3,500,492001,unweighted,Consolidation,7,493,fitted,19.0
nih_nall_seed3_densenet121_matched,nih,3,500,492001,balanced,Cardiomegaly,50,450,fitted,32.0
nih_nall_seed3_densenet121_matched,nih,3,500,492001,balanced,Pleural_Effusion,27,473,fitted,28.0
nih_nall_seed3_densenet121_matched,nih,3,500,492001,balanced,Atelectasis,1,499,fewer_than_five_per_class,
nih_nall_seed3_densenet121_matched,nih,3,500,492001,balanced,Consolidation,7,493,fitted,26.0
nih_nall_seed3_densenet121_matched,nih,3,500,492002,unweighted,Cardiomegaly,58,442,fitted,28.0
nih_nall_seed3_densenet121_matched,nih,3,500,492002,unweighted,Pleural_Effusion,33,467,fitted,24.0
nih_nall_seed3_densenet121_matched,nih,3,500,492002,unweighted,Atelectasis,2,498,fewer_than_five_per_class,
nih_nall_seed3_densenet121_matched,nih,3,500,492002,unweighted,Consolidation,5,495,fitted,21.0
nih_nall_seed3_densenet121_matched,nih,3,500,492002,balanced,Cardiomegaly,58,442,fitted,35.0
nih_nall_seed3_densenet121_matched,nih,3,500,492002,balanced,Pleural_Effusion,33,467,fitted,27.0
nih_nall_seed3_densenet121_matched,nih,3,500,492002,balanced,Atelectasis,2,498,fewer_than_five_per_class,
nih_nall_seed3_densenet121_matched,nih,3,500,492002,balanced,Consolidation,5,495,fitted,25.0
nih_nall_seed3_densenet121_matched,nih,3,500,492003,unweighted,Cardiomegaly,56,444,fitted,29.0
nih_nall_seed3_densenet121_matched,nih,3,500,492003,unweighted,Pleural_Effusion,27,473,fitted,25.0
nih_nall_seed3_densenet121_matched,nih,3,500,492003,unweighted,Atelectasis,5,495,fitted,18.0
nih_nall_seed3_densenet121_matched,nih,3,500,492003,unweighted,Consolidation,4,496,fewer_than_five_per_class,
nih_nall_seed3_densenet121_matched,nih,3,500,492003,balanced,Cardiomegaly,56,444,fitted,30.0
nih_nall_seed3_densenet121_matched,nih,3,500,492003,balanced,Pleural_Effusion,27,473,fitted,27.0
nih_nall_seed3_densenet121_matched,nih,3,500,492003,balanced,Atelectasis,5,495,fitted,24.0
nih_nall_seed3_densenet121_matched,nih,3,500,492003,balanced,Consolidation,4,496,fewer_than_five_per_class,
nih_nall_seed3_densenet121_matched,nih,3,1000,492001,unweighted,Cardiomegaly,108,892,fitted,35.0
nih_nall_seed3_densenet121_matched,nih,3,1000,492001,unweighted,Pleural_Effusion,52,948,fitted,30.0
nih_nall_seed3_densenet121_matched,nih,3,1000,492001,unweighted,Atelectasis,5,995,fitted,19.0
nih_nall_seed3_densenet121_matched,nih,3,1000,492001,unweighted,Consolidation,13,987,fitted,19.0
nih_nall_seed3_densenet121_matched,nih,3,1000,492001,balanced,Cardiomegaly,108,892,fitted,42.0
nih_nall_seed3_densenet121_matched,nih,3,1000,492001,balanced,Pleural_Effusion,52,948,fitted,37.0
nih_nall_seed3_densenet121_matched,nih,3,1000,492001,balanced,Atelectasis,5,995,fitted,31.0
nih_nall_seed3_densenet121_matched,nih,3,1000,492001,balanced,Consolidation,13,987,fitted,34.0
nih_nall_seed3_densenet121_matched,nih,3,1000,492002,unweighted,Cardiomegaly,112,888,fitted,34.0
nih_nall_seed3_densenet121_matched,nih,3,1000,492002,unweighted,Pleural_Effusion,50,950,fitted,25.0
nih_nall_seed3_densenet121_matched,nih,3,1000,492002,unweighted,Atelectasis,5,995,fitted,18.0
nih_nall_seed3_densenet121_matched,nih,3,1000,492002,unweighted,Consolidation,7,993,fitted,18.0
nih_nall_seed3_densenet121_matched,nih,3,1000,492002,balanced,Cardiomegaly,112,888,fitted,41.0
nih_nall_seed3_densenet121_matched,nih,3,1000,492002,balanced,Pleural_Effusion,50,950,fitted,35.0
nih_nall_seed3_densenet121_matched,nih,3,1000,492002,balanced,Atelectasis,5,995,fitted,29.0
nih_nall_seed3_densenet121_matched,nih,3,1000,492002,balanced,Consolidation,7,993,fitted,32.0
nih_nall_seed3_densenet121_matched,nih,3,1000,492003,unweighted,Cardiomegaly,117,883,fitted,32.0
nih_nall_seed3_densenet121_matched,nih,3,1000,492003,unweighted,Pleural_Effusion,46,954,fitted,26.0
nih_nall_seed3_densenet121_matched,nih,3,1000,492003,unweighted,Atelectasis,8,992,fitted,17.0
nih_nall_seed3_densenet121_matched,nih,3,1000,492003,unweighted,Consolidation,8,992,fitted,17.0
nih_nall_seed3_densenet121_matched,nih,3,1000,492003,balanced,Cardiomegaly,117,883,fitted,39.0
nih_nall_seed3_densenet121_matched,nih,3,1000,492003,balanced,Pleural_Effusion,46,954,fitted,29.0
nih_nall_seed3_densenet121_matched,nih,3,1000,492003,balanced,Atelectasis,8,992,fitted,30.0
nih_nall_seed3_densenet121_matched,nih,3,1000,492003,balanced,Consolidation,8,992,fitted,29.0
nih_nall_seed3_densenet121_matched,nih,3,2000,492001,unweighted,Cardiomegaly,236,1764,fitted,49.0
nih_nall_seed3_densenet121_matched,nih,3,2000,492001,unweighted,Pleural_Effusion,100,1900,fitted,29.0
nih_nall_seed3_densenet121_matched,nih,3,2000,492001,unweighted,Atelectasis,9,1991,fitted,18.0
nih_nall_seed3_densenet121_matched,nih,3,2000,492001,unweighted,Consolidation,21,1979,fitted,20.0
nih_nall_seed3_densenet121_matched,nih,3,2000,492001,balanced,Cardiomegaly,236,1764,fitted,50.0
nih_nall_seed3_densenet121_matched,nih,3,2000,492001,balanced,Pleural_Effusion,100,1900,fitted,45.0
nih_nall_seed3_densenet121_matched,nih,3,2000,492001,balanced,Atelectasis,9,1991,fitted,35.0
nih_nall_seed3_densenet121_matched,nih,3,2000,492001,balanced,Consolidation,21,1979,fitted,38.0
nih_nall_seed3_densenet121_matched,nih,3,2000,492002,unweighted,Cardiomegaly,244,1756,fitted,42.0
nih_nall_seed3_densenet121_matched,nih,3,2000,492002,unweighted,Pleural_Effusion,94,1906,fitted,27.0
nih_nall_seed3_densenet121_matched,nih,3,2000,492002,unweighted,Atelectasis,7,1993,fitted,15.0
nih_nall_seed3_densenet121_matched,nih,3,2000,492002,unweighted,Consolidation,16,1984,fitted,19.0
nih_nall_seed3_densenet121_matched,nih,3,2000,492002,balanced,Cardiomegaly,244,1756,fitted,50.0
nih_nall_seed3_densenet121_matched,nih,3,2000,492002,balanced,Pleural_Effusion,94,1906,fitted,37.0
nih_nall_seed3_densenet121_matched,nih,3,2000,492002,balanced,Atelectasis,7,1993,fitted,34.0
nih_nall_seed3_densenet121_matched,nih,3,2000,492002,balanced,Consolidation,16,1984,fitted,40.0
nih_nall_seed3_densenet121_matched,nih,3,2000,492003,unweighted,Cardiomegaly,241,1759,fitted,43.0
nih_nall_seed3_densenet121_matched,nih,3,2000,492003,unweighted,Pleural_Effusion,92,1908,fitted,28.0
nih_nall_seed3_densenet121_matched,nih,3,2000,492003,unweighted,Atelectasis,9,1991,fitted,18.0
nih_nall_seed3_densenet121_matched,nih,3,2000,492003,unweighted,Consolidation,18,1982,fitted,20.0
nih_nall_seed3_densenet121_matched,nih,3,2000,492003,balanced,Cardiomegaly,241,1759,fitted,58.0
nih_nall_seed3_densenet121_matched,nih,3,2000,492003,balanced,Pleural_Effusion,92,1908,fitted,47.0
nih_nall_seed3_densenet121_matched,nih,3,2000,492003,balanced,Atelectasis,9,1991,fitted,30.0
nih_nall_seed3_densenet121_matched,nih,3,2000,492003,balanced,Consolidation,18,1982,fitted,42.0
