source,head_budget,head_loss,finding,metric,difference_head_minus_original,lower,upper,paired_fits,expected_fits,bootstrap_repeats,conditioning
chexpert,250,unweighted,Pleural_Effusion,AUROC,-0.0024967664622720744,-0.008628742693674326,0.0023179183664318466,9,9,2000,"paired assessment images; fixed source backbones, fitted heads and local calibration maps"
chexpert,250,unweighted,Pleural_Effusion,recalibrated_Brier,-0.0008184826045387599,-0.002374667551036728,0.0006798646676893029,9,9,2000,"paired assessment images; fixed source backbones, fitted heads and local calibration maps"
chexpert,250,balanced,Pleural_Effusion,AUROC,-0.004338069183947684,-0.012230035155413887,0.0017450439510879696,9,9,2000,"paired assessment images; fixed source backbones, fitted heads and local calibration maps"
chexpert,250,balanced,Pleural_Effusion,recalibrated_Brier,-0.0007152998628320455,-0.002283011292970623,0.0008195486105219822,9,9,2000,"paired assessment images; fixed source backbones, fitted heads and local calibration maps"
chexpert,500,unweighted,Pleural_Effusion,AUROC,-0.0009940366142379266,-0.00706093962895899,0.003951067109443522,9,9,2000,"paired assessment images; fixed source backbones, fitted heads and local calibration maps"
chexpert,500,unweighted,Pleural_Effusion,recalibrated_Brier,-0.0014959495407606985,-0.003063980993202731,-7.542800904963894e-05,9,9,2000,"paired assessment images; fixed source backbones, fitted heads and local calibration maps"
chexpert,500,balanced,Pleural_Effusion,AUROC,-0.0018012744016392042,-0.008382507931844198,0.0035130928998085495,9,9,2000,"paired assessment images; fixed source backbones, fitted heads and local calibration maps"
chexpert,500,balanced,Pleural_Effusion,recalibrated_Brier,-0.0012441908222730537,-0.0028760944910839856,0.000295717549371415,9,9,2000,"paired assessment images; fixed source backbones, fitted heads and local calibration maps"
chexpert,1000,unweighted,Pleural_Effusion,AUROC,-0.002682731365774645,-0.010030263872892776,0.0035720779230845115,9,9,2000,"paired assessment images; fixed source backbones, fitted heads and local calibration maps"
chexpert,1000,unweighted,Pleural_Effusion,recalibrated_Brier,-0.0019190904874058765,-0.003925358515173948,-0.00019144383028793518,9,9,2000,"paired assessment images; fixed source backbones, fitted heads and local calibration maps"
chexpert,1000,balanced,Pleural_Effusion,AUROC,-0.0034290927497871745,-0.01063094018473044,0.0028802913862059688,9,9,2000,"paired assessment images; fixed source backbones, fitted heads and local calibration maps"
chexpert,1000,balanced,Pleural_Effusion,recalibrated_Brier,-0.0014967425957882784,-0.0035050173036974804,0.00026401853839238924,9,9,2000,"paired assessment images; fixed source backbones, fitted heads and local calibration maps"
chexpert,2000,unweighted,Pleural_Effusion,AUROC,-0.004587412260841238,-0.014546520289993465,0.003797410974197726,9,9,2000,"paired assessment images; fixed source backbones, fitted heads and local calibration maps"
chexpert,2000,unweighted,Pleural_Effusion,recalibrated_Brier,-0.001537258013584849,-0.0038988421694133727,0.0006468923434574681,9,9,2000,"paired assessment images; fixed source backbones, fitted heads and local calibration maps"
chexpert,2000,balanced,Pleural_Effusion,AUROC,-0.006255258929025651,-0.01729948160627189,0.002782772902032124,9,9,2000,"paired assessment images; fixed source backbones, fitted heads and local calibration maps"
chexpert,2000,balanced,Pleural_Effusion,recalibrated_Brier,-0.0009574329902313672,-0.003410295371887026,0.0013314882685469813,9,9,2000,"paired assessment images; fixed source backbones, fitted heads and local calibration maps"
nih,250,unweighted,Pleural_Effusion,AUROC,0.019133536977411516,0.003891905149112172,0.040342785506184246,9,9,2000,"paired assessment images; fixed source backbones, fitted heads and local calibration maps"
nih,250,unweighted,Pleural_Effusion,recalibrated_Brier,-0.0017394587466492343,-0.0038048868216838303,0.0002729628478216469,9,9,2000,"paired assessment images; fixed source backbones, fitted heads and local calibration maps"
nih,250,balanced,Pleural_Effusion,AUROC,0.017244700625692673,0.0018978833112966629,0.0387615836557809,9,9,2000,"paired assessment images; fixed source backbones, fitted heads and local calibration maps"
nih,250,balanced,Pleural_Effusion,recalibrated_Brier,-0.0012401255243416043,-0.003329490531921365,0.0008389026014684176,9,9,2000,"paired assessment images; fixed source backbones, fitted heads and local calibration maps"
nih,500,unweighted,Pleural_Effusion,AUROC,0.02240501821705523,0.006718787955171053,0.04388686527134496,9,9,2000,"paired assessment images; fixed source backbones, fitted heads and local calibration maps"
nih,500,unweighted,Pleural_Effusion,recalibrated_Brier,-0.0029653431388206386,-0.004818961245778719,-0.0011605083249270627,9,9,2000,"paired assessment images; fixed source backbones, fitted heads and local calibration maps"
nih,500,balanced,Pleural_Effusion,AUROC,0.021255037939342063,0.005378801418183117,0.04326613862454233,9,9,2000,"paired assessment images; fixed source backbones, fitted heads and local calibration maps"
nih,500,balanced,Pleural_Effusion,recalibrated_Brier,-0.0026727580442437436,-0.0045525201295795814,-0.0008611333935291044,9,9,2000,"paired assessment images; fixed source backbones, fitted heads and local calibration maps"
nih,1000,unweighted,Pleural_Effusion,AUROC,0.02250008547714175,0.007525297433324856,0.0442285811492988,9,9,2000,"paired assessment images; fixed source backbones, fitted heads and local calibration maps"
nih,1000,unweighted,Pleural_Effusion,recalibrated_Brier,-0.003622694850711044,-0.005414667364829311,-0.0018375043941124473,9,9,2000,"paired assessment images; fixed source backbones, fitted heads and local calibration maps"
nih,1000,balanced,Pleural_Effusion,AUROC,0.02117664914593742,0.006055891265843341,0.042955230905179054,9,9,2000,"paired assessment images; fixed source backbones, fitted heads and local calibration maps"
nih,1000,balanced,Pleural_Effusion,recalibrated_Brier,-0.0032539948433394457,-0.005087129814884269,-0.0014524764170692332,9,9,2000,"paired assessment images; fixed source backbones, fitted heads and local calibration maps"
nih,2000,unweighted,Pleural_Effusion,AUROC,0.02306214980431989,0.006425204531299968,0.04597904625111003,9,9,2000,"paired assessment images; fixed source backbones, fitted heads and local calibration maps"
nih,2000,unweighted,Pleural_Effusion,recalibrated_Brier,-0.0040331198658327206,-0.0060201254243442935,-0.0020486307555676354,9,9,2000,"paired assessment images; fixed source backbones, fitted heads and local calibration maps"
nih,2000,balanced,Pleural_Effusion,AUROC,0.02047948923863632,0.0029792382931361832,0.04396962456218145,9,9,2000,"paired assessment images; fixed source backbones, fitted heads and local calibration maps"
nih,2000,balanced,Pleural_Effusion,recalibrated_Brier,-0.0036203477953344067,-0.005700623912003984,-0.0016123503859695628,9,9,2000,"paired assessment images; fixed source backbones, fitted heads and local calibration maps"
