source,head_loss,method,metric,difference_head_minus_original,lower,upper,valid,requested,head_budget,calibration_budget,interval
chexpert,balanced,empirical,sensitivity,-0.054750402576489554,-0.14627104377104375,0.024220628712154153,500,500,2000,1000,95% joint calibration/assessment bootstrap; fixed fitted heads
chexpert,balanced,empirical,specificity,0.025317912423039268,0.004034030188189108,0.046020332698919364,500,500,2000,1000,95% joint calibration/assessment bootstrap; fixed fitted heads
chexpert,balanced,empirical,fn,3.7777777777777777,-1.5555555555555556,10.063888888888881,500,500,2000,1000,95% joint calibration/assessment bootstrap; fixed fitted heads
chexpert,balanced,empirical,fp,-48.888888888888886,-88.625,-7.813888888888906,500,500,2000,1000,95% joint calibration/assessment bootstrap; fixed fitted heads
chexpert,balanced,guarded,sensitivity,-0.05475040257648954,-0.10892857142857144,0.008912890762205826,496,500,2000,1000,95% joint calibration/assessment bootstrap; fixed fitted heads
chexpert,balanced,guarded,specificity,0.29282467345647045,0.003507049876745468,0.3163443228431635,496,500,2000,1000,95% joint calibration/assessment bootstrap; fixed fitted heads
chexpert,balanced,guarded,fn,3.7777777777777777,-0.6666666666666666,7.666666666666667,496,500,2000,1000,95% joint calibration/assessment bootstrap; fixed fitted heads
chexpert,balanced,guarded,fp,-565.4444444444445,-610.2916666666666,-6.777777777777778,496,500,2000,1000,95% joint calibration/assessment bootstrap; fixed fitted heads
chexpert,unweighted,empirical,sensitivity,-0.056360708534621606,-0.14573132454488386,0.02708333333333328,500,500,2000,1000,95% joint calibration/assessment bootstrap; fixed fitted heads
chexpert,unweighted,empirical,specificity,0.02635364520398177,0.005881184389492843,0.04717215952965899,500,500,2000,1000,95% joint calibration/assessment bootstrap; fixed fitted heads
chexpert,unweighted,empirical,fn,3.888888888888889,-1.7777777777777777,10.116666666666662,500,500,2000,1000,95% joint calibration/assessment bootstrap; fixed fitted heads
chexpert,unweighted,empirical,fp,-50.888888888888886,-90.91666666666666,-11.333333333333334,500,500,2000,1000,95% joint calibration/assessment bootstrap; fixed fitted heads
chexpert,unweighted,guarded,sensitivity,-0.04830917874396136,-0.10942460317460317,0.00849266474266473,496,500,2000,1000,95% joint calibration/assessment bootstrap; fixed fitted heads
chexpert,unweighted,guarded,specificity,0.28298521203751653,0.003052967541603921,0.30901628383466256,496,500,2000,1000,95% joint calibration/assessment bootstrap; fixed fitted heads
chexpert,unweighted,guarded,fn,3.3333333333333335,-0.5555555555555556,7.666666666666667,496,500,2000,1000,95% joint calibration/assessment bootstrap; fixed fitted heads
chexpert,unweighted,guarded,fp,-546.4444444444445,-597.1388888888889,-5.888888888888889,496,500,2000,1000,95% joint calibration/assessment bootstrap; fixed fitted heads
nih,balanced,empirical,sensitivity,-0.030595813204508843,-0.12509229957805904,0.06593806921675768,500,500,2000,1000,95% joint calibration/assessment bootstrap; fixed fitted heads
nih,balanced,empirical,specificity,0.02934576212670465,-0.004099833243975753,0.12168696583130285,500,500,2000,1000,95% joint calibration/assessment bootstrap; fixed fitted heads
nih,balanced,empirical,fn,2.111111111111111,-4.672222222222222,8.777777777777779,500,500,2000,1000,95% joint calibration/assessment bootstrap; fixed fitted heads
nih,balanced,empirical,fp,-56.666666666666664,-234.95277777777778,7.911111111111091,500,500,2000,1000,95% joint calibration/assessment bootstrap; fixed fitted heads
nih,balanced,guarded,sensitivity,-0.012882447665056394,-0.0989946102819237,0.040984909628977446,496,500,2000,1000,95% joint calibration/assessment bootstrap; fixed fitted heads
nih,balanced,guarded,specificity,0.12446055584325912,0.013639460650330212,0.17744831475437575,496,500,2000,1000,95% joint calibration/assessment bootstrap; fixed fitted heads
nih,balanced,guarded,fn,0.8888888888888888,-2.9166666666666665,6.777777777777778,496,500,2000,1000,95% joint calibration/assessment bootstrap; fixed fitted heads
nih,balanced,guarded,fp,-240.33333333333334,-341.44444444444446,-26.291666666666668,496,500,2000,1000,95% joint calibration/assessment bootstrap; fixed fitted heads
nih,unweighted,empirical,sensitivity,-0.030595813204508843,-0.12863794191919192,0.0627380952380952,500,500,2000,1000,95% joint calibration/assessment bootstrap; fixed fitted heads
nih,unweighted,empirical,specificity,0.03239541975947984,0.0001672964398530094,0.1263995124475996,500,500,2000,1000,95% joint calibration/assessment bootstrap; fixed fitted heads
nih,unweighted,empirical,fn,2.111111111111111,-4.333333333333333,9.05833333333333,500,500,2000,1000,95% joint calibration/assessment bootstrap; fixed fitted heads
nih,unweighted,empirical,fp,-62.55555555555556,-243.88888888888889,-0.32222222222223235,500,500,2000,1000,95% joint calibration/assessment bootstrap; fixed fitted heads
nih,unweighted,guarded,sensitivity,-0.008051529790660261,-0.10547438672438672,0.038416447158365286,496,500,2000,1000,95% joint calibration/assessment bootstrap; fixed fitted heads
nih,unweighted,guarded,specificity,0.13516312791299848,0.020155084013779658,0.18144119636627892,496,500,2000,1000,95% joint calibration/assessment bootstrap; fixed fitted heads
nih,unweighted,guarded,fn,0.5555555555555556,-2.736111111111111,7.583333333333334,496,500,2000,1000,95% joint calibration/assessment bootstrap; fixed fitted heads
nih,unweighted,guarded,fp,-261.0,-349.5,-38.84722222222222,496,500,2000,1000,95% joint calibration/assessment bootstrap; fixed fitted heads
