run_id,source,size,seed,architecture,schedule,training_images,training_patients,validation_images,validation_patients,updates,best_update,stop_reason,hours
chexpert_n1000_seed1_densenet121_convergence,chexpert,1000,1,densenet121,convergence,1012,357,12668,4794,10000,4000,prespecified_early_stop,0.7348653594427778
nih_n1000_seed1_densenet121_convergence,nih,1000,1,densenet121,convergence,1006,307,11342,3080,12000,6000,prespecified_early_stop,0.6451467739725001
chexpert_nall_seed1_densenet121_convergence,chexpert,all,1,densenet121,convergence,87939,33471,12668,4794,18000,12000,prespecified_early_stop,5.138806376440278
nih_nall_seed1_densenet121_convergence,nih,all,1,densenet121,convergence,79481,21564,11342,3080,19000,13000,prespecified_early_stop,3.545734898573056
chexpert_n1000_seed2_densenet121_convergence,chexpert,1000,2,densenet121,convergence,1000,338,12668,4794,11000,5000,prespecified_early_stop,0.33798667194805604
nih_n1000_seed2_densenet121_convergence,nih,1000,2,densenet121,convergence,1000,306,11342,3080,17000,17000,prespecified_early_stop,0.7786747619186118
chexpert_nall_seed2_densenet121_convergence,chexpert,all,2,densenet121,convergence,87939,33471,12668,4794,22000,16000,prespecified_early_stop,2.1660193205436107
nih_nall_seed2_densenet121_convergence,nih,all,2,densenet121,convergence,79481,21564,11342,3080,16000,10000,prespecified_early_stop,1.1479082016619455
chexpert_n1000_seed3_densenet121_convergence,chexpert,1000,3,densenet121,convergence,1002,369,12668,4794,10000,4000,prespecified_early_stop,0.28763221256833277
nih_n1000_seed3_densenet121_convergence,nih,1000,3,densenet121,convergence,1000,264,11342,3080,14000,8000,prespecified_early_stop,0.3852523056694453
chexpert_nall_seed3_densenet121_convergence,chexpert,all,3,densenet121,convergence,87939,33471,12668,4794,16000,11000,prespecified_early_stop,1.3805874469275012
nih_nall_seed3_densenet121_convergence,nih,all,3,densenet121,convergence,79481,21564,11342,3080,15000,9000,prespecified_early_stop,1.1760157523400003
chexpert_n10000_seed1_densenet121_convergence,chexpert,10000,1,densenet121,convergence,10000,3769,12668,4794,7000,1000,prespecified_early_stop,1.6052074416791684
chexpert_n5000_seed1_densenet121_convergence,chexpert,5000,1,densenet121,convergence,5002,1810,12668,4794,7000,1000,prespecified_early_stop,1.2064281040786111
chexpert_n50000_seed1_densenet121_convergence,chexpert,50000,1,densenet121,convergence,50009,19175,12668,4794,11000,6000,prespecified_early_stop,3.4170854035875
nih_n10000_seed1_densenet121_convergence,nih,10000,1,densenet121,convergence,10051,2803,11342,3080,7000,1000,prespecified_early_stop,1.9155328150241673
nih_n5000_seed1_densenet121_convergence,nih,5000,1,densenet121,convergence,5003,1434,11342,3080,7000,1000,prespecified_early_stop,0.8783759655769448
nih_n50000_seed1_densenet121_convergence,nih,50000,1,densenet121,convergence,50002,13761,11342,3080,12000,6000,prespecified_early_stop,2.0958155349497227
chexpert_n10000_seed2_densenet121_convergence,chexpert,10000,2,densenet121,convergence,10008,3730,12668,4794,7000,1000,prespecified_early_stop,0.7459582957858334
chexpert_n5000_seed2_densenet121_convergence,chexpert,5000,2,densenet121,convergence,5003,1853,12668,4794,7000,1000,prespecified_early_stop,0.3534621215927781
chexpert_n50000_seed2_densenet121_convergence,chexpert,50000,2,densenet121,convergence,50000,18998,12668,4794,15000,9000,prespecified_early_stop,2.0129497803150005
nih_n10000_seed2_densenet121_convergence,nih,10000,2,densenet121,convergence,10000,2819,11342,3080,8000,2000,prespecified_early_stop,0.5902903350744448
nih_n5000_seed2_densenet121_convergence,nih,5000,2,densenet121,convergence,5001,1506,11342,3080,7000,1000,prespecified_early_stop,0.35015164919583386
nih_n50000_seed2_densenet121_convergence,nih,50000,2,densenet121,convergence,50000,13454,11342,3080,14000,8000,prespecified_early_stop,1.5093557199955558
chexpert_n10000_seed3_densenet121_convergence,chexpert,10000,3,densenet121,convergence,10025,3664,12668,4794,7000,1000,prespecified_early_stop,0.5003957434502778
chexpert_n5000_seed3_densenet121_convergence,chexpert,5000,3,densenet121,convergence,5001,1806,12668,4794,7000,1000,prespecified_early_stop,0.3399773220961116
chexpert_n50000_seed3_densenet121_convergence,chexpert,50000,3,densenet121,convergence,50021,18940,12668,4794,13000,7000,prespecified_early_stop,1.2910319020086112
nih_n10000_seed3_densenet121_convergence,nih,10000,3,densenet121,convergence,10000,2651,11342,3080,7000,1000,prespecified_early_stop,0.41138683696666706
nih_n5000_seed3_densenet121_convergence,nih,5000,3,densenet121,convergence,5013,1371,11342,3080,7000,1000,prespecified_early_stop,0.33767502159666646
nih_n50000_seed3_densenet121_convergence,nih,50000,3,densenet121,convergence,50009,13542,11342,3080,12000,6000,prespecified_early_stop,0.9930967104833346
chexpert_n1000_seed1_densenet121_matched,chexpert,1000,1,densenet121,matched,1012,357,12668,4794,20000,4000,maximum_updates_reached,0.8661817680600001
nih_n1000_seed1_densenet121_matched,nih,1000,1,densenet121,matched,1006,307,11342,3080,20000,8000,maximum_updates_reached,0.8646749504830566
chexpert_n10000_seed1_densenet121_matched,chexpert,10000,1,densenet121,matched,10000,3769,12668,4794,20000,1000,maximum_updates_reached,0.9861260296386111
nih_n10000_seed1_densenet121_matched,nih,10000,1,densenet121,matched,10051,2803,11342,3080,20000,2000,maximum_updates_reached,0.8808269041869445
chexpert_nall_seed1_densenet121_matched,chexpert,all,1,densenet121,matched,87939,33471,12668,4794,20000,9000,maximum_updates_reached,1.9061207695505558
nih_nall_seed1_densenet121_matched,nih,all,1,densenet121,matched,79481,21564,11342,3080,20000,9000,maximum_updates_reached,1.3522686547988896
chexpert_n1000_seed2_densenet121_matched,chexpert,1000,2,densenet121,matched,1000,338,12668,4794,20000,2000,maximum_updates_reached,0.907188204365278
nih_n1000_seed2_densenet121_matched,nih,1000,2,densenet121,matched,1000,306,11342,3080,20000,10000,maximum_updates_reached,0.8898018912391692
chexpert_n10000_seed2_densenet121_matched,chexpert,10000,2,densenet121,matched,10008,3730,12668,4794,20000,1000,maximum_updates_reached,0.9755477998697218
nih_n10000_seed2_densenet121_matched,nih,10000,2,densenet121,matched,10000,2819,11342,3080,20000,2000,maximum_updates_reached,0.9226436421213899
chexpert_nall_seed2_densenet121_matched,chexpert,all,2,densenet121,matched,87939,33471,12668,4794,20000,13000,maximum_updates_reached,1.3919238717147244
nih_nall_seed2_densenet121_matched,nih,all,2,densenet121,matched,79481,21564,11342,3080,20000,10000,maximum_updates_reached,1.175116489640277
chexpert_n1000_seed3_densenet121_matched,chexpert,1000,3,densenet121,matched,1002,369,12668,4794,20000,5000,maximum_updates_reached,0.7077735372247237
nih_n1000_seed3_densenet121_matched,nih,1000,3,densenet121,matched,1000,264,11342,3080,20000,9000,maximum_updates_reached,0.5724899447219448
chexpert_n10000_seed3_densenet121_matched,chexpert,10000,3,densenet121,matched,10025,3664,12668,4794,20000,1000,maximum_updates_reached,0.5715690461569466
nih_n10000_seed3_densenet121_matched,nih,10000,3,densenet121,matched,10000,2651,11342,3080,20000,2000,maximum_updates_reached,0.5570945664486094
chexpert_nall_seed3_densenet121_matched,chexpert,all,3,densenet121,matched,87939,33471,12668,4794,20000,10000,maximum_updates_reached,0.7686510195247239
nih_nall_seed3_densenet121_matched,nih,all,3,densenet121,matched,79481,21564,11342,3080,20000,10000,maximum_updates_reached,0.6719606613755564
chexpert_n1000_seed1_resnet34_convergence,chexpert,1000,1,resnet34,convergence,1012,357,12668,4794,9000,3000,prespecified_early_stop,0.1402744714524993
nih_n1000_seed1_resnet34_convergence,nih,1000,1,resnet34,convergence,1006,307,11342,3080,14000,8000,prespecified_early_stop,0.1937476370163899
chexpert_n10000_seed1_resnet34_convergence,chexpert,10000,1,resnet34,convergence,10000,3769,12668,4794,7000,1000,prespecified_early_stop,0.1280104637149998
nih_n10000_seed1_resnet34_convergence,nih,10000,1,resnet34,convergence,10051,2803,11342,3080,7000,1000,prespecified_early_stop,0.11750015370249861
chexpert_nall_seed1_resnet34_convergence,chexpert,all,1,resnet34,convergence,87939,33471,12668,4794,22000,16000,prespecified_early_stop,0.5360953885202778
nih_nall_seed1_resnet34_convergence,nih,all,1,resnet34,convergence,79481,21564,11342,3080,22000,16000,prespecified_early_stop,0.4222478186991672
chexpert_n1000_seed2_resnet34_convergence,chexpert,1000,2,resnet34,convergence,1000,338,12668,4794,9000,3000,prespecified_early_stop,0.137994092221945
nih_n1000_seed2_resnet34_convergence,nih,1000,2,resnet34,convergence,1000,306,11342,3080,13000,7000,prespecified_early_stop,0.17475051735527813
chexpert_n10000_seed2_resnet34_convergence,chexpert,10000,2,resnet34,convergence,10008,3730,12668,4794,7000,1000,prespecified_early_stop,0.11939449202166644
nih_n10000_seed2_resnet34_convergence,nih,10000,2,resnet34,convergence,10000,2819,11342,3080,8000,2000,prespecified_early_stop,0.1244584031236122
chexpert_nall_seed2_resnet34_convergence,chexpert,all,2,resnet34,convergence,87939,33471,12668,4794,19000,16000,prespecified_early_stop,0.42714917329833246
nih_nall_seed2_resnet34_convergence,nih,all,2,resnet34,convergence,79481,21564,11342,3080,20000,14000,prespecified_early_stop,0.3693604791555562
chexpert_n1000_seed3_resnet34_convergence,chexpert,1000,3,resnet34,convergence,1002,369,12668,4794,7000,1000,prespecified_early_stop,0.10558035620916699
nih_n1000_seed3_resnet34_convergence,nih,1000,3,resnet34,convergence,1000,264,11342,3080,11000,5000,prespecified_early_stop,0.1488078734894427
chexpert_n10000_seed3_resnet34_convergence,chexpert,10000,3,resnet34,convergence,10025,3664,12668,4794,7000,1000,prespecified_early_stop,0.11944380994861098
nih_n10000_seed3_resnet34_convergence,nih,10000,3,resnet34,convergence,10000,2651,11342,3080,7000,1000,prespecified_early_stop,0.11402773045971926
chexpert_nall_seed3_resnet34_convergence,chexpert,all,3,resnet34,convergence,87939,33471,12668,4794,16000,10000,prespecified_early_stop,0.3741902717161105
nih_nall_seed3_resnet34_convergence,nih,all,3,resnet34,convergence,79481,21564,11342,3080,18000,12000,prespecified_early_stop,0.34130007760249603
