source,size,positive_labels,method,attempts,feasibility,sensitivity_mean,specificity_mean,specificity_p10,specificity_p90
chexpert,1000,5,empirical,600,1.0,0.8969323671497585,0.5452520283100293,0.1548420507509062,0.8104609010875194
chexpert,1000,5,order_statistic,600,0.0,,,,
chexpert,1000,10,empirical,600,1.0,0.8755314009661835,0.6405877783531848,0.4443293630243397,0.8234075608493009
chexpert,1000,10,order_statistic,600,0.0,,,,
chexpert,1000,20,empirical,600,1.0,0.9021497584541063,0.6129233557742103,0.4546866908337649,0.7638529259451061
chexpert,1000,20,order_statistic,600,0.0,,,,
chexpert,1000,29,empirical,600,1.0,0.9391787439613527,0.509457103400656,0.2651475919212843,0.6628689798032108
chexpert,1000,29,order_statistic,600,1.0,0.980048309178744,0.215792335577421,0.1517348524080787,0.4174003107198343
chexpert,1000,40,empirical,600,1.0,0.9216425120772948,0.6051717590195064,0.4614189539098912,0.6628689798032108
chexpert,1000,40,order_statistic,600,1.0,0.9846376811594202,0.17954255135508368,0.1517348524080787,0.2128430864836872
chexpert,10000,5,empirical,600,1.0,0.8681642512077296,0.8233281546694287,0.4458829621957535,0.9596064215432418
chexpert,10000,5,order_statistic,600,0.0,,,,
chexpert,10000,10,empirical,600,1.0,0.8449033816425121,0.9008510271016744,0.799585706887623,0.9596064215432418
chexpert,10000,10,order_statistic,600,0.0,,,,
chexpert,10000,20,empirical,600,1.0,0.8700241545893721,0.8919558087346797,0.799585706887623,0.9425168306576904
chexpert,10000,20,order_statistic,600,0.0,,,,
chexpert,10000,29,empirical,600,1.0,0.9125120772946861,0.8485145865699982,0.7389953392024857,0.907819782496116
chexpert,10000,29,order_statistic,600,1.0,0.9745652173913044,0.5139193854652166,0.3806317969963749,0.8073537027446919
chexpert,10000,40,empirical,600,1.0,0.8874154589371981,0.8927645434144658,0.8694976696012429,0.9135163127913
chexpert,10000,40,order_statistic,600,1.0,0.983768115942029,0.4259036768513723,0.3806317969963749,0.4458829621957535
chexpert,all,5,empirical,600,1.0,0.8414492753623188,0.9169575349559814,0.6975660279647851,0.9911962713619886
chexpert,all,5,order_statistic,600,0.0,,,,
chexpert,all,10,empirical,600,1.0,0.8306763285024155,0.9639392370101846,0.9337131020196788,0.987622993267737
chexpert,all,10,order_statistic,600,0.0,,,,
chexpert,all,20,empirical,600,1.0,0.8721739130434784,0.9590876920421197,0.9337131020196788,0.9756602796478508
chexpert,all,20,order_statistic,600,0.0,,,,
chexpert,all,29,empirical,600,1.0,0.9135024154589373,0.947212152597963,0.9249093733816676,0.9632314862765406
chexpert,all,29,order_statistic,600,1.0,0.981111111111111,0.7142603141722769,0.5919212843086483,0.9394096323148629
chexpert,all,40,empirical,600,1.0,0.891231884057971,0.9529837735197652,0.9337131020196788,0.9632832729155878
chexpert,all,40,order_statistic,600,1.0,0.9929951690821256,0.6434783359226653,0.5919212843086483,0.6975660279647851
nih,1000,5,empirical,600,1.0,0.8487439613526571,0.5219195580873468,0.158467115484205,0.8845157949249094
nih,1000,5,order_statistic,600,0.0,,,,
nih,1000,10,empirical,600,1.0,0.8347584541062802,0.5997540134645262,0.3412739513205593,0.8710512687726567
nih,1000,10,order_statistic,600,0.0,,,,
nih,1000,20,empirical,600,1.0,0.8791545893719807,0.5448161574313827,0.368720870015536,0.7022268254790264
nih,1000,20,order_statistic,600,0.0,,,,
nih,1000,29,empirical,600,1.0,0.9236473429951692,0.44253322976005516,0.2744691869497669,0.5789746245468669
nih,1000,29,order_statistic,600,1.0,0.96768115942029,0.15693768341101327,0.0,0.3852925945106162
nih,1000,40,empirical,600,1.0,0.9128743961352657,0.49835059554634903,0.368720870015536,0.5789746245468669
nih,1000,40,order_statistic,600,1.0,0.9783091787439614,0.09157604004833418,0.0,0.2366649404453651
nih,10000,5,empirical,600,1.0,0.817512077294686,0.6188322112894873,0.216468151216986,0.9487312273433454
nih,10000,5,order_statistic,600,0.0,,,,
nih,10000,10,empirical,600,1.0,0.8031159420289855,0.7030588641463835,0.4215432418436043,0.9337131020196788
nih,10000,10,order_statistic,600,0.0,,,,
nih,10000,20,empirical,600,1.0,0.8486473429951691,0.6564750561021924,0.5018125323666494,0.8663904712584153
nih,10000,20,order_statistic,600,0.0,,,,
nih,10000,29,empirical,600,1.0,0.8875603864734299,0.574014327636803,0.4215432418436043,0.7659243915069912
nih,10000,29,order_statistic,600,1.0,0.971400966183575,0.22541256689107542,0.0,0.4759192128430864
nih,10000,40,empirical,600,1.0,0.8796618357487923,0.6195779388917659,0.5018125323666494,0.7659243915069912
nih,10000,40,order_statistic,600,1.0,0.9843961352657005,0.16119195580873466,0.0,0.2433972035214914
nih,all,5,empirical,600,1.0,0.8133816425120773,0.9039892974279303,0.7907819782496116,0.9842050750906267
nih,all,5,order_statistic,600,0.0,,,,
nih,all,10,empirical,600,1.0,0.8020531400966183,0.9371163473157259,0.875712066286898,0.981874676333506
nih,all,10,order_statistic,600,0.0,,,,
nih,all,20,empirical,600,1.0,0.8328260869565217,0.9310435007767995,0.8855515277058519,0.9663386846193682
nih,all,20,order_statistic,600,0.0,,,,
nih,all,29,empirical,600,1.0,0.8609661835748792,0.9037536682202659,0.8389435525634387,0.9564992232004144
nih,all,29,order_statistic,600,1.0,0.933743961352657,0.7809753150353875,0.739513205592957,0.8234075608493009
nih,all,40,empirical,600,1.0,0.8439855072463768,0.9365561885033662,0.911962713619886,0.9571724495080272
nih,all,40,order_statistic,600,1.0,0.9415217391304348,0.7625271879854997,0.739513205592957,0.7907819782496116
