source,finding,method,budget,attempts,feasibility,Brier_mean,Brier_p10,Brier_p90,ECE_mean,log_loss_mean
chexpert,Atelectasis,local_constant,100,600,1.0,0.027938599999999956,0.02769,0.0285,0.012315000000000107,0.14624413942694947
chexpert,Atelectasis,local_constant,250,600,1.0,0.027774439999999945,0.0276879999999999,0.027928,0.007389999999999861,0.13095990531528975
chexpert,Atelectasis,local_constant,500,600,1.0,0.027720049999999958,0.0276879999999999,0.0277779999999999,0.004619999999999786,0.13005494117324554
chexpert,Atelectasis,local_constant,750,600,1.0,0.02769629111111105,0.0276879999999999,0.0277111111111111,0.002345000000000081,0.1296369449090984
chexpert,Atelectasis,local_constant,1000,3,1.0,0.027688,0.027688,0.027688,0.0005000000000015,0.1294931838825003
chexpert,Atelectasis,local_intercept,100,600,0.17,0.027418194051589354,0.0253276295026978,0.02900464883121524,0.02560265036173374,0.11237952731184084
chexpert,Atelectasis,local_intercept,250,600,0.925,0.0259448347504626,0.02472993212606894,0.02712390446833952,0.009860814770654328,0.10486062860804622
chexpert,Atelectasis,local_intercept,500,600,1.0,0.025843421729953502,0.02470990095872939,0.02699744304364595,0.008379416638158627,0.1042629219046681
chexpert,Atelectasis,local_intercept,750,600,1.0,0.02578407970706763,0.02471533240216657,0.026935437825337118,0.0070130779242166,0.1038504968691105
chexpert,Atelectasis,local_intercept,1000,3,1.0,0.0257642763172863,0.0249254481409753,0.02664800225990906,0.0060022883222845,0.10370988137972244
chexpert,Atelectasis,local_logistic,100,600,0.17,0.028187699481555733,0.02538077705224589,0.03205486421501532,0.02595564408929107,0.11413728615124075
chexpert,Atelectasis,local_logistic,250,600,0.925,0.02617164934092627,0.02474626461509746,0.0275122114840027,0.01041108584505789,0.1056348336065337
chexpert,Atelectasis,local_logistic,500,600,1.0,0.025963626703002333,0.02468549787358712,0.02721272956266025,0.00852785395950781,0.10445572753627036
chexpert,Atelectasis,local_logistic,750,600,1.0,0.025851035810107118,0.024651207927053248,0.02706998535403556,0.00692555014825922,0.10374566736632142
chexpert,Atelectasis,local_logistic,1000,3,1.0,0.025802050376715832,0.02487411807261082,0.02672956004155882,0.005370590757552134,0.1034772415369824
chexpert,Atelectasis,raw,100,600,1.0,0.6092437205659613,0.5658805046230555,0.6753297989172861,0.7381922785441081,1.9069799596993142
chexpert,Atelectasis,raw,250,600,1.0,0.6092437205659613,0.5658805046230555,0.6753297989172861,0.7381922785441081,1.9069799596993142
chexpert,Atelectasis,raw,500,600,1.0,0.6092437205659613,0.5658805046230555,0.6753297989172861,0.7381922785441081,1.9069799596993142
chexpert,Atelectasis,raw,750,600,1.0,0.6092437205659613,0.5658805046230555,0.6753297989172861,0.7381922785441081,1.9069799596993142
chexpert,Atelectasis,raw,1000,3,1.0,0.6092437205659613,0.5700085753299529,0.6575680107653373,0.7381922785441081,1.9069799596993144
chexpert,Atelectasis,source_logistic,100,600,1.0,0.7133384181244512,0.6770847333335616,0.7596842756663055,0.8237773382171043,2.115343323364288
chexpert,Atelectasis,source_logistic,250,600,1.0,0.7133384181244512,0.6770847333335616,0.7596842756663055,0.8237773382171043,2.115343323364288
chexpert,Atelectasis,source_logistic,500,600,1.0,0.7133384181244512,0.6770847333335616,0.7596842756663055,0.8237773382171043,2.115343323364288
chexpert,Atelectasis,source_logistic,750,600,1.0,0.7133384181244512,0.6770847333335616,0.7596842756663055,0.8237773382171043,2.115343323364288
chexpert,Atelectasis,source_logistic,1000,3,1.0,0.7133384181244512,0.6823170357415466,0.7483966696077416,0.8237773382171043,2.115343323364288
chexpert,Cardiomegaly,local_constant,100,600,1.0,0.09820059999999999,0.097192,0.09952,0.026670000000000377,0.3527454741219335
chexpert,Cardiomegaly,local_constant,250,600,1.0,0.09769255999999997,0.097144,0.098488,0.020009999999999636,0.34815051669131725
chexpert,Cardiomegaly,local_constant,500,600,1.0,0.09753547999999998,0.09714239999999999,0.09796,0.018129999999999195,0.3469410147431008
chexpert,Cardiomegaly,local_constant,750,600,1.0,0.09746939999999996,0.0972551111111111,0.0977439999999999,0.017899999999999982,0.3464659361158103
chexpert,Cardiomegaly,local_constant,1000,3,1.0,0.097443,0.097443,0.097443,0.0179999999999994,0.34627211385966666
chexpert,Cardiomegaly,local_intercept,100,600,0.945,0.061719509658556736,0.05859400212755954,0.06535845744626455,0.0286582278261672,0.21628042757036087
chexpert,Cardiomegaly,local_intercept,250,600,1.0,0.06092139152356563,0.0585039833013962,0.06395912659476115,0.02513466386959972,0.21291734229030146
chexpert,Cardiomegaly,local_intercept,500,600,1.0,0.06063417256098425,0.05845737624260602,0.06364778763482405,0.023853996776261936,0.21170655609866795
chexpert,Cardiomegaly,local_intercept,750,600,1.0,0.06050280967769101,0.05845262555768502,0.06353469196723788,0.023498509702196826,0.21115925336866867
chexpert,Cardiomegaly,local_intercept,1000,3,1.0,0.060424434148556035,0.0586824997440019,0.06261846784528222,0.023133218143165133,0.21083398067184278
chexpert,Cardiomegaly,local_logistic,100,600,0.945,0.06243825183844186,0.05866143128164148,0.06688093684113894,0.030542887373384738,0.21741419664323314
chexpert,Cardiomegaly,local_logistic,250,600,1.0,0.06124805132754903,0.05850378046851691,0.06416334934109624,0.024609699169933708,0.2118873936044311
chexpert,Cardiomegaly,local_logistic,500,600,1.0,0.060741852718549524,0.05846129402135894,0.06343967235099797,0.021365820567462775,0.20976186864365318
chexpert,Cardiomegaly,local_logistic,750,600,1.0,0.06055256458890983,0.05853560634024977,0.06324262313460594,0.019910651916541563,0.20904306804666437
chexpert,Cardiomegaly,local_logistic,1000,3,1.0,0.060450920834704706,0.05887551909189668,0.062364298195140604,0.017499660000181133,0.20863523516775487
chexpert,Cardiomegaly,raw,100,600,1.0,0.11203832749318397,0.1060712747226425,0.1157967549136392,0.17805906581878658,0.3774411370956321
chexpert,Cardiomegaly,raw,250,600,1.0,0.11203832749318397,0.1060712747226425,0.1157967549136392,0.17805906581878658,0.3774411370956321
chexpert,Cardiomegaly,raw,500,600,1.0,0.11203832749318397,0.1060712747226425,0.1157967549136392,0.17805906581878658,0.3774411370956321
chexpert,Cardiomegaly,raw,750,600,1.0,0.11203832749318397,0.1060712747226425,0.1157967549136392,0.17805906581878658,0.3774411370956321
chexpert,Cardiomegaly,raw,1000,3,1.0,0.11203832749318397,0.10770641034676803,0.11548679449956539,0.1780590658187866,0.3774411370956321
chexpert,Cardiomegaly,source_logistic,100,600,1.0,0.12352627157793815,0.1223094200542854,0.1248160267695778,0.22246744321140763,0.4090087818520765
chexpert,Cardiomegaly,source_logistic,250,600,1.0,0.12352627157793815,0.1223094200542854,0.1248160267695778,0.22246744321140763,0.4090087818520765
chexpert,Cardiomegaly,source_logistic,500,600,1.0,0.12352627157793815,0.1223094200542854,0.1248160267695778,0.22246744321140763,0.4090087818520765
chexpert,Cardiomegaly,source_logistic,750,600,1.0,0.12352627157793815,0.1223094200542854,0.1248160267695778,0.22246744321140763,0.4090087818520765
chexpert,Cardiomegaly,source_logistic,1000,3,1.0,0.12352627157793812,0.12253820962541856,0.12454349499765248,0.22246744321140763,0.40900878185207645
chexpert,Consolidation,local_constant,100,600,1.0,0.031710999999999975,0.03145,0.0322,0.013099999999999728,0.1663919549312594
chexpert,Consolidation,local_constant,250,600,1.0,0.03153231999999998,0.031444,0.031716,0.007460000000000548,0.14510415870892432
chexpert,Consolidation,local_constant,500,600,1.0,0.03147659999999997,0.031444,0.031516,0.004625000000000032,0.14393238746915518
chexpert,Consolidation,local_constant,750,600,1.0,0.03145576222222219,0.031444,0.0314777777777777,0.0027400000000001932,0.14353988461850375
chexpert,Consolidation,local_constant,1000,3,1.0,0.0314459999999999,0.0314459999999999,0.0314459999999999,0.0015000000000008,0.1433646828320534
chexpert,Consolidation,local_intercept,100,600,0.155,0.025389385108782952,0.02311383926304364,0.0288571486214725,0.017392525745690487,0.09563811075783828
chexpert,Consolidation,local_intercept,250,600,0.905,0.023102454199992767,0.022340388229078162,0.023980368022921878,0.013966510807952639,0.091520041731057
chexpert,Consolidation,local_intercept,500,600,1.0,0.02282655549333459,0.02228001755273222,0.02342261810844304,0.013609696770611617,0.09062174288598825
chexpert,Consolidation,local_intercept,750,600,1.0,0.022709460035963042,0.02229307916525963,0.02316746299510793,0.013275885136052703,0.08993706805502134
chexpert,Consolidation,local_intercept,1000,3,1.0,0.0226575116329546,0.022398174002147022,0.022980204209884378,0.013156319456660034,0.0896268646462996
chexpert,Consolidation,local_logistic,100,600,0.155,0.023756064636694833,0.02195690463071922,0.02675686462349696,0.020516416788418,0.09357519817580692
chexpert,Consolidation,local_logistic,250,600,0.905,0.022742896131513864,0.02177587904854396,0.0239318090331508,0.011556774629335527,0.08778147852256418
chexpert,Consolidation,local_logistic,500,600,1.0,0.022414910904778835,0.0217139598941881,0.02306713799052942,0.010041082078432871,0.08641877353417068
chexpert,Consolidation,local_logistic,750,600,1.0,0.022257328159148125,0.021677088116719197,0.0227316321798831,0.009240460653170671,0.08572267704391641
chexpert,Consolidation,local_logistic,1000,3,1.0,0.0221750905900485,0.02182004322895982,0.02252429502516222,0.010117871034253934,0.08537778051551759
chexpert,Consolidation,raw,100,600,1.0,0.07550146637329773,0.0702520257367903,0.0794036499413925,0.13272541042168928,0.26798832090502167
chexpert,Consolidation,raw,250,600,1.0,0.07550146637329773,0.0702520257367903,0.0794036499413925,0.13272541042168928,0.26798832090502167
chexpert,Consolidation,raw,500,600,1.0,0.07550146637329773,0.0702520257367903,0.0794036499413925,0.13272541042168928,0.26798832090502167
chexpert,Consolidation,raw,750,600,1.0,0.07550146637329773,0.0702520257367903,0.0794036499413925,0.13272541042168928,0.26798832090502167
chexpert,Consolidation,raw,1000,3,1.0,0.07550146637329773,0.07157136527777433,0.07889266464145608,0.1327254104216893,0.2679883209050217
chexpert,Consolidation,source_logistic,100,600,1.0,0.06934227168724312,0.0619589918936716,0.0733158056981544,0.14791783274018216,0.24859271352586101
chexpert,Consolidation,source_logistic,250,600,1.0,0.06934227168724312,0.0619589918936716,0.0733158056981544,0.14791783274018216,0.24859271352586101
chexpert,Consolidation,source_logistic,500,600,1.0,0.06934227168724312,0.0619589918936716,0.0733158056981544,0.14791783274018216,0.24859271352586101
chexpert,Consolidation,source_logistic,750,600,1.0,0.06934227168724312,0.0619589918936716,0.0733158056981544,0.14791783274018216,0.24859271352586101
chexpert,Consolidation,source_logistic,1000,3,1.0,0.06934227168724312,0.06411759700891796,0.07320304805250419,0.14791783274018216,0.248592713525861
chexpert,Pleural_Effusion,local_constant,100,600,1.0,0.03372614999999996,0.03333,0.03457,0.016764999999999544,0.16085885094682092
chexpert,Pleural_Effusion,local_constant,250,600,1.0,0.03348445999999997,0.03331559999999999,0.033772,0.010850000000000448,0.15205954962635954
chexpert,Pleural_Effusion,local_constant,500,600,1.0,0.03341569999999997,0.0333119999999999,0.0335499999999999,0.008755000000000056,0.15133140503045528
chexpert,Pleural_Effusion,local_constant,750,600,1.0,0.03338466666666663,0.0333177777777777,0.0334577777777777,0.007919999999999663,0.1510010342910887
chexpert,Pleural_Effusion,local_constant,1000,3,1.0,0.033366,0.033366,0.033366,0.0075000000000012,0.1507951475204949
chexpert,Pleural_Effusion,local_intercept,100,600,0.47,0.01715210370224842,0.0162386926642086,0.01858843668766478,0.012313250798038048,0.05999567355460243
chexpert,Pleural_Effusion,local_intercept,250,600,1.0,0.01684897344316111,0.016130737149286572,0.01767561039679339,0.009750882041303081,0.05827006146828359
chexpert,Pleural_Effusion,local_intercept,500,600,1.0,0.016607537058832302,0.01609539085249864,0.0170663235808605,0.008821846631628749,0.057498334657887576
chexpert,Pleural_Effusion,local_intercept,750,600,1.0,0.01651649103543967,0.01608198481873716,0.016839044109766287,0.008527288021976862,0.057222278221024665
chexpert,Pleural_Effusion,local_intercept,1000,3,1.0,0.016465848357680835,0.01619481282949498,0.0166624964080081,0.0085233885716093,0.057073151040204634
chexpert,Pleural_Effusion,local_logistic,100,600,0.47,0.017520134633674342,0.01644782720767787,0.01888615127869903,0.014005305035596535,0.06182662770791909
chexpert,Pleural_Effusion,local_logistic,250,600,1.0,0.01694827953942598,0.016146475755686052,0.01780670297092189,0.010216193251596213,0.05895301268704003
chexpert,Pleural_Effusion,local_logistic,500,600,1.0,0.016573659056146953,0.016056375093990372,0.01704255584963801,0.008386740379968251,0.05732930181985485
chexpert,Pleural_Effusion,local_logistic,750,600,1.0,0.016437843743514192,0.01603365437163242,0.016724097195850832,0.007558864159947916,0.05676371925671249
chexpert,Pleural_Effusion,local_logistic,1000,3,1.0,0.016374650182655503,0.01611289969978908,0.01658251941125444,0.007125429115800667,0.056483002555095134
chexpert,Pleural_Effusion,raw,100,600,1.0,0.09724286924261007,0.089080279880473,0.1049678730889503,0.17595215258995686,0.3291709742831904
chexpert,Pleural_Effusion,raw,250,600,1.0,0.09724286924261007,0.089080279880473,0.1049678730889503,0.17595215258995686,0.3291709742831904
chexpert,Pleural_Effusion,raw,500,600,1.0,0.09724286924261007,0.089080279880473,0.1049678730889503,0.17595215258995686,0.3291709742831904
chexpert,Pleural_Effusion,raw,750,600,1.0,0.09724286924261007,0.089080279880473,0.1049678730889503,0.17595215258995686,0.3291709742831904
chexpert,Pleural_Effusion,raw,1000,3,1.0,0.09724286924261007,0.09080031485605979,0.10351038942284162,0.17595215258995686,0.3291709742831905
chexpert,Pleural_Effusion,source_logistic,100,600,1.0,0.0985584879234662,0.0963343950391785,0.1023679608607852,0.200200259443541,0.32946925594587284
chexpert,Pleural_Effusion,source_logistic,250,600,1.0,0.0985584879234662,0.0963343950391785,0.1023679608607852,0.200200259443541,0.32946925594587284
chexpert,Pleural_Effusion,source_logistic,500,600,1.0,0.0985584879234662,0.0963343950391785,0.1023679608607852,0.200200259443541,0.32946925594587284
chexpert,Pleural_Effusion,source_logistic,750,600,1.0,0.0985584879234662,0.0963343950391785,0.1023679608607852,0.200200259443541,0.32946925594587284
chexpert,Pleural_Effusion,source_logistic,1000,3,1.0,0.0985584879234662,0.09646213760542978,0.10128899026271514,0.200200259443541,0.3294692559458728
nih,Atelectasis,local_constant,100,600,1.0,0.027938599999999956,0.02769,0.0285,0.012315000000000107,0.14624413942694947
nih,Atelectasis,local_constant,250,600,1.0,0.027774439999999945,0.0276879999999999,0.027928,0.007389999999999861,0.13095990531528975
nih,Atelectasis,local_constant,500,600,1.0,0.027720049999999958,0.0276879999999999,0.0277779999999999,0.004619999999999786,0.13005494117324554
nih,Atelectasis,local_constant,750,600,1.0,0.02769629111111105,0.0276879999999999,0.0277111111111111,0.002345000000000081,0.1296369449090984
nih,Atelectasis,local_constant,1000,3,1.0,0.027688,0.027688,0.027688,0.0005000000000015,0.1294931838825003
nih,Atelectasis,local_intercept,100,600,0.17,0.029603211018416974,0.02743216829274893,0.03179891619859411,0.024715949153647342,0.11422999521920432
nih,Atelectasis,local_intercept,250,600,0.925,0.02672415049931561,0.025816854821597502,0.027745573064228642,0.011471156265748439,0.10617309844175067
nih,Atelectasis,local_intercept,500,600,1.0,0.026479585802527347,0.02581200322288443,0.02713405454622903,0.010271362313167828,0.10548101941193895
nih,Atelectasis,local_intercept,750,600,1.0,0.026394080448919725,0.02585679336403356,0.02682672000832085,0.009526700464200944,0.10502958438063609
nih,Atelectasis,local_intercept,1000,3,1.0,0.026345851627360636,0.026012039502783642,0.02663617798774612,0.0094784697567742,0.10488146735052756
nih,Atelectasis,local_logistic,100,600,0.17,0.029230052092335253,0.0263020724363478,0.03300405551130424,0.02420687688398828,0.11480495309350826
nih,Atelectasis,local_logistic,250,600,0.925,0.02666197948475639,0.02566993733321728,0.02819831944860646,0.01142205308950406,0.10666496110131751
nih,Atelectasis,local_logistic,500,600,1.0,0.026310875179324626,0.025658863199080662,0.02712593107926994,0.009681838008593851,0.10523551747060535
nih,Atelectasis,local_logistic,750,600,1.0,0.026202353401218063,0.0257373829351693,0.02677161114194474,0.008816627534014666,0.10465523626652447
nih,Atelectasis,local_logistic,1000,3,1.0,0.026100580135889898,0.025892446388404242,0.02634240320844576,0.0075615619240098,0.10430915173518784
nih,Atelectasis,raw,100,600,1.0,0.027530622884138434,0.0268742763913287,0.0282925643540458,0.012827821920315367,0.10740761224085117
nih,Atelectasis,raw,250,600,1.0,0.027530622884138434,0.0268742763913287,0.0282925643540458,0.012827821920315367,0.10740761224085117
nih,Atelectasis,raw,500,600,1.0,0.027530622884138434,0.0268742763913287,0.0282925643540458,0.012827821920315367,0.10740761224085117
nih,Atelectasis,raw,750,600,1.0,0.027530622884138434,0.0268742763913287,0.0282925643540458,0.012827821920315367,0.10740761224085117
nih,Atelectasis,raw,1000,3,1.0,0.027530622884138434,0.026984426694471122,0.0281190570646448,0.012827821920315367,0.10740761224085116
nih,Atelectasis,source_logistic,100,600,1.0,0.026689045444052397,0.0262196151824996,0.027219653106078,0.026486855059664433,0.11340127305252447
nih,Atelectasis,source_logistic,250,600,1.0,0.026689045444052397,0.0262196151824996,0.027219653106078,0.026486855059664433,0.11340127305252447
nih,Atelectasis,source_logistic,500,600,1.0,0.026689045444052397,0.0262196151824996,0.027219653106078,0.026486855059664433,0.11340127305252447
nih,Atelectasis,source_logistic,750,600,1.0,0.026689045444052397,0.0262196151824996,0.027219653106078,0.026486855059664433,0.11340127305252447
nih,Atelectasis,source_logistic,1000,3,1.0,0.0266890454440524,0.0263012657547156,0.02710129609357832,0.026486855059664433,0.11340127305252445
nih,Cardiomegaly,local_constant,100,600,1.0,0.09820059999999999,0.097192,0.09952,0.026670000000000377,0.3527454741219335
nih,Cardiomegaly,local_constant,250,600,1.0,0.09769255999999997,0.097144,0.098488,0.020009999999999636,0.34815051669131725
nih,Cardiomegaly,local_constant,500,600,1.0,0.09753547999999998,0.09714239999999999,0.09796,0.018129999999999195,0.3469410147431008
nih,Cardiomegaly,local_constant,750,600,1.0,0.09746939999999996,0.0972551111111111,0.0977439999999999,0.017899999999999982,0.3464659361158103
nih,Cardiomegaly,local_constant,1000,3,1.0,0.097443,0.097443,0.097443,0.0179999999999994,0.34627211385966666
nih,Cardiomegaly,local_intercept,100,600,0.945,0.06888454242971251,0.06465054927493062,0.07195120807934302,0.03675305991858088,0.24439932019131333
nih,Cardiomegaly,local_intercept,250,600,1.0,0.06803197821760938,0.06451701894794899,0.07035189717208964,0.03410547763027223,0.2413182712470369
nih,Cardiomegaly,local_intercept,500,600,1.0,0.06774371087988383,0.06451279782042887,0.06982556235217602,0.03283804632335707,0.2399583250161621
nih,Cardiomegaly,local_intercept,750,600,1.0,0.06760274714145016,0.06447396606769244,0.06968469651614789,0.03230594522663407,0.23937256012057034
nih,Cardiomegaly,local_intercept,1000,3,1.0,0.06753402541314917,0.06532599782487988,0.06937701761621949,0.0317906364715616,0.23910481366264516
nih,Cardiomegaly,local_logistic,100,600,0.945,0.06875893673799108,0.0645463921917549,0.07245610754055111,0.03166586787177946,0.23952749059373518
nih,Cardiomegaly,local_logistic,250,600,1.0,0.06750092612397399,0.06425690662458546,0.07025705856732092,0.02529577411395776,0.2325164266656275
nih,Cardiomegaly,local_logistic,500,600,1.0,0.06705241620796658,0.06420122462190268,0.06929976446548997,0.022693582923350823,0.23021132545319478
nih,Cardiomegaly,local_logistic,750,600,1.0,0.0668547966033788,0.0641881158475833,0.06907530818182567,0.021679611470020503,0.22934746589871083
nih,Cardiomegaly,local_logistic,1000,3,1.0,0.066772634607142,0.06490818797107328,0.06852377348324976,0.0210818936073542,0.2289362231985106
nih,Cardiomegaly,raw,100,600,1.0,0.08693272216310108,0.0840861427713863,0.0883946714177218,0.08579980245232577,0.37470286635360767
nih,Cardiomegaly,raw,250,600,1.0,0.08693272216310108,0.0840861427713863,0.0883946714177218,0.08579980245232577,0.37470286635360767
nih,Cardiomegaly,raw,500,600,1.0,0.08693272216310108,0.0840861427713863,0.0883946714177218,0.08579980245232577,0.37470286635360767
nih,Cardiomegaly,raw,750,600,1.0,0.08693272216310108,0.0840861427713863,0.0883946714177218,0.08579980245232577,0.37470286635360767
nih,Cardiomegaly,raw,1000,3,1.0,0.08693272216310106,0.08493238467714806,0.08837920759421646,0.08579980245232577,0.3747028663536076
nih,Cardiomegaly,source_logistic,100,600,1.0,0.0890199388411143,0.0868873072863125,0.0903632639802927,0.08560163298378326,0.33783517974521654
nih,Cardiomegaly,source_logistic,250,600,1.0,0.0890199388411143,0.0868873072863125,0.0903632639802927,0.08560163298378326,0.33783517974521654
nih,Cardiomegaly,source_logistic,500,600,1.0,0.0890199388411143,0.0868873072863125,0.0903632639802927,0.08560163298378326,0.33783517974521654
nih,Cardiomegaly,source_logistic,750,600,1.0,0.0890199388411143,0.0868873072863125,0.0903632639802927,0.08560163298378326,0.33783517974521654
nih,Cardiomegaly,source_logistic,1000,3,1.0,0.0890199388411143,0.08747169488039754,0.0902524602355817,0.08560163298378327,0.33783517974521654
nih,Consolidation,local_constant,100,600,1.0,0.031710999999999975,0.03145,0.0322,0.013099999999999728,0.1663919549312594
nih,Consolidation,local_constant,250,600,1.0,0.03153231999999998,0.031444,0.031716,0.007460000000000548,0.14510415870892432
nih,Consolidation,local_constant,500,600,1.0,0.03147659999999997,0.031444,0.031516,0.004625000000000032,0.14393238746915518
nih,Consolidation,local_constant,750,600,1.0,0.03145576222222219,0.031444,0.0314777777777777,0.0027400000000001932,0.14353988461850375
nih,Consolidation,local_constant,1000,3,1.0,0.0314459999999999,0.0314459999999999,0.0314459999999999,0.0015000000000008,0.1433646828320534
nih,Consolidation,local_intercept,100,600,0.155,0.027197821233466875,0.02540569384963108,0.0290953756038632,0.024406171195478644,0.11133118006632248
nih,Consolidation,local_intercept,250,600,0.905,0.02593987497210037,0.02493222430516312,0.026765024493447802,0.010114834083754149,0.10464526077368244
nih,Consolidation,local_intercept,500,600,1.0,0.025844214489821982,0.024937637890908693,0.02663187229857936,0.008917728526666236,0.10410007311279967
nih,Consolidation,local_intercept,750,600,1.0,0.025764965059905165,0.024925159944098052,0.02652016448934904,0.007889819530846397,0.10369091751684104
nih,Consolidation,local_intercept,1000,3,1.0,0.025727764265690466,0.02509830692259036,0.02633636858741676,0.0068110530330701335,0.1035060963030719
nih,Consolidation,local_logistic,100,600,0.155,0.02779991869692657,0.02576890228583058,0.03017003965430442,0.02819807456764924,0.115633584062278
nih,Consolidation,local_logistic,250,600,0.905,0.026530133901341714,0.02519831259541992,0.02779588911108278,0.012463745869566254,0.10717874897690569
nih,Consolidation,local_logistic,500,600,1.0,0.02618049933111366,0.02510140570488639,0.02711102442095015,0.010531752510003585,0.10544966337212182
nih,Consolidation,local_logistic,750,600,1.0,0.026005510897594803,0.0251182966739034,0.026776177230540918,0.00955196501227009,0.1046781926025665
nih,Consolidation,local_logistic,1000,3,1.0,0.025902225665052264,0.0253569760207247,0.026454309603815018,0.009036996745022634,0.10423837634450539
nih,Consolidation,raw,100,600,1.0,0.02681963664715593,0.0258705210095573,0.0276370596998297,0.014607577155033701,0.10882670554336459
nih,Consolidation,raw,250,600,1.0,0.02681963664715593,0.0258705210095573,0.0276370596998297,0.014607577155033701,0.10882670554336459
nih,Consolidation,raw,500,600,1.0,0.02681963664715593,0.0258705210095573,0.0276370596998297,0.014607577155033701,0.10882670554336459
nih,Consolidation,raw,750,600,1.0,0.02681963664715593,0.0258705210095573,0.0276370596998297,0.014607577155033701,0.10882670554336459
nih,Consolidation,raw,1000,3,1.0,0.026819636647155934,0.026086682654062,0.02749991360627992,0.0146075771550337,0.1088267055433646
nih,Consolidation,source_logistic,100,600,1.0,0.0277223014470147,0.0269834312043311,0.0282662268055834,0.010395775436144934,0.11010824456364345
nih,Consolidation,source_logistic,250,600,1.0,0.0277223014470147,0.0269834312043311,0.0282662268055834,0.010395775436144934,0.11010824456364345
nih,Consolidation,source_logistic,500,600,1.0,0.0277223014470147,0.0269834312043311,0.0282662268055834,0.010395775436144934,0.11010824456364345
nih,Consolidation,source_logistic,750,600,1.0,0.0277223014470147,0.0269834312043311,0.0282662268055834,0.010395775436144934,0.11010824456364345
nih,Consolidation,source_logistic,1000,3,1.0,0.027722301447014697,0.0271701942296908,0.02819643071069264,0.010395775436144934,0.11010824456364343
nih,Pleural_Effusion,local_constant,100,600,1.0,0.03372614999999996,0.03333,0.03457,0.016764999999999544,0.16085885094682092
nih,Pleural_Effusion,local_constant,250,600,1.0,0.03348445999999997,0.03331559999999999,0.033772,0.010850000000000448,0.15205954962635954
nih,Pleural_Effusion,local_constant,500,600,1.0,0.03341569999999997,0.0333119999999999,0.0335499999999999,0.008755000000000056,0.15133140503045528
nih,Pleural_Effusion,local_constant,750,600,1.0,0.03338466666666663,0.0333177777777777,0.0334577777777777,0.007919999999999663,0.1510010342910887
nih,Pleural_Effusion,local_constant,1000,3,1.0,0.033366,0.033366,0.033366,0.0075000000000012,0.1507951475204949
nih,Pleural_Effusion,local_intercept,100,600,0.47,0.019006095500342293,0.017642976757998603,0.02007350213918865,0.018181872850773554,0.07541741845510935
nih,Pleural_Effusion,local_intercept,250,600,1.0,0.01884710675144627,0.01763366245985529,0.01995358399238796,0.014291399095749885,0.07350705430052419
nih,Pleural_Effusion,local_intercept,500,600,1.0,0.0186567458538278,0.01758953150247863,0.01955953558646209,0.013642808889051346,0.07283958999677842
nih,Pleural_Effusion,local_intercept,750,600,1.0,0.018597149938913635,0.01760688514366898,0.01949452529997555,0.013440126465642722,0.07259237304441467
nih,Pleural_Effusion,local_intercept,1000,3,1.0,0.018558962746738534,0.01784434997826692,0.01925326024869524,0.013768515055487466,0.07246950181067675
nih,Pleural_Effusion,local_logistic,100,600,0.47,0.019339363829183928,0.0174384110719768,0.021166702479099492,0.017093244124819627,0.07598176464429617
nih,Pleural_Effusion,local_logistic,250,600,1.0,0.018694513640193956,0.017135205316655577,0.01989750989387593,0.01282937013620909,0.07319852712220612
nih,Pleural_Effusion,local_logistic,500,600,1.0,0.01831999921099484,0.01704690255044167,0.01923850031894106,0.011163262652990787,0.07163831930250608
nih,Pleural_Effusion,local_logistic,750,600,1.0,0.018188513000836046,0.017002658276770898,0.01908194571026559,0.010758631989750684,0.07110251137804628
nih,Pleural_Effusion,local_logistic,1000,3,1.0,0.018122427742594767,0.01728158056606504,0.018863721017681603,0.011315142521488632,0.07085846981069567
nih,Pleural_Effusion,raw,100,600,1.0,0.018541516919371802,0.0176701788862598,0.0193786334688075,0.0157804457743962,0.07397521526791834
nih,Pleural_Effusion,raw,250,600,1.0,0.018541516919371802,0.0176701788862598,0.0193786334688075,0.0157804457743962,0.07397521526791834
nih,Pleural_Effusion,raw,500,600,1.0,0.018541516919371802,0.0176701788862598,0.0193786334688075,0.0157804457743962,0.07397521526791834
nih,Pleural_Effusion,raw,750,600,1.0,0.018541516919371802,0.0176701788862598,0.0193786334688075,0.0157804457743962,0.07397521526791834
nih,Pleural_Effusion,raw,1000,3,1.0,0.0185415169193718,0.01785129078961746,0.01921805445565562,0.0157804457743962,0.07397521526791834
nih,Pleural_Effusion,source_logistic,100,600,1.0,0.0198578727111344,0.0192053510361515,0.0206397346069764,0.030360292623020833,0.08428507187639364
nih,Pleural_Effusion,source_logistic,250,600,1.0,0.0198578727111344,0.0192053510361515,0.0206397346069764,0.030360292623020833,0.08428507187639364
nih,Pleural_Effusion,source_logistic,500,600,1.0,0.0198578727111344,0.0192053510361515,0.0206397346069764,0.030360292623020833,0.08428507187639364
nih,Pleural_Effusion,source_logistic,750,600,1.0,0.0198578727111344,0.0192053510361515,0.0206397346069764,0.030360292623020833,0.08428507187639364
nih,Pleural_Effusion,source_logistic,1000,3,1.0,0.0198578727111344,0.01930998732697626,0.02045749418363618,0.03036029262302083,0.08428507187639363
