run_id,updates,validation_macro_auroc
chexpert_n10000_seed1_densenet121_convergence,1000,0.8567207773064693
chexpert_n10000_seed1_densenet121_convergence,2000,0.8405088756737746
chexpert_n10000_seed1_densenet121_convergence,3000,0.8336308660317513
chexpert_n10000_seed1_densenet121_convergence,4000,0.8281194659729909
chexpert_n10000_seed1_densenet121_convergence,5000,0.8417377595073334
chexpert_n10000_seed1_densenet121_convergence,6000,0.8389810361451886
chexpert_n10000_seed1_densenet121_convergence,7000,0.8288229774190874
chexpert_n10000_seed2_densenet121_convergence,1000,0.8550883244789638
chexpert_n10000_seed2_densenet121_convergence,2000,0.8453779616021755
chexpert_n10000_seed2_densenet121_convergence,3000,0.8438220605579644
chexpert_n10000_seed2_densenet121_convergence,4000,0.8331661581954082
chexpert_n10000_seed2_densenet121_convergence,5000,0.823476634235079
chexpert_n10000_seed2_densenet121_convergence,6000,0.8263838168658062
chexpert_n10000_seed2_densenet121_convergence,7000,0.8312391937400524
chexpert_n10000_seed3_densenet121_convergence,1000,0.8446807790344376
chexpert_n10000_seed3_densenet121_convergence,2000,0.8387098233835882
chexpert_n10000_seed3_densenet121_convergence,3000,0.8276880418446573
chexpert_n10000_seed3_densenet121_convergence,4000,0.8231355886898464
chexpert_n10000_seed3_densenet121_convergence,5000,0.8306829945632623
chexpert_n10000_seed3_densenet121_convergence,6000,0.8220009226897494
chexpert_n10000_seed3_densenet121_convergence,7000,0.824556538082809
chexpert_n1000_seed1_densenet121_convergence,1000,0.7954035558664139
chexpert_n1000_seed1_densenet121_convergence,2000,0.7888264637950826
chexpert_n1000_seed1_densenet121_convergence,3000,0.8079061535026013
chexpert_n1000_seed1_densenet121_convergence,4000,0.8128981961204502
chexpert_n1000_seed1_densenet121_convergence,5000,0.7878263992971706
chexpert_n1000_seed1_densenet121_convergence,6000,0.8098506024805074
chexpert_n1000_seed1_densenet121_convergence,7000,0.8008445094210326
chexpert_n1000_seed1_densenet121_convergence,8000,0.79974950017958
chexpert_n1000_seed1_densenet121_convergence,9000,0.799021490513617
chexpert_n1000_seed1_densenet121_convergence,10000,0.7976623193541601
chexpert_n1000_seed2_densenet121_convergence,1000,0.7750766582212687
chexpert_n1000_seed2_densenet121_convergence,2000,0.7919550386924139
chexpert_n1000_seed2_densenet121_convergence,3000,0.7934166660326315
chexpert_n1000_seed2_densenet121_convergence,4000,0.7920768774066008
chexpert_n1000_seed2_densenet121_convergence,5000,0.796214207629103
chexpert_n1000_seed2_densenet121_convergence,6000,0.7948353498362245
chexpert_n1000_seed2_densenet121_convergence,7000,0.7908687010300779
chexpert_n1000_seed2_densenet121_convergence,8000,0.7897943702076226
chexpert_n1000_seed2_densenet121_convergence,9000,0.7907388747581958
chexpert_n1000_seed2_densenet121_convergence,10000,0.7841218567785446
chexpert_n1000_seed2_densenet121_convergence,11000,0.7870161663492683
chexpert_n1000_seed3_densenet121_convergence,1000,0.7888821152545493
chexpert_n1000_seed3_densenet121_convergence,2000,0.8085973380401233
chexpert_n1000_seed3_densenet121_convergence,3000,0.8086552728122409
chexpert_n1000_seed3_densenet121_convergence,4000,0.8155706495393289
chexpert_n1000_seed3_densenet121_convergence,5000,0.8082324113997338
chexpert_n1000_seed3_densenet121_convergence,6000,0.7930656840590145
chexpert_n1000_seed3_densenet121_convergence,7000,0.7908807514318861
chexpert_n1000_seed3_densenet121_convergence,8000,0.799771819203621
chexpert_n1000_seed3_densenet121_convergence,9000,0.8010003369262692
chexpert_n1000_seed3_densenet121_convergence,10000,0.8018269502227848
chexpert_n50000_seed1_densenet121_convergence,1000,0.8596921540564697
chexpert_n50000_seed1_densenet121_convergence,2000,0.8649208174614399
chexpert_n50000_seed1_densenet121_convergence,3000,0.870256089663279
chexpert_n50000_seed1_densenet121_convergence,4000,0.8707634873306149
chexpert_n50000_seed1_densenet121_convergence,5000,0.8713150096352773
chexpert_n50000_seed1_densenet121_convergence,6000,0.8717025643589175
chexpert_n50000_seed1_densenet121_convergence,7000,0.8649023158707327
chexpert_n50000_seed1_densenet121_convergence,8000,0.8689325457028638
chexpert_n50000_seed1_densenet121_convergence,9000,0.870153974228532
chexpert_n50000_seed1_densenet121_convergence,10000,0.8687635601904368
chexpert_n50000_seed1_densenet121_convergence,11000,0.8651677240139635
chexpert_n50000_seed2_densenet121_convergence,1000,0.8656949773473843
chexpert_n50000_seed2_densenet121_convergence,2000,0.8695118820436373
chexpert_n50000_seed2_densenet121_convergence,3000,0.86982266831048
chexpert_n50000_seed2_densenet121_convergence,4000,0.8745379885275582
chexpert_n50000_seed2_densenet121_convergence,5000,0.8748133855847879
chexpert_n50000_seed2_densenet121_convergence,6000,0.8749314473147645
chexpert_n50000_seed2_densenet121_convergence,7000,0.872320239194309
chexpert_n50000_seed2_densenet121_convergence,8000,0.876498115669005
chexpert_n50000_seed2_densenet121_convergence,9000,0.877634536713874
chexpert_n50000_seed2_densenet121_convergence,10000,0.8758613136029739
chexpert_n50000_seed2_densenet121_convergence,11000,0.8742071258826971
chexpert_n50000_seed2_densenet121_convergence,12000,0.8765105242327969
chexpert_n50000_seed2_densenet121_convergence,13000,0.8738390795776483
chexpert_n50000_seed2_densenet121_convergence,14000,0.8731671023548033
chexpert_n50000_seed2_densenet121_convergence,15000,0.8709801626207956
chexpert_n50000_seed3_densenet121_convergence,1000,0.8619646825785349
chexpert_n50000_seed3_densenet121_convergence,2000,0.8659482412098831
chexpert_n50000_seed3_densenet121_convergence,3000,0.8719929552665007
chexpert_n50000_seed3_densenet121_convergence,4000,0.8703951519316553
chexpert_n50000_seed3_densenet121_convergence,5000,0.8668269242871159
chexpert_n50000_seed3_densenet121_convergence,6000,0.8678138853490509
chexpert_n50000_seed3_densenet121_convergence,7000,0.8736733400024589
chexpert_n50000_seed3_densenet121_convergence,8000,0.8729194697749876
chexpert_n50000_seed3_densenet121_convergence,9000,0.8681471467803289
chexpert_n50000_seed3_densenet121_convergence,10000,0.8682792374431196
chexpert_n50000_seed3_densenet121_convergence,11000,0.8682590659246754
chexpert_n50000_seed3_densenet121_convergence,12000,0.8680961415887365
chexpert_n50000_seed3_densenet121_convergence,13000,0.8662321832207627
chexpert_n5000_seed1_densenet121_convergence,1000,0.8370544403963228
chexpert_n5000_seed1_densenet121_convergence,2000,0.8214030067083271
chexpert_n5000_seed1_densenet121_convergence,3000,0.8074655972737562
chexpert_n5000_seed1_densenet121_convergence,4000,0.8214880833711442
chexpert_n5000_seed1_densenet121_convergence,5000,0.8266650575370569
chexpert_n5000_seed1_densenet121_convergence,6000,0.8220483772097751
chexpert_n5000_seed1_densenet121_convergence,7000,0.8274264323660177
chexpert_n5000_seed2_densenet121_convergence,1000,0.8330649977581261
chexpert_n5000_seed2_densenet121_convergence,2000,0.8127014358443603
chexpert_n5000_seed2_densenet121_convergence,3000,0.8171082173955647
chexpert_n5000_seed2_densenet121_convergence,4000,0.8246022038188618
chexpert_n5000_seed2_densenet121_convergence,5000,0.82207614938926
chexpert_n5000_seed2_densenet121_convergence,6000,0.8241936139250566
chexpert_n5000_seed2_densenet121_convergence,7000,0.8177729510354416
chexpert_n5000_seed3_densenet121_convergence,1000,0.8202764934077662
chexpert_n5000_seed3_densenet121_convergence,2000,0.8180750051739676
chexpert_n5000_seed3_densenet121_convergence,3000,0.8072785740911619
chexpert_n5000_seed3_densenet121_convergence,4000,0.8184753337717012
chexpert_n5000_seed3_densenet121_convergence,5000,0.8147591950387127
chexpert_n5000_seed3_densenet121_convergence,6000,0.812772085369575
chexpert_n5000_seed3_densenet121_convergence,7000,0.8147571510136247
chexpert_nall_seed1_densenet121_convergence,1000,0.8609432039836475
chexpert_nall_seed1_densenet121_convergence,2000,0.8709674532775598
chexpert_nall_seed1_densenet121_convergence,3000,0.8691372179298251
chexpert_nall_seed1_densenet121_convergence,4000,0.8725850219053369
chexpert_nall_seed1_densenet121_convergence,5000,0.874852534427028
chexpert_nall_seed1_densenet121_convergence,6000,0.870983359104379
chexpert_nall_seed1_densenet121_convergence,7000,0.8721448858304351
chexpert_nall_seed1_densenet121_convergence,8000,0.8754759141432353
chexpert_nall_seed1_densenet121_convergence,9000,0.880703066343731
chexpert_nall_seed1_densenet121_convergence,10000,0.8801727334553588
chexpert_nall_seed1_densenet121_convergence,11000,0.8802484160523262
chexpert_nall_seed1_densenet121_convergence,12000,0.8818011143671711
chexpert_nall_seed1_densenet121_convergence,13000,0.8803566296239278
chexpert_nall_seed1_densenet121_convergence,14000,0.879706547272733
chexpert_nall_seed1_densenet121_convergence,15000,0.8806103736990339
chexpert_nall_seed1_densenet121_convergence,16000,0.8802096454237498
chexpert_nall_seed1_densenet121_convergence,17000,0.8801752241763329
chexpert_nall_seed1_densenet121_convergence,18000,0.8797440144461659
chexpert_nall_seed2_densenet121_convergence,1000,0.8654492342504629
chexpert_nall_seed2_densenet121_convergence,2000,0.8679858256794761
chexpert_nall_seed2_densenet121_convergence,3000,0.8697570771967111
chexpert_nall_seed2_densenet121_convergence,4000,0.8711572559862775
chexpert_nall_seed2_densenet121_convergence,5000,0.869153173860226
chexpert_nall_seed2_densenet121_convergence,6000,0.8694176902200171
chexpert_nall_seed2_densenet121_convergence,7000,0.8694286318463542
chexpert_nall_seed2_densenet121_convergence,8000,0.8790705454033116
chexpert_nall_seed2_densenet121_convergence,9000,0.8789258564108167
chexpert_nall_seed2_densenet121_convergence,10000,0.8794351611436462
chexpert_nall_seed2_densenet121_convergence,11000,0.8804546909698738
chexpert_nall_seed2_densenet121_convergence,12000,0.8776429852813741
chexpert_nall_seed2_densenet121_convergence,13000,0.8800234541933722
chexpert_nall_seed2_densenet121_convergence,14000,0.8812217138154312
chexpert_nall_seed2_densenet121_convergence,15000,0.8807226011734848
chexpert_nall_seed2_densenet121_convergence,16000,0.8823804525491372
chexpert_nall_seed2_densenet121_convergence,17000,0.8815582842199207
chexpert_nall_seed2_densenet121_convergence,18000,0.881961563223989
chexpert_nall_seed2_densenet121_convergence,19000,0.8821168889114561
chexpert_nall_seed2_densenet121_convergence,20000,0.881575891736769
chexpert_nall_seed2_densenet121_convergence,21000,0.8815368311708384
chexpert_nall_seed2_densenet121_convergence,22000,0.8816856597906928
chexpert_nall_seed3_densenet121_convergence,1000,0.8650879479191927
chexpert_nall_seed3_densenet121_convergence,2000,0.8698968481849267
chexpert_nall_seed3_densenet121_convergence,3000,0.8714918060146374
chexpert_nall_seed3_densenet121_convergence,4000,0.8743700859245636
chexpert_nall_seed3_densenet121_convergence,5000,0.8718944239619527
chexpert_nall_seed3_densenet121_convergence,6000,0.8765380916716492
chexpert_nall_seed3_densenet121_convergence,7000,0.8756322753644981
chexpert_nall_seed3_densenet121_convergence,8000,0.8763552132043104
chexpert_nall_seed3_densenet121_convergence,9000,0.8755842816121309
chexpert_nall_seed3_densenet121_convergence,10000,0.8781096927156619
chexpert_nall_seed3_densenet121_convergence,11000,0.8782811383152888
chexpert_nall_seed3_densenet121_convergence,12000,0.8780553088862282
chexpert_nall_seed3_densenet121_convergence,13000,0.8740762817089971
chexpert_nall_seed3_densenet121_convergence,14000,0.8768873332832507
chexpert_nall_seed3_densenet121_convergence,15000,0.8757101434987451
chexpert_nall_seed3_densenet121_convergence,16000,0.8766402632863908
nih_n10000_seed1_densenet121_convergence,1000,0.7978775538854329
nih_n10000_seed1_densenet121_convergence,2000,0.7770424537631524
nih_n10000_seed1_densenet121_convergence,3000,0.7504045675162827
nih_n10000_seed1_densenet121_convergence,4000,0.7461050998666273
nih_n10000_seed1_densenet121_convergence,5000,0.7264350074019421
nih_n10000_seed1_densenet121_convergence,6000,0.7302865847002016
nih_n10000_seed1_densenet121_convergence,7000,0.7285331292983316
nih_n10000_seed2_densenet121_convergence,1000,0.7940689547115906
nih_n10000_seed2_densenet121_convergence,2000,0.7985868163119754
nih_n10000_seed2_densenet121_convergence,3000,0.7473152540938964
nih_n10000_seed2_densenet121_convergence,4000,0.7298794006741381
nih_n10000_seed2_densenet121_convergence,5000,0.7383138924704237
nih_n10000_seed2_densenet121_convergence,6000,0.7252783359353813
nih_n10000_seed2_densenet121_convergence,7000,0.7263830297069802
nih_n10000_seed2_densenet121_convergence,8000,0.721861048245173
nih_n10000_seed3_densenet121_convergence,1000,0.804198908707343
nih_n10000_seed3_densenet121_convergence,2000,0.7816415954371733
nih_n10000_seed3_densenet121_convergence,3000,0.7602254900104689
nih_n10000_seed3_densenet121_convergence,4000,0.7046666575370921
nih_n10000_seed3_densenet121_convergence,5000,0.7325973489172303
nih_n10000_seed3_densenet121_convergence,6000,0.7226132814027053
nih_n10000_seed3_densenet121_convergence,7000,0.7176076227307765
nih_n1000_seed1_densenet121_convergence,1000,0.6947402141576293
nih_n1000_seed1_densenet121_convergence,2000,0.6675766091026162
nih_n1000_seed1_densenet121_convergence,3000,0.6610372263465922
nih_n1000_seed1_densenet121_convergence,4000,0.6761410866325537
nih_n1000_seed1_densenet121_convergence,5000,0.6948150489176848
nih_n1000_seed1_densenet121_convergence,6000,0.6971682443989401
nih_n1000_seed1_densenet121_convergence,7000,0.6903064482026874
nih_n1000_seed1_densenet121_convergence,8000,0.6832757203691906
nih_n1000_seed1_densenet121_convergence,9000,0.6725287426097255
nih_n1000_seed1_densenet121_convergence,10000,0.6804580794076053
nih_n1000_seed1_densenet121_convergence,11000,0.6816214714741429
nih_n1000_seed1_densenet121_convergence,12000,0.6805543492112085
nih_n1000_seed2_densenet121_convergence,1000,0.6692084304729949
nih_n1000_seed2_densenet121_convergence,2000,0.6273954863613389
nih_n1000_seed2_densenet121_convergence,3000,0.6701560354330016
nih_n1000_seed2_densenet121_convergence,4000,0.6791198893745739
nih_n1000_seed2_densenet121_convergence,5000,0.6458626327558669
nih_n1000_seed2_densenet121_convergence,6000,0.6907766260140022
nih_n1000_seed2_densenet121_convergence,7000,0.6820565756562744
nih_n1000_seed2_densenet121_convergence,8000,0.6442917029414732
nih_n1000_seed2_densenet121_convergence,9000,0.6901462054997779
nih_n1000_seed2_densenet121_convergence,10000,0.6955955323345732
nih_n1000_seed2_densenet121_convergence,11000,0.6988636211522952
nih_n1000_seed2_densenet121_convergence,12000,0.6977308722434631
nih_n1000_seed2_densenet121_convergence,13000,0.6951056016325385
nih_n1000_seed2_densenet121_convergence,14000,0.6951412119667056
nih_n1000_seed2_densenet121_convergence,15000,0.6943684632040222
nih_n1000_seed2_densenet121_convergence,16000,0.6935305166259179
nih_n1000_seed2_densenet121_convergence,17000,0.6996124558807713
nih_n1000_seed3_densenet121_convergence,1000,0.6577508444100224
nih_n1000_seed3_densenet121_convergence,2000,0.6461374038789037
nih_n1000_seed3_densenet121_convergence,3000,0.6538194181530429
nih_n1000_seed3_densenet121_convergence,4000,0.6422316513141919
nih_n1000_seed3_densenet121_convergence,5000,0.6570629326026833
nih_n1000_seed3_densenet121_convergence,6000,0.6565603444423787
nih_n1000_seed3_densenet121_convergence,7000,0.6593306842608406
nih_n1000_seed3_densenet121_convergence,8000,0.662887924565398
nih_n1000_seed3_densenet121_convergence,9000,0.6529204930557497
nih_n1000_seed3_densenet121_convergence,10000,0.6503557359248178
nih_n1000_seed3_densenet121_convergence,11000,0.6381961825595757
nih_n1000_seed3_densenet121_convergence,12000,0.6548771087453145
nih_n1000_seed3_densenet121_convergence,13000,0.6526731281772066
nih_n1000_seed3_densenet121_convergence,14000,0.6538280496881546
nih_n50000_seed1_densenet121_convergence,1000,0.8299405100311504
nih_n50000_seed1_densenet121_convergence,2000,0.8355659768813894
nih_n50000_seed1_densenet121_convergence,3000,0.8366807047535799
nih_n50000_seed1_densenet121_convergence,4000,0.8384787848871478
nih_n50000_seed1_densenet121_convergence,5000,0.840994031347648
nih_n50000_seed1_densenet121_convergence,6000,0.845244258136459
nih_n50000_seed1_densenet121_convergence,7000,0.8433901343752671
nih_n50000_seed1_densenet121_convergence,8000,0.8427303841654341
nih_n50000_seed1_densenet121_convergence,9000,0.8446462541669844
nih_n50000_seed1_densenet121_convergence,10000,0.8433494544174445
nih_n50000_seed1_densenet121_convergence,11000,0.839134688376766
nih_n50000_seed1_densenet121_convergence,12000,0.8388508343902558
nih_n50000_seed2_densenet121_convergence,1000,0.8225974285725002
nih_n50000_seed2_densenet121_convergence,2000,0.8369654740348598
nih_n50000_seed2_densenet121_convergence,3000,0.8357933655219296
nih_n50000_seed2_densenet121_convergence,4000,0.8419756206387441
nih_n50000_seed2_densenet121_convergence,5000,0.8429667134104468
nih_n50000_seed2_densenet121_convergence,6000,0.8411702233511558
nih_n50000_seed2_densenet121_convergence,7000,0.8412604934034104
nih_n50000_seed2_densenet121_convergence,8000,0.8480515748567322
nih_n50000_seed2_densenet121_convergence,9000,0.8452212101831802
nih_n50000_seed2_densenet121_convergence,10000,0.8366131072846856
nih_n50000_seed2_densenet121_convergence,11000,0.837637821666792
nih_n50000_seed2_densenet121_convergence,12000,0.8380667070445414
nih_n50000_seed2_densenet121_convergence,13000,0.8354336153234023
nih_n50000_seed2_densenet121_convergence,14000,0.8323561947676534
nih_n50000_seed3_densenet121_convergence,1000,0.8182211762247631
nih_n50000_seed3_densenet121_convergence,2000,0.8381699837907542
nih_n50000_seed3_densenet121_convergence,3000,0.8444138308807156
nih_n50000_seed3_densenet121_convergence,4000,0.8437219316017228
nih_n50000_seed3_densenet121_convergence,5000,0.8425291190726708
nih_n50000_seed3_densenet121_convergence,6000,0.8458792445207479
nih_n50000_seed3_densenet121_convergence,7000,0.8436124672198291
nih_n50000_seed3_densenet121_convergence,8000,0.8412849267068085
nih_n50000_seed3_densenet121_convergence,9000,0.8433998150826258
nih_n50000_seed3_densenet121_convergence,10000,0.8453052250564008
nih_n50000_seed3_densenet121_convergence,11000,0.83806842827209
nih_n50000_seed3_densenet121_convergence,12000,0.8310810554588476
nih_n5000_seed1_densenet121_convergence,1000,0.7349024430340954
nih_n5000_seed1_densenet121_convergence,2000,0.7037037425637532
nih_n5000_seed1_densenet121_convergence,3000,0.7160773923661066
nih_n5000_seed1_densenet121_convergence,4000,0.6933344250137521
nih_n5000_seed1_densenet121_convergence,5000,0.7142427124121409
nih_n5000_seed1_densenet121_convergence,6000,0.7222514977294979
nih_n5000_seed1_densenet121_convergence,7000,0.7174430550469845
nih_n5000_seed2_densenet121_convergence,1000,0.7299569840719976
nih_n5000_seed2_densenet121_convergence,2000,0.7223211826160982
nih_n5000_seed2_densenet121_convergence,3000,0.7036932587030562
nih_n5000_seed2_densenet121_convergence,4000,0.7188273184966979
nih_n5000_seed2_densenet121_convergence,5000,0.7127317262999109
nih_n5000_seed2_densenet121_convergence,6000,0.710716896888813
nih_n5000_seed2_densenet121_convergence,7000,0.7121284240072905
nih_n5000_seed3_densenet121_convergence,1000,0.7772566818804763
nih_n5000_seed3_densenet121_convergence,2000,0.7194519100897748
nih_n5000_seed3_densenet121_convergence,3000,0.7045950769495153
nih_n5000_seed3_densenet121_convergence,4000,0.7193643773383873
nih_n5000_seed3_densenet121_convergence,5000,0.7188803317503039
nih_n5000_seed3_densenet121_convergence,6000,0.7072713641608712
nih_n5000_seed3_densenet121_convergence,7000,0.703985938366056
nih_nall_seed1_densenet121_convergence,1000,0.8279049583112843
nih_nall_seed1_densenet121_convergence,2000,0.8340186514567893
nih_nall_seed1_densenet121_convergence,3000,0.8371404237722605
nih_nall_seed1_densenet121_convergence,4000,0.8477528758870239
nih_nall_seed1_densenet121_convergence,5000,0.8490084623038412
nih_nall_seed1_densenet121_convergence,6000,0.8519578516103118
nih_nall_seed1_densenet121_convergence,7000,0.8487195519535908
nih_nall_seed1_densenet121_convergence,8000,0.8527341675206439
nih_nall_seed1_densenet121_convergence,9000,0.8537866393660138
nih_nall_seed1_densenet121_convergence,10000,0.8519895935144868
nih_nall_seed1_densenet121_convergence,11000,0.8526310317101095
nih_nall_seed1_densenet121_convergence,12000,0.8543788711009113
nih_nall_seed1_densenet121_convergence,13000,0.8602370670619622
nih_nall_seed1_densenet121_convergence,14000,0.8581990242685102
nih_nall_seed1_densenet121_convergence,15000,0.8535108219515145
nih_nall_seed1_densenet121_convergence,16000,0.8536896181520837
nih_nall_seed1_densenet121_convergence,17000,0.8548330964300743
nih_nall_seed1_densenet121_convergence,18000,0.8531190908104846
nih_nall_seed1_densenet121_convergence,19000,0.8518313831978397
nih_nall_seed2_densenet121_convergence,1000,0.8259202269982162
nih_nall_seed2_densenet121_convergence,2000,0.8321169084854156
nih_nall_seed2_densenet121_convergence,3000,0.8457938642150327
nih_nall_seed2_densenet121_convergence,4000,0.8488175708234396
nih_nall_seed2_densenet121_convergence,5000,0.8443124626390528
nih_nall_seed2_densenet121_convergence,6000,0.8537933259379382
nih_nall_seed2_densenet121_convergence,7000,0.8537141350450953
nih_nall_seed2_densenet121_convergence,8000,0.8521629372784731
nih_nall_seed2_densenet121_convergence,9000,0.8511941514840193
nih_nall_seed2_densenet121_convergence,10000,0.8612936945568244
nih_nall_seed2_densenet121_convergence,11000,0.8574064019195986
nih_nall_seed2_densenet121_convergence,12000,0.8586710433360385
nih_nall_seed2_densenet121_convergence,13000,0.8560642053826961
nih_nall_seed2_densenet121_convergence,14000,0.8568618612236034
nih_nall_seed2_densenet121_convergence,15000,0.8580624765851961
nih_nall_seed2_densenet121_convergence,16000,0.8585186631406028
nih_nall_seed3_densenet121_convergence,1000,0.8272904541475959
nih_nall_seed3_densenet121_convergence,2000,0.8369529894730956
nih_nall_seed3_densenet121_convergence,3000,0.8423307439383925
nih_nall_seed3_densenet121_convergence,4000,0.8467860375187601
nih_nall_seed3_densenet121_convergence,5000,0.8512917554292607
nih_nall_seed3_densenet121_convergence,6000,0.8435067015724678
nih_nall_seed3_densenet121_convergence,7000,0.851523126970491
nih_nall_seed3_densenet121_convergence,8000,0.8478793401569293
nih_nall_seed3_densenet121_convergence,9000,0.8613728450792322
nih_nall_seed3_densenet121_convergence,10000,0.8608748347741628
nih_nall_seed3_densenet121_convergence,11000,0.8603598121155386
nih_nall_seed3_densenet121_convergence,12000,0.8591697986043771
nih_nall_seed3_densenet121_convergence,13000,0.860226499729009
nih_nall_seed3_densenet121_convergence,14000,0.8594674541114082
nih_nall_seed3_densenet121_convergence,15000,0.8591048187681195
