source,size,method,budget,target,attempts,feasible_attempts,feasibility,positive_min,positive_max,sensitivity_mean,sensitivity_p10,sensitivity_p90,specificity_mean,specificity_p10,specificity_p90,fn_mean,fn_p10,fn_p90,fp_mean,fp_p10,fp_p90,below_target_fraction
chexpert,1000,local_empirical,100,0.8,600,591,0.985,0,9,0.8520807278255965,0.6956521739130435,0.9710144927536232,0.6344906026089601,0.2128430864836872,0.8529259451061626,10.20642978003384,2.0,21.0,705.7986463620981,284.0,1520.0,0.23181049069373943
chexpert,1000,local_empirical,100,0.9,600,591,0.985,0,9,0.8752298977414845,0.7246376811594203,0.9855072463768116,0.5807069796297123,0.2066286897980321,0.8482651475919213,8.609137055837563,1.0,19.0,809.6548223350254,293.0,1532.0,0.5042301184433164
chexpert,1000,local_empirical,100,0.95,600,591,0.985,0,9,0.8752298977414845,0.7246376811594203,0.9855072463768116,0.5807069796297123,0.2066286897980321,0.8482651475919213,8.609137055837563,1.0,19.0,809.6548223350254,293.0,1532.0,0.688663282571912
chexpert,1000,local_empirical,250,0.8,600,600,1.0,5,17,0.8502898550724638,0.7536231884057971,0.9420289855072465,0.6938719143794234,0.4614189539098912,0.8358363542206111,10.33,4.0,17.0,591.1333333333333,317.0,1040.0,0.195
chexpert,1000,local_empirical,250,0.9,600,600,1.0,5,17,0.9089613526570048,0.8260869565217391,0.9855072463768116,0.5396418090799241,0.2066286897980321,0.7638529259451061,6.281666666666666,1.0,12.0,888.9516666666667,456.0,1532.0,0.36833333333333335
chexpert,1000,local_empirical,250,0.95,600,600,1.0,5,17,0.9419806763285025,0.855072463768116,0.9855072463768116,0.4136656309338857,0.1548420507509062,0.7638529259451061,4.003333333333333,1.0,10.0,1132.2116666666666,456.0,1632.0,0.42
chexpert,1000,local_empirical,500,0.8,600,600,1.0,14,28,0.846062801932367,0.7681159420289855,0.927536231884058,0.7226333505955465,0.6022786121180735,0.8104609010875194,10.621666666666666,5.0,16.0,535.595,366.0,768.0,0.195
chexpert,1000,local_empirical,500,0.9,600,600,1.0,14,28,0.9197342995169083,0.855072463768116,0.9565217391304348,0.557526324874849,0.4174003107198343,0.7638529259451061,5.538333333333333,3.0,10.0,854.4166666666666,456.0,1125.0,0.26
chexpert,1000,local_empirical,500,0.95,600,600,1.0,14,28,0.9506763285024155,0.927536231884058,0.9855072463768116,0.41614362161229074,0.2066286897980321,0.6576903158984981,3.4033333333333333,1.0,5.0,1127.4266666666667,661.0,1532.0,0.41
chexpert,1000,local_empirical,750,0.8,600,600,1.0,23,38,0.8419565217391306,0.7681159420289855,0.8840579710144928,0.7299033316071121,0.6022786121180735,0.8104609010875194,10.905,8.0,16.0,521.5566666666666,366.0,768.0,0.19333333333333333
chexpert,1000,local_empirical,750,0.9,600,600,1.0,23,38,0.9254830917874394,0.855072463768116,0.9565217391304348,0.5719687553944416,0.4443293630243397,0.7638529259451061,5.141666666666667,3.0,10.0,826.5283333333333,456.0,1073.0,0.14833333333333334
chexpert,1000,local_empirical,750,0.95,600,600,1.0,23,38,0.9607971014492754,0.9420289855072465,0.9855072463768116,0.36402295874331086,0.2066286897980321,0.4899016053858104,2.705,1.0,4.0,1228.0716666666667,985.0,1532.0,0.23
chexpert,1000,local_empirical,1000,0.8,3,3,1.0,42,42,0.8212560386473431,0.7826086956521738,0.8521739130434782,0.7329535646469877,0.6640082858622476,0.7895390989124805,12.333333333333334,10.2,15.0,515.6666666666666,406.4,648.8,0.3333333333333333
chexpert,1000,local_empirical,1000,0.9,3,3,1.0,42,42,0.927536231884058,0.927536231884058,0.927536231884058,0.5934748834800622,0.5003625064733298,0.6615225271879855,5.0,5.0,5.0,785.0,653.6,964.8,0.0
chexpert,1000,local_empirical,1000,0.95,3,3,1.0,42,42,0.9565217391304349,0.9449275362318841,0.9681159420289855,0.40324529604695325,0.3030554117037804,0.4828586224754013,3.0,2.2,3.8,1152.3333333333333,998.6,1345.8,0.3333333333333333
chexpert,1000,local_order_statistic,100,0.8,600,0,0.0,0,9,,,,,,,,,,,,,
chexpert,1000,local_order_statistic,100,0.9,600,0,0.0,0,9,,,,,,,,,,,,,
chexpert,1000,local_order_statistic,100,0.95,600,0,0.0,0,9,,,,,,,,,,,,,
chexpert,1000,local_order_statistic,250,0.8,600,81,0.135,5,17,0.9640365002683844,0.927536231884058,0.9855072463768116,0.3381219990921354,0.1548420507509062,0.5965820818228897,2.4814814814814814,1.0,5.0,1278.0864197530864,779.0,1632.0,0.0
chexpert,1000,local_order_statistic,250,0.9,600,0,0.0,5,17,,,,,,,,,,,,,
chexpert,1000,local_order_statistic,250,0.95,600,0,0.0,5,17,,,,,,,,,,,,,
chexpert,1000,local_order_statistic,500,0.8,600,600,1.0,14,28,0.9569082125603865,0.927536231884058,0.9855072463768116,0.3765958915933023,0.1548420507509062,0.6561367167270844,2.973333333333333,1.0,5.0,1203.7933333333333,664.0,1632.0,0.0033333333333333335
chexpert,1000,local_order_statistic,500,0.9,600,0,0.0,14,28,,,,,,,,,,,,,
chexpert,1000,local_order_statistic,500,0.95,600,0,0.0,14,28,,,,,,,,,,,,,
chexpert,1000,local_order_statistic,750,0.8,600,600,1.0,23,38,0.9456280193236717,0.927536231884058,0.9710144927536232,0.47548420507509054,0.2651475919212843,0.6576903158984981,3.7516666666666665,2.0,5.0,1012.84,661.0,1419.0,0.0
chexpert,1000,local_order_statistic,750,0.9,600,519,0.865,23,38,0.980983496690961,0.9565217391304348,1.0,0.20818428460100835,0.1517348524080787,0.4174003107198343,1.3121387283236994,0.0,3.0,1528.9961464354528,1125.0,1638.0,0.0
chexpert,1000,local_order_statistic,750,0.95,600,0,0.0,23,38,,,,,,,,,,,,,
chexpert,1000,local_order_statistic,1000,0.8,3,3,1.0,42,42,0.9468599033816426,0.9420289855072465,0.9536231884057972,0.5002589331952356,0.4474365613671672,0.5692387364060073,3.6666666666666665,3.2,4.0,965.0,831.8,1067.0,0.0
chexpert,1000,local_order_statistic,1000,0.9,3,3,1.0,42,42,0.9855072463768115,0.9739130434782609,0.9971014492753624,0.17313999654755738,0.15235629207664422,0.201242879337131,1.0,0.2,1.8,1596.6666666666667,1542.4,1636.8,0.0
chexpert,1000,local_order_statistic,1000,0.95,3,0,0.0,42,42,,,,,,,,,,,,,
chexpert,1000,source_empirical,0,0.8,3,3,1.0,7080,7080,0.6908212560386473,0.5565217391304348,0.8231884057971015,0.8470567926808217,0.7816675297773175,0.9100983946141896,21.333333333333332,12.2,30.6,295.3333333333333,173.6,421.6,0.6666666666666666
chexpert,1000,source_empirical,0,0.9,3,3,1.0,7080,7080,0.8357487922705314,0.7797101449275362,0.8956521739130435,0.7571206628689798,0.7046090108751942,0.8160538581046091,11.333333333333334,7.2,15.2,469.0,355.2,570.4,0.6666666666666666
chexpert,1000,source_empirical,0,0.95,3,3,1.0,7080,7080,0.9178743961352658,0.8898550724637682,0.9478260869565218,0.5724149836008977,0.4830657690315898,0.671983428275505,5.666666666666667,3.6,7.6,825.6666666666666,633.4,998.2,0.6666666666666666
chexpert,10000,local_empirical,100,0.8,600,591,0.985,0,9,0.8216238750337183,0.6521739130434783,0.9710144927536232,0.8651829926017837,0.7239772138788193,0.972035214914552,12.307952622673435,2.0,24.0,260.331641285956,54.0,533.0,0.5008460236886633
chexpert,10000,local_empirical,100,0.9,600,591,0.985,0,9,0.8435959685132054,0.6956521739130435,0.9855072463768116,0.8401615462736841,0.4458829621957535,0.9642672190574832,10.791878172588833,1.0,21.0,308.6480541455161,69.0,1070.0,0.6277495769881557
chexpert,10000,local_empirical,100,0.95,600,591,0.985,0,9,0.8435959685132054,0.6956521739130435,0.9855072463768116,0.8401615462736841,0.4458829621957535,0.9642672190574832,10.791878172588833,1.0,21.0,308.6480541455161,69.0,1070.0,0.8223350253807107
chexpert,10000,local_empirical,250,0.8,600,600,1.0,5,17,0.8147826086956523,0.7391304347826086,0.927536231884058,0.9202770585189022,0.8694976696012429,0.972035214914552,12.78,5.0,18.0,153.945,54.0,252.0,0.5216666666666666
chexpert,10000,local_empirical,250,0.9,600,600,1.0,5,17,0.8839371980676329,0.782608695652174,0.9855072463768116,0.820881235974452,0.4458829621957535,0.9425168306576904,8.008333333333333,1.0,15.0,345.87833333333333,111.0,1070.0,0.5083333333333333
chexpert,10000,local_empirical,250,0.95,600,600,1.0,5,17,0.9184299516908212,0.7971014492753623,0.9855072463768116,0.731424132573796,0.3972035214914552,0.9419989642672192,5.628333333333333,1.0,14.0,518.62,112.0,1164.0,0.635
chexpert,10000,local_empirical,500,0.8,600,600,1.0,14,28,0.8105314009661836,0.782608695652174,0.8840579710144928,0.9346625237355427,0.907819782496116,0.9642672190574832,13.073333333333334,8.0,15.0,126.16666666666667,69.0,178.0,0.53
chexpert,10000,local_empirical,500,0.9,600,600,1.0,14,28,0.8918115942028984,0.8115942028985508,0.9420289855072465,0.8654876575176937,0.7441740031071984,0.9285344381149664,7.465,4.0,13.0,259.74333333333334,138.0,494.0,0.49833333333333335
chexpert,10000,local_empirical,500,0.95,600,600,1.0,14,28,0.9293719806763283,0.8840579710144928,0.9855072463768116,0.7751855687899188,0.4458829621957535,0.9036250647332988,4.873333333333333,1.0,8.0,434.1166666666667,186.10000000000005,1070.0,0.7233333333333334
chexpert,10000,local_empirical,750,0.8,600,600,1.0,23,38,0.8108937198067633,0.782608695652174,0.8695652173913043,0.9377749007422752,0.9135163127913,0.9596064215432418,13.048333333333334,9.0,15.0,120.15666666666667,78.0,167.0,0.49833333333333335
chexpert,10000,local_empirical,750,0.9,600,600,1.0,23,38,0.8965700483091787,0.8115942028985508,0.927536231884058,0.8689487312273434,0.7441740031071984,0.9207664422578976,7.136666666666667,5.0,13.0,253.06,153.0,494.0,0.4766666666666667
chexpert,10000,local_empirical,750,0.95,600,600,1.0,23,38,0.9415458937198067,0.9260869565217392,0.9710144927536232,0.7913507681684792,0.7239772138788193,0.8798549974106681,4.033333333333333,2.0,5.100000000000023,402.90166666666664,232.0,533.0,0.725
chexpert,10000,local_empirical,1000,0.8,3,3,1.0,42,42,0.8115942028985508,0.7884057971014493,0.8347826086956521,0.9387191437942345,0.9284308648368721,0.9474883480062144,13.0,11.4,14.6,118.33333333333333,101.4,138.2,0.3333333333333333
chexpert,10000,local_empirical,1000,0.9,3,3,1.0,42,42,0.8985507246376812,0.8869565217391304,0.9101449275362319,0.8876229932677369,0.8736406007250129,0.9005696530295183,7.0,6.2,7.8,217.0,192.0,244.0,0.6666666666666666
chexpert,10000,local_empirical,1000,0.95,3,3,1.0,42,42,0.9420289855072465,0.9304347826086957,0.9536231884057972,0.8002761954082512,0.7511134127395132,0.8497151734852407,4.0,3.2,4.8,385.6666666666667,290.2,480.6,0.6666666666666666
chexpert,10000,local_order_statistic,100,0.8,600,0,0.0,0,9,,,,,,,,,,,,,
chexpert,10000,local_order_statistic,100,0.9,600,0,0.0,0,9,,,,,,,,,,,,,
chexpert,10000,local_order_statistic,100,0.95,600,0,0.0,0,9,,,,,,,,,,,,,
chexpert,10000,local_order_statistic,250,0.8,600,81,0.135,5,17,0.9311146895687957,0.855072463768116,0.9855072463768116,0.7330302855937242,0.3972035214914552,0.9207664422578976,4.753086419753086,1.0,10.0,515.5185185185185,153.0,1164.0,0.037037037037037035
chexpert,10000,local_order_statistic,250,0.9,600,0,0.0,5,17,,,,,,,,,,,,,
chexpert,10000,local_order_statistic,250,0.95,600,0,0.0,5,17,,,,,,,,,,,,,
chexpert,10000,local_order_statistic,500,0.8,600,600,1.0,14,28,0.9392753623188406,0.8840579710144928,0.9855072463768116,0.7234489901605385,0.3972035214914552,0.9031589849818746,4.19,1.0,8.0,534.02,187.0,1164.0,0.015
chexpert,10000,local_order_statistic,500,0.9,600,0,0.0,14,28,,,,,,,,,,,,,
chexpert,10000,local_order_statistic,500,0.95,600,0,0.0,14,28,,,,,,,,,,,,,
chexpert,10000,local_order_statistic,750,0.8,600,600,1.0,23,38,0.9239613526570047,0.8840579710144928,0.9565217391304348,0.8303469704816157,0.7389953392024857,0.9031589849818746,5.246666666666667,3.0,8.0,327.6,187.0,504.0,0.01
chexpert,10000,local_order_statistic,750,0.9,600,519,0.865,23,38,0.9759291837703502,0.9420289855072465,0.9855072463768116,0.4976895575585045,0.3806317969963749,0.7722423614707402,1.6608863198458574,1.0,4.0,969.961464354528,439.8000000000003,1196.0,0.007707129094412331
chexpert,10000,local_order_statistic,750,0.95,600,0,0.0,23,38,,,,,,,,,,,,,
chexpert,10000,local_order_statistic,1000,0.8,3,3,1.0,42,42,0.9227053140096618,0.9159420289855073,0.927536231884058,0.837735197652339,0.7713102019678924,0.8873122734334542,5.333333333333333,5.0,5.8,313.3333333333333,217.6,441.6,0.0
chexpert,10000,local_order_statistic,1000,0.9,3,3,1.0,42,42,0.9855072463768116,0.9855072463768116,0.9855072463768116,0.4079060935611946,0.38394614189539095,0.43614707405489384,1.0,1.0,1.0,1143.3333333333333,1088.8,1189.6,0.0
chexpert,10000,local_order_statistic,1000,0.95,3,0,0.0,42,42,,,,,,,,,,,,,
chexpert,10000,source_empirical,0,0.8,3,3,1.0,7080,7080,0.7101449275362319,0.6608695652173913,0.7652173913043478,0.9601242879337132,0.9461418953909893,0.9738995339202485,20.0,16.2,23.4,77.0,50.4,104.0,1.0
chexpert,10000,source_empirical,0,0.9,3,3,1.0,7080,7080,0.8357487922705314,0.8173913043478261,0.8521739130434782,0.9266355946832384,0.9084412221646816,0.9494562402900051,11.333333333333334,10.2,12.6,141.66666666666666,97.6,176.8,1.0
chexpert,10000,source_empirical,0,0.95,3,3,1.0,7080,7080,0.9323671497584541,0.9072463768115943,0.9536231884057972,0.8306576903158985,0.7959606421543242,0.8784049715173485,4.666666666666667,3.2,6.4,327.0,234.8,394.0,0.6666666666666666
chexpert,all,local_empirical,100,0.8,600,591,0.985,0,9,0.7320924985899605,0.2753623188405797,0.9710144927536232,0.9395305554314195,0.9140341791817712,0.9974106680476436,18.485617597292723,2.0,50.0,116.76649746192894,5.0,166.0,0.4416243654822335
chexpert,all,local_empirical,100,0.9,600,591,0.985,0,9,0.7718433507442556,0.3333333333333333,0.9855072463768116,0.927124544676272,0.6975660279647851,0.9968928016571724,15.742808798646362,1.0,46.0,140.72250423011843,6.0,584.0,0.6412859560067682
chexpert,all,local_empirical,100,0.95,600,591,0.985,0,9,0.7718433507442556,0.3333333333333333,0.9855072463768116,0.927124544676272,0.6975660279647851,0.9968928016571724,15.742808798646362,1.0,46.0,140.72250423011843,6.0,584.0,0.7377326565143824
chexpert,all,local_empirical,250,0.8,600,600,1.0,5,17,0.779951690821256,0.5942028985507246,0.9130434782608696,0.971512169860176,0.9518384256861728,0.9927498705334024,15.183333333333334,6.0,28.0,55.01,14.0,93.0,0.3983333333333333
chexpert,all,local_empirical,250,0.9,600,600,1.0,5,17,0.8797101449275363,0.7681159420289855,0.9855072463768116,0.9182030036250647,0.6975660279647851,0.9798032107716208,8.3,1.0,16.0,157.95,39.0,584.0,0.545
chexpert,all,local_empirical,250,0.95,600,600,1.0,5,17,0.9208454106280194,0.8405797101449275,1.0,0.8643552563438633,0.5965820818228897,0.9725530813050232,5.461666666666667,0.0,11.0,261.93,53.0,779.0,0.49
chexpert,all,local_empirical,500,0.8,600,600,1.0,14,28,0.8027777777777778,0.6956521739130435,0.855072463768116,0.9736906611427585,0.9632314862765406,0.9865354738477472,13.608333333333333,10.0,21.0,50.803333333333335,26.0,71.0,0.36
chexpert,all,local_empirical,500,0.9,600,600,1.0,14,28,0.8963768115942029,0.8405797101449275,0.9710144927536232,0.9514310374590023,0.9249093733816676,0.9689280165717244,7.15,2.0,11.0,93.78666666666666,60.0,145.0,0.56
chexpert,all,local_empirical,500,0.95,600,600,1.0,14,28,0.931328502415459,0.855072463768116,0.9855072463768116,0.9047203521491455,0.6975660279647851,0.9616778871051268,4.738333333333333,1.0,10.0,183.985,74.0,584.0,0.5333333333333333
chexpert,all,local_empirical,750,0.8,600,600,1.0,23,38,0.8149033816425122,0.7681159420289855,0.855072463768116,0.9738218539616778,0.9663386846193682,0.981874676333506,12.771666666666667,10.0,16.0,50.55,35.0,65.0,0.2866666666666667
chexpert,all,local_empirical,750,0.9,600,600,1.0,23,38,0.9002173913043479,0.855072463768116,0.9710144927536232,0.9513084757465905,0.92594510616261,0.9673744174003108,6.885,2.0,10.0,94.02333333333333,63.0,143.0,0.5683333333333334
chexpert,all,local_empirical,750,0.95,600,600,1.0,23,38,0.9385507246376812,0.8985507246376812,0.9710144927536232,0.933194372518557,0.9140341791817712,0.9523562920766442,4.24,2.0,7.0,129.00166666666667,92.0,166.0,0.5
chexpert,all,local_empirical,1000,0.8,3,3,1.0,42,42,0.8212560386473431,0.8028985507246377,0.8376811594202899,0.973761436216123,0.9717244950802694,0.9754531330916624,12.333333333333334,11.2,13.6,50.666666666666664,47.4,54.6,0.3333333333333333
chexpert,all,local_empirical,1000,0.9,3,3,1.0,42,42,0.8985507246376813,0.8608695652173913,0.9420289855072465,0.949766960124288,0.9377524598653547,0.9601242879337131,7.0,4.0,9.6,97.0,77.0,120.2,0.6666666666666666
chexpert,all,local_empirical,1000,0.95,3,3,1.0,42,42,0.9323671497584541,0.9043478260869565,0.9623188405797102,0.9411358536164336,0.9292594510616261,0.9508026929052303,4.666666666666667,2.6,6.6,113.66666666666667,95.0,136.6,0.6666666666666666
chexpert,all,local_order_statistic,100,0.8,600,0,0.0,0,9,,,,,,,,,,,,,
chexpert,all,local_order_statistic,100,0.9,600,0,0.0,0,9,,,,,,,,,,,,,
chexpert,all,local_order_statistic,100,0.95,600,0,0.0,0,9,,,,,,,,,,,,,
chexpert,all,local_order_statistic,250,0.8,600,81,0.135,5,17,0.9465020576131687,0.8985507246376812,1.0,0.8683788224613357,0.5965820818228897,0.9523562920766442,3.691358024691358,0.0,7.0,254.1604938271605,92.0,779.0,0.0
chexpert,all,local_order_statistic,250,0.9,600,0,0.0,5,17,,,,,,,,,,,,,
chexpert,all,local_order_statistic,250,0.95,600,0,0.0,5,17,,,,,,,,,,,,,
chexpert,all,local_order_statistic,500,0.8,600,600,1.0,14,28,0.9422705314009663,0.8811594202898553,1.0,0.8676851372345934,0.5965820818228897,0.9546866908337651,3.9833333333333334,0.0,8.200000000000045,255.5,87.50000000000009,779.0,0.005
chexpert,all,local_order_statistic,500,0.9,600,0,0.0,14,28,,,,,,,,,,,,,
chexpert,all,local_order_statistic,500,0.95,600,0,0.0,14,28,,,,,,,,,,,,,
chexpert,all,local_order_statistic,750,0.8,600,600,1.0,23,38,0.9219082125603865,0.855072463768116,0.9710144927536232,0.9437631624374243,0.9249093733816676,0.9616778871051268,5.388333333333334,2.0,10.0,108.59333333333333,74.0,145.0,0.0
chexpert,all,local_order_statistic,750,0.9,600,519,0.865,23,38,0.9834687665801012,0.9681159420289855,1.0,0.7013926514858974,0.5919212843086483,0.9274987053340237,1.140655105973025,0.0,2.1999999999999886,576.6107899807322,140.00000000000006,788.0,0.023121387283236993
chexpert,all,local_order_statistic,750,0.95,600,0,0.0,23,38,,,,,,,,,,,,,
chexpert,all,local_order_statistic,1000,0.8,3,3,1.0,42,42,0.927536231884058,0.9014492753623189,0.9594202898550724,0.9435525634386327,0.9312273433454169,0.9523562920766442,5.0,2.8,6.8,109.0,92.0,132.8,0.0
chexpert,all,local_order_statistic,1000,0.9,3,3,1.0,42,42,0.9951690821256038,0.9884057971014493,1.0,0.6286897980321077,0.5928534438114966,0.677369238736406,0.3333333333333333,0.0,0.8,717.0,623.0,786.2,0.0
chexpert,all,local_order_statistic,1000,0.95,3,0,0.0,42,42,,,,,,,,,,,,,
chexpert,all,source_empirical,0,0.8,3,3,1.0,7080,7080,0.7777777777777778,0.7565217391304347,0.8028985507246377,0.9799758329017779,0.9793889176592439,0.9806317969963749,15.333333333333334,13.6,16.8,38.666666666666664,37.4,39.8,0.6666666666666666
chexpert,all,source_empirical,0,0.9,3,3,1.0,7080,7080,0.9033816425120773,0.8985507246376812,0.9101449275362319,0.9504574486449163,0.9476954945624029,0.9526670119109271,6.666666666666667,6.2,7.0,95.66666666666667,91.4,101.0,0.6666666666666666
chexpert,all,source_empirical,0,0.95,3,3,1.0,7080,7080,0.966183574879227,0.9594202898550724,0.9710144927536232,0.8921111686518213,0.8906266183324703,0.8935266701191092,2.3333333333333335,2.0,2.8,208.33333333333334,205.6,211.2,0.0
nih,1000,local_empirical,100,0.8,600,591,0.985,0,9,0.7667181637607592,0.5072463768115942,0.9565217391304348,0.6436956557932251,0.2744691869497669,0.9254272397721388,16.096446700507613,3.0,34.0,688.0236886632825,144.0,1401.0,0.5076142131979695
nih,1000,local_empirical,100,0.9,600,591,0.985,0,9,0.8021530689815838,0.5797101449275363,0.9565217391304348,0.5829712211745139,0.2366649404453651,0.9124805800103574,13.651438240270728,3.0,29.0,805.2825719120135,169.0,1474.0,0.560067681895093
nih,1000,local_empirical,100,0.95,600,591,0.985,0,9,0.8021530689815838,0.5797101449275363,0.9565217391304348,0.5829712211745139,0.2366649404453651,0.9124805800103574,13.651438240270728,3.0,29.0,805.2825719120135,169.0,1474.0,0.8274111675126904
nih,1000,local_empirical,250,0.8,600,600,1.0,5,17,0.7938164251207729,0.6666666666666667,0.927536231884058,0.6752831002934576,0.4230968410150181,0.8850336613153806,14.226666666666667,5.0,23.0,627.0283333333333,222.0,1114.0,0.5116666666666667
nih,1000,local_empirical,250,0.9,600,600,1.0,5,17,0.882415458937198,0.7391304347826086,0.9565217391304348,0.4883195235629207,0.2366649404453651,0.7907819782496116,8.113333333333333,3.0,18.0,988.055,404.0,1474.0,0.395
nih,1000,local_empirical,250,0.95,600,600,1.0,5,17,0.9176570048309179,0.8246376811594204,1.0,0.3750276195408251,0.0,0.677369238736406,5.681666666666667,0.0,12.100000000000023,1206.8216666666667,623.0,1931.0,0.6783333333333333
nih,1000,local_empirical,500,0.8,600,600,1.0,14,28,0.7933574879227053,0.6811594202898551,0.8840579710144928,0.6970136371482824,0.5256343863283273,0.84360435007768,14.258333333333333,8.0,22.0,585.0666666666667,302.0,916.0,0.5516666666666666
nih,1000,local_empirical,500,0.9,600,600,1.0,14,28,0.9020772946859904,0.7971014492753623,0.9565217391304348,0.4845503193509408,0.2744691869497669,0.677369238736406,6.756666666666667,3.0,14.0,995.3333333333334,623.0,1401.0,0.33
nih,1000,local_empirical,500,0.95,600,600,1.0,14,28,0.9333574879227052,0.8840579710144928,0.9565217391304348,0.36234507163818397,0.158467115484205,0.5789746245468669,4.598333333333334,3.0,8.0,1231.3116666666667,813.0,1625.0,0.68
nih,1000,local_empirical,750,0.8,600,600,1.0,23,38,0.7977777777777778,0.7246376811594203,0.855072463768116,0.6971172104263766,0.5867426204039358,0.8016571724495081,13.953333333333333,10.0,19.0,584.8666666666667,383.0,798.0,0.52
nih,1000,local_empirical,750,0.9,600,600,1.0,23,38,0.9115942028985509,0.8405797101449275,0.9565217391304348,0.48126014155014674,0.3412739513205593,0.6374935266701192,6.1,3.0,11.0,1001.6866666666666,700.0,1272.0,0.2633333333333333
nih,1000,local_empirical,750,0.95,600,600,1.0,23,38,0.9408212560386473,0.927536231884058,0.9565217391304348,0.3273511134127394,0.158467115484205,0.4287933713102019,4.083333333333333,3.0,5.0,1298.885,1103.0,1625.0,0.6733333333333333
nih,1000,local_empirical,1000,0.8,3,3,1.0,42,42,0.8164251207729468,0.7797101449275362,0.8492753623188406,0.6899706542378733,0.6275504919730709,0.7443811496633869,12.666666666666666,10.4,15.2,598.6666666666666,493.6,719.2,0.3333333333333333
nih,1000,local_empirical,1000,0.9,3,3,1.0,42,42,0.9227053140096618,0.8927536231884058,0.9507246376811594,0.47609183497324353,0.39109269808389435,0.559295701708959,5.333333333333333,3.4,7.4,1011.6666666666666,851.0,1175.8,0.3333333333333333
nih,1000,local_empirical,1000,0.95,3,3,1.0,42,42,0.9420289855072465,0.9304347826086957,0.9536231884057972,0.3740721560504056,0.30336613153806313,0.4268254790264111,4.0,3.2,4.8,1208.6666666666667,1106.8,1345.2,0.6666666666666666
nih,1000,local_order_statistic,100,0.8,600,0,0.0,0,9,,,,,,,,,,,,,
nih,1000,local_order_statistic,100,0.9,600,0,0.0,0,9,,,,,,,,,,,,,
nih,1000,local_order_statistic,100,0.95,600,0,0.0,0,9,,,,,,,,,,,,,
nih,1000,local_order_statistic,250,0.8,600,81,0.135,5,17,0.9371980676328503,0.9130434782608696,0.9565217391304348,0.3373931500981388,0.158467115484205,0.5696530295183843,4.333333333333333,3.0,6.0,1279.4938271604938,831.0,1625.0,0.012345679012345678
nih,1000,local_order_statistic,250,0.9,600,0,0.0,5,17,,,,,,,,,,,,,
nih,1000,local_order_statistic,250,0.95,600,0,0.0,5,17,,,,,,,,,,,,,
nih,1000,local_order_statistic,500,0.8,600,600,1.0,14,28,0.9403623188405796,0.9130434782608696,1.0,0.32236233385119967,0.0,0.5256343863283273,4.115,0.0,6.0,1308.5183333333334,916.0,1931.0,0.016666666666666666
nih,1000,local_order_statistic,500,0.9,600,0,0.0,14,28,,,,,,,,,,,,,
nih,1000,local_order_statistic,500,0.95,600,0,0.0,14,28,,,,,,,,,,,,,
nih,1000,local_order_statistic,750,0.8,600,600,1.0,23,38,0.9303140096618359,0.9130434782608696,0.9565217391304348,0.41199292249266356,0.2744691869497669,0.5696530295183843,4.808333333333334,3.0,6.0,1135.4416666666666,831.0,1401.0,0.013333333333333334
nih,1000,local_order_statistic,750,0.9,600,519,0.865,23,38,0.9702046857110944,0.9420289855072465,1.0,0.14148329307146656,0.0,0.3852925945106162,2.0558766859344892,0.0,4.0,1657.795761078998,1187.0,1931.0,0.0
nih,1000,local_order_statistic,750,0.95,600,0,0.0,23,38,,,,,,,,,,,,,
nih,1000,local_order_statistic,1000,0.8,3,3,1.0,42,42,0.9323671497584541,0.9159420289855073,0.9507246376811594,0.41964439841187634,0.35763852925945105,0.480269290523045,4.666666666666667,3.4,5.8,1120.6666666666667,1003.6,1240.4,0.0
nih,1000,local_order_statistic,1000,0.9,3,3,1.0,42,42,0.9806763285024155,0.9536231884057972,1.0,0.07888831348178836,0.0,0.18933195235629208,1.3333333333333333,0.0,3.2,1778.6666666666667,1565.4,1931.0,0.0
nih,1000,local_order_statistic,1000,0.95,3,0,0.0,42,42,,,,,,,,,,,,,
nih,1000,source_empirical,0,0.8,3,3,1.0,1368,1368,0.8937198067632851,0.855072463768116,0.9246376811594204,0.5142413257379596,0.37141377524598645,0.6328327291558777,7.333333333333333,5.2,10.0,938.0,709.0,1213.8,0.0
nih,1000,source_empirical,0,0.9,3,3,1.0,1368,1368,0.9420289855072465,0.9304347826086957,0.9536231884057972,0.29725530813050227,0.17296737441740023,0.39834282755049194,4.0,3.2,4.8,1357.0,1161.8,1597.0,0.0
nih,1000,source_empirical,0,0.95,3,3,1.0,1368,1368,0.966183574879227,0.9478260869565218,0.9826086956521739,0.14966338684619362,0.08151216986017604,0.20580010357327802,2.3333333333333335,1.2,3.6,1642.0,1533.6,1773.6,0.3333333333333333
nih,10000,local_empirical,100,0.8,600,591,0.985,0,9,0.7378797910689325,0.4927536231884057,0.9710144927536232,0.7272649206420141,0.3174520973588814,0.9854997410668048,18.086294416243653,2.0,35.0,526.6514382402707,28.0,1318.0,0.5177664974619289
nih,10000,local_empirical,100,0.9,600,591,0.985,0,9,0.7772873292626106,0.5217391304347826,0.9710144927536232,0.662620123534355,0.2433972035214914,0.9792853443811496,15.367174280879865,2.0,33.0,651.4805414551607,40.0,1461.0,0.6632825719120136
nih,10000,local_empirical,100,0.95,600,591,0.985,0,9,0.7772873292626106,0.5217391304347826,0.9710144927536232,0.662620123534355,0.2433972035214914,0.9792853443811496,15.367174280879865,2.0,33.0,651.4805414551607,40.0,1461.0,0.7884940778341794
nih,10000,local_empirical,250,0.8,600,600,1.0,5,17,0.7532850241545894,0.5782608695652175,0.9130434782608696,0.776536336958398,0.5261522527187985,0.9653029518384256,17.023333333333333,6.0,29.100000000000023,431.5083333333333,67.0,915.0,0.5766666666666667
nih,10000,local_empirical,250,0.9,600,600,1.0,5,17,0.8558212560386474,0.6927536231884059,0.9710144927536232,0.5928284136026238,0.2433972035214914,0.9091144484722942,9.948333333333334,2.0,21.200000000000045,786.2483333333333,175.50000000000003,1461.0,0.6233333333333333
nih,10000,local_empirical,250,0.95,600,600,1.0,5,17,0.9021739130434784,0.782608695652174,0.9855072463768116,0.459975832901778,0.1351631279129984,0.787674779906784,6.75,1.0,15.0,1042.7866666666666,410.0,1670.0,0.5683333333333334
nih,10000,local_empirical,500,0.8,600,600,1.0,14,28,0.7565217391304347,0.6521739130434783,0.8695652173913043,0.800651648541343,0.5577421025375453,0.9409632314862766,16.8,9.0,24.0,384.94166666666666,114.0,854.0,0.6366666666666667
nih,10000,local_empirical,500,0.9,600,600,1.0,14,28,0.8696618357487923,0.782608695652174,0.9565217391304348,0.608551700327982,0.4215432418436043,0.8244432936302434,8.993333333333334,3.0,15.0,755.8866666666667,339.0,1117.0,0.64
nih,10000,local_empirical,500,0.95,600,600,1.0,14,28,0.9158695652173913,0.8405797101449275,0.9855072463768116,0.4623744174003107,0.1351631279129984,0.6846193682030036,5.805,1.0,11.0,1038.155,609.0,1670.0,0.6466666666666666
nih,10000,local_empirical,750,0.8,600,600,1.0,23,38,0.7621980676328503,0.6666666666666667,0.8405797101449275,0.8012765406525116,0.6338684619368203,0.9233557742102536,16.408333333333335,11.0,23.0,383.735,148.0,707.0,0.6833333333333333
nih,10000,local_empirical,750,0.9,600,600,1.0,23,38,0.878816425120773,0.8405797101449275,0.9420289855072465,0.6068781287761091,0.4215432418436043,0.7788710512687727,8.361666666666666,4.0,11.0,759.1183333333333,427.0,1117.0,0.6383333333333333
nih,10000,local_empirical,750,0.95,600,600,1.0,23,38,0.9337439613526569,0.8405797101449275,0.9855072463768116,0.41388831348178834,0.1351631279129984,0.661315380631797,4.571666666666666,1.0,11.0,1131.7816666666668,654.0,1670.0,0.55
nih,10000,local_empirical,1000,0.8,3,3,1.0,42,42,0.7584541062801934,0.6927536231884058,0.808695652173913,0.8123597445192474,0.7441740031071984,0.8904194717762818,16.666666666666668,13.2,21.2,362.3333333333333,211.6,494.0,0.6666666666666666
nih,10000,local_empirical,1000,0.9,3,3,1.0,42,42,0.8840579710144927,0.8463768115942029,0.927536231884058,0.6084930088037286,0.5129984464008286,0.7242879337131021,8.0,5.0,10.6,756.0,532.4,940.4,0.6666666666666666
nih,10000,local_empirical,1000,0.95,3,3,1.0,42,42,0.9033816425120773,0.855072463768116,0.9478260869565218,0.5075090626618333,0.3627136198860694,0.6378042465044018,6.666666666666667,3.6,10.0,951.0,699.4,1230.6,0.6666666666666666
nih,10000,local_order_statistic,100,0.8,600,0,0.0,0,9,,,,,,,,,,,,,
nih,10000,local_order_statistic,100,0.9,600,0,0.0,0,9,,,,,,,,,,,,,
nih,10000,local_order_statistic,100,0.95,600,0,0.0,0,9,,,,,,,,,,,,,
nih,10000,local_order_statistic,250,0.8,600,81,0.135,5,17,0.9321882268742172,0.8405797101449275,1.0,0.39754876575176934,0.0,0.7477990678404971,4.679012345679013,0.0,11.0,1163.3333333333333,487.0,1931.0,0.07407407407407407
nih,10000,local_order_statistic,250,0.9,600,0,0.0,5,17,,,,,,,,,,,,,
nih,10000,local_order_statistic,250,0.95,600,0,0.0,5,17,,,,,,,,,,,,,
nih,10000,local_order_statistic,500,0.8,600,600,1.0,14,28,0.9283816425120771,0.8405797101449275,0.9855072463768116,0.4132150871741757,0.1351631279129984,0.6835836354220611,4.941666666666666,1.0,11.0,1133.0816666666667,611.0,1670.0,0.02666666666666667
nih,10000,local_order_statistic,500,0.9,600,0,0.0,14,28,,,,,,,,,,,,,
nih,10000,local_order_statistic,500,0.95,600,0,0.0,14,28,,,,,,,,,,,,,
nih,10000,local_order_statistic,750,0.8,600,600,1.0,23,38,0.8991304347826088,0.8405797101449275,0.9565217391304348,0.5388606939409633,0.3174520973588814,0.6835836354220611,6.96,3.0,11.0,890.46,611.0,1318.0,0.006666666666666667
nih,10000,local_order_statistic,750,0.9,600,519,0.865,23,38,0.9768786127167631,0.9565217391304348,1.0,0.20035342634972045,0.0,0.3174520973588814,1.5953757225433527,0.0,3.0,1544.1175337186899,1318.0,1931.0,0.02697495183044316
nih,10000,local_order_statistic,750,0.95,600,0,0.0,23,38,,,,,,,,,,,,,
nih,10000,local_order_statistic,1000,0.8,3,3,1.0,42,42,0.8985507246376812,0.855072463768116,0.9362318840579711,0.5542896599344035,0.4487830139823925,0.658415328845158,7.0,4.4,10.0,860.6666666666666,659.6,1064.4,0.0
nih,10000,local_order_statistic,1000,0.9,3,3,1.0,42,42,0.9855072463768115,0.9739130434782609,0.9971014492753624,0.15328845157949247,0.043293630243397205,0.23801139306059033,1.0,0.2,1.8,1635.0,1471.4,1847.4,0.0
nih,10000,local_order_statistic,1000,0.95,3,0,0.0,42,42,,,,,,,,,,,,,
nih,10000,source_empirical,0,0.8,3,3,1.0,1368,1368,0.8502415458937197,0.8318840579710145,0.8666666666666667,0.6878991886759883,0.6091144484722941,0.7549456240290006,10.333333333333334,9.2,11.6,602.6666666666666,473.2,754.8,0.0
nih,10000,source_empirical,0,0.9,3,3,1.0,1368,1368,0.9323671497584541,0.8869565217391304,0.9681159420289855,0.38373899533920247,0.2915587778353184,0.44981874676333505,4.666666666666667,2.2,7.800000000000001,1190.0,1062.4,1368.0,0.3333333333333333
nih,10000,source_empirical,0,0.95,3,3,1.0,1368,1368,0.966183574879227,0.9478260869565218,0.9826086956521739,0.19489038494735023,0.14313827032625576,0.23801139306059033,2.3333333333333335,1.2,3.6,1554.6666666666667,1471.4,1654.6,0.3333333333333333
nih,all,local_empirical,100,0.8,600,591,0.985,0,9,0.711052257289291,0.3768115942028985,0.9130434782608696,0.9374853775035684,0.8234075608493009,0.9974106680476436,19.937394247038917,6.0,43.0,120.71573604060913,5.0,341.0,0.6074450084602369
nih,all,local_empirical,100,0.9,600,591,0.985,0,9,0.7519801858799873,0.4637681159420289,0.927536231884058,0.9156088084604121,0.7907819782496116,0.9968928016571724,17.11336717428088,5.0,37.0,162.95939086294416,6.0,404.0,0.6937394247038917
nih,all,local_empirical,100,0.95,600,591,0.985,0,9,0.7519801858799873,0.4637681159420289,0.927536231884058,0.9156088084604121,0.7907819782496116,0.9968928016571724,17.11336717428088,5.0,37.0,162.95939086294416,6.0,404.0,0.9644670050761421
nih,all,local_empirical,250,0.8,600,600,1.0,5,17,0.7524154589371981,0.5942028985507246,0.8840579710144928,0.9532867253581908,0.9114448472294148,0.9896426721905748,17.083333333333332,8.0,28.0,90.20333333333333,20.0,171.0,0.6766666666666666
nih,all,local_empirical,250,0.9,600,600,1.0,5,17,0.8397342995169084,0.7246376811594203,0.927536231884058,0.8994035905403072,0.7907819782496116,0.9709994821336096,11.058333333333334,5.0,19.0,194.25166666666667,56.0,404.0,0.6366666666666667
nih,all,local_empirical,250,0.95,600,600,1.0,5,17,0.8772946859903383,0.7971014492753623,0.9420289855072465,0.8571396513032972,0.7509062661833247,0.9632314862765406,8.466666666666667,4.0,14.0,275.86333333333334,71.0,481.0,0.915
nih,all,local_empirical,500,0.8,600,600,1.0,14,28,0.7723429951690821,0.6956521739130435,0.8695652173913043,0.9595762126704644,0.9264629725530812,0.981874676333506,15.708333333333334,9.0,21.0,78.05833333333334,35.0,142.0,0.7533333333333333
nih,all,local_empirical,500,0.9,600,600,1.0,14,28,0.8519082125603865,0.7971014492753623,0.9130434782608696,0.9136250647332987,0.8389435525634387,0.9632314862765406,10.218333333333334,6.0,14.0,166.79,71.0,311.0,0.7433333333333333
nih,all,local_empirical,500,0.95,600,600,1.0,14,28,0.8909903381642511,0.8115942028985508,0.9420289855072465,0.8581261867771449,0.7907819782496116,0.9461418953909893,7.5216666666666665,4.0,13.0,273.9583333333333,104.0,404.0,0.965
nih,all,local_empirical,750,0.8,600,600,1.0,23,38,0.7808212560386473,0.7246376811594203,0.8695652173913043,0.9603314344899017,0.9502848265147592,0.9709994821336096,15.123333333333333,9.0,19.0,76.6,56.0,96.0,0.7866666666666666
nih,all,local_empirical,750,0.9,600,600,1.0,23,38,0.8519323671497584,0.7971014492753623,0.9130434782608696,0.9188373899533921,0.8855515277058519,0.9564992232004144,10.216666666666667,6.0,14.0,156.725,84.0,221.0,0.8183333333333334
nih,all,local_empirical,750,0.95,600,600,1.0,23,38,0.9047826086956521,0.8115942028985508,0.9420289855072465,0.8428827895736234,0.7907819782496116,0.9114448472294148,6.57,4.0,13.0,303.3933333333333,171.0,404.0,1.0
nih,all,local_empirical,1000,0.8,3,3,1.0,42,42,0.7729468599033815,0.7478260869565218,0.7942028985507247,0.9625409977559123,0.955981356809943,0.9692387364060073,15.666666666666666,14.2,17.4,72.33333333333333,59.4,85.0,1.0
nih,all,local_empirical,1000,0.9,3,3,1.0,42,42,0.8454106280193235,0.8057971014492753,0.8869565217391304,0.9344035905403073,0.9165199378560331,0.9521491455204558,10.666666666666666,7.8,13.4,126.66666666666667,92.4,161.2,1.0
nih,all,local_empirical,1000,0.95,3,3,1.0,42,42,0.8792270531400966,0.8318840579710145,0.9130434782608696,0.8753668220265838,0.8462972553081305,0.9042982910409114,8.333333333333334,6.0,11.6,240.66666666666666,184.8,296.8,1.0
nih,all,local_order_statistic,100,0.8,600,0,0.0,0,9,,,,,,,,,,,,,
nih,all,local_order_statistic,100,0.9,600,0,0.0,0,9,,,,,,,,,,,,,
nih,all,local_order_statistic,100,0.95,600,0,0.0,0,9,,,,,,,,,,,,,
nih,all,local_order_statistic,250,0.8,600,81,0.135,5,17,0.8949722669529434,0.7971014492753623,0.9420289855072465,0.8467243352449636,0.7509062661833247,0.9564992232004144,7.246913580246914,4.0,14.0,295.9753086419753,84.0,481.0,0.12345679012345678
nih,all,local_order_statistic,250,0.9,600,0,0.0,5,17,,,,,,,,,,,,,
nih,all,local_order_statistic,250,0.95,600,0,0.0,5,17,,,,,,,,,,,,,
nih,all,local_order_statistic,500,0.8,600,600,1.0,14,28,0.9004589371980675,0.8115942028985508,0.9420289855072465,0.8427110305541171,0.7509062661833247,0.9347488348006214,6.868333333333333,4.0,13.0,303.725,126.0,481.0,0.056666666666666664
nih,all,local_order_statistic,500,0.9,600,0,0.0,14,28,,,,,,,,,,,,,
nih,all,local_order_statistic,500,0.95,600,0,0.0,14,28,,,,,,,,,,,,,
nih,all,local_order_statistic,750,0.8,600,600,1.0,23,38,0.8722705314009662,0.8115942028985508,0.9130434782608696,0.887929397548766,0.8389435525634387,0.9347488348006214,8.813333333333333,6.0,13.0,216.40833333333333,126.0,311.0,0.07333333333333333
nih,all,local_order_statistic,750,0.9,600,519,0.865,23,38,0.9362486386864372,0.9130434782608696,0.9855072463768116,0.7751970935621922,0.739513205592957,0.8234075608493009,4.398843930635838,1.0,6.0,434.09441233140655,341.0,503.0,0.019267822736030827
nih,all,local_order_statistic,750,0.95,600,0,0.0,23,38,,,,,,,,,,,,,
nih,all,local_order_statistic,1000,0.8,3,3,1.0,42,42,0.8647342995169082,0.8231884057971015,0.9043478260869565,0.89573623338512,0.8863801139306059,0.9075090626618332,9.333333333333334,6.6,12.2,201.33333333333334,178.6,219.4,0.0
nih,all,local_order_statistic,1000,0.9,3,3,1.0,42,42,0.9420289855072465,0.9159420289855073,0.9739130434782609,0.7604004833419644,0.7417918177110305,0.7828068358363542,4.0,1.8,5.8,462.6666666666667,419.4,498.6,0.0
nih,all,local_order_statistic,1000,0.95,3,0,0.0,42,42,,,,,,,,,,,,,
nih,all,source_empirical,0,0.8,3,3,1.0,1368,1368,0.8357487922705314,0.8028985507246377,0.8724637681159421,0.9361298118418783,0.9320559295701709,0.940341791817711,11.333333333333334,8.8,13.6,123.33333333333333,115.2,131.2,0.3333333333333333
nih,all,source_empirical,0,0.9,3,3,1.0,1368,1368,0.9178743961352658,0.9130434782608696,0.9246376811594204,0.8268600034524426,0.8126359399274987,0.8391506991196271,5.666666666666667,5.2,6.0,334.3333333333333,310.6,361.8,0.0
nih,all,source_empirical,0,0.95,3,3,1.0,1368,1368,0.9758454106280193,0.9710144927536232,0.9826086956521739,0.6984291386155705,0.6785085447954428,0.7228379078197825,1.6666666666666667,1.2,2.0,582.3333333333334,535.2,620.8,0.0
